"canopus_formulaRank"	"canopus_molecularFormula"	"canopus_adduct"	"canopus_precursorFormula"	"canopus_NPC#pathway"	"canopus_NPC#pathway Probability"	"canopus_NPC#superclass"	"canopus_NPC#superclass Probability"	"canopus_NPC#class"	"canopus_NPC#class Probability"	"canopus_ClassyFire#superclass"	"canopus_ClassyFire#superclass probability"	"canopus_ClassyFire#class"	"canopus_ClassyFire#class Probability"	"canopus_ClassyFire#subclass"	"canopus_ClassyFire#subclass Probability"	"canopus_ClassyFire#level 5"	"canopus_ClassyFire#level 5 Probability"	"canopus_ClassyFire#most specific class"	"canopus_ClassyFire#most specific class Probability"	"canopus_ClassyFire#all classifications"	"canopus_ionMass"	"canopus_retentionTimeInSeconds"	"canopus_retentionTimeInMinutes"	"canopus_formulaId"	"canopus_alignedFeatureId"	"canopus_compoundId"	"canopus_mappingFeatureId"	"canopus_overallFeatureQuality"	"feature_id"
2	"C41H72N8O11"	"[M + H3N + H]+"	"C41H76N9O11+"	"Amino acids and Peptides"	0.935	"Oligopeptides"	0.995	"Lipopeptides"	0.786	"Organic acids and derivatives"	0.994	"Carboxylic acids and derivatives"	0.986	"Amino acids, peptides, and analogues"	0.972	"Peptides"	0.664	"Peptides"	0.664	"Organic compounds; Organoheterocyclic compounds; Lipids and lipid-like molecules; Amino acids, peptides, and analogues; Alpha amino acids and derivatives; Alcohols and polyols; Organic acids and derivatives; Carboxylic acids and derivatives; Organonitrogen compounds; Organooxygen compounds; Fatty amides; Amino acids and derivatives; Peptides; Guanidines; Carboxylic acid amides; Carboxylic acid derivatives; N-acyl amines; Monocarboxylic acids and derivatives; N-acyl-alpha amino acids and derivatives; Carboxylic acids; Secondary alcohols; Secondary carboxylic acid amides; Carbonyl compounds; Alpha amino acid amides; Carboximidamides; Organic 1,3-dipolar compounds; Propargyl-type 1,3-dipolar organic compounds; Fatty Acyls; Organic oxides; Azacyclic compounds; Hydrocarbon derivatives; Organopnictogen compounds; Organic oxygen compounds; Organic nitrogen compounds; Chemical entities"	870.566	28	0.46	839408661203031168	839408476783673088	839408476783673088	24	NA	24
6	"C44H58N2O2"	"[M + H]+"	"C44H59N2O2+"	"Alkaloids"	0.245	"Flavonoids"	0.206	"Chalcones"	0.281	"Benzenoids"	0.995	"Benzene and substituted derivatives"	0.97	"Phenylpropanes"	0.969	NA	NA	"Phenylpropanes"	0.969	"Organic compounds; Organic acids and derivatives; Carboxylic acids and derivatives; Organonitrogen compounds; Benzoyl derivatives; Organooxygen compounds; Carboxylic acid derivatives; Carbonyl compounds; Benzene and substituted derivatives; Benzenoids; Phenylpropanes; Organic oxides; Hydrocarbon derivatives; Organopnictogen compounds; Organic oxygen compounds; Organic nitrogen compounds; Chemical entities"	647.459	28	0.466	839408606060514560	839408474850098944	839408474833321728	1	NA	1
2	"C36H73NO2"	"[M - H2O + H]+"	"C36H72NO+"	"Fatty acids"	1	"Spingolipids"	1	"Ceramides"	1	"Lipids and lipid-like molecules"	0.997	"Sphingolipids"	0.983	"Ceramides"	0.995	"Long-chain ceramides"	0.812	"Long-chain ceramides"	0.812	"Organic compounds; Lipids and lipid-like molecules; Alcohols and polyols; Sphingolipids; Organic acids and derivatives; Carboxylic acids and derivatives; Organonitrogen compounds; Primary alcohols; Organooxygen compounds; Fatty amides; Carboxylic acid amides; Carboxylic acid derivatives; N-acyl amines; Ceramides; Secondary alcohols; Secondary carboxylic acid amides; Long-chain ceramides; Carbonyl compounds; Fatty Acyls; Organic oxides; Hydrocarbon derivatives; Organopnictogen compounds; Organic oxygen compounds; Organic nitrogen compounds; Chemical entities"	534.561	29	0.477	839408599190244352	839408476678815488	839408476674621184	22	NA	22
3	"C42H64O7"	"[M + H3N + H]+"	"C42H68NO7+"	"Terpenoids"	0.981	"Triterpenoids"	0.932	"Ursane and Taraxastane triterpenoids"	0.316	"Lipids and lipid-like molecules"	0.96	"Prenol lipids"	0.859	"Triterpenoids"	0.743	NA	NA	"Triterpenoids"	0.743	"Organic compounds; Lipids and lipid-like molecules; Alcohols and polyols; Steroids and steroid derivatives; Prenol lipids; Organic acids and derivatives; Carboxylic acids and derivatives; Organooxygen compounds; Carboxylic acid derivatives; Carboxylic acid esters; Cyclic alcohols and derivatives; Triterpenoids; Secondary alcohols; Carbonyl compounds; Organic oxides; Hydrocarbon derivatives; Organic oxygen compounds; Chemical entities"	698.5	29	0.484	839408602075925504	839408477471539072	839408477471539072	36	NA	36
3	"C34H67NO"	"[M + H]+"	"C34H68NO+"	"Fatty acids"	1	"Fatty amides"	0.995	"N-acyl amines"	0.713	"Lipids and lipid-like molecules"	0.985	"Fatty Acyls"	0.979	"Fatty amides"	0.981	"N-acyl amines"	0.928	"N-acyl amines"	0.928	"Organic compounds; Lipids and lipid-like molecules; Organic acids and derivatives; Carboxylic acids and derivatives; Organonitrogen compounds; Organooxygen compounds; Fatty amides; Carboxylic acid amides; Carboxylic acid derivatives; N-acyl amines; Secondary carboxylic acid amides; Carbonyl compounds; Fatty Acyls; Organic oxides; Hydrocarbon derivatives; Organopnictogen compounds; Organic oxygen compounds; Organic nitrogen compounds; Chemical entities"	506.53	29	0.485	839408599618063360	839408477370875776	839408477370875776	34	NA	34
2	"C55H72N4O6"	"[M + H]+"	"C55H73N4O6+"	"Alkaloids"	0.98	"Tryptophan alkaloids"	0.062	"Pyrrole alkaloids"	0.016	"Organoheterocyclic compounds"	0.999	"Tetrapyrroles and derivatives"	0.999	NA	NA	NA	NA	"Tetrapyrroles and derivatives"	0.999	"Organic compounds; Organoheterocyclic compounds; Lipids and lipid-like molecules; Pyrroles; Organic acids and derivatives; Carboxylic acids and derivatives; Organonitrogen compounds; Organooxygen compounds; Fatty acid esters; Dicarboxylic acids and derivatives; Carboxylic acid derivatives; Carboxylic acids; Carboxylic acid esters; Tetrapyrroles and derivatives; Carbonyl compounds; Substituted pyrroles; Methyl esters; Fatty Acyls; Organic oxides; Azacyclic compounds; Heteroaromatic compounds; Hydrocarbon derivatives; Organopnictogen compounds; Organic oxygen compounds; Organic nitrogen compounds; Chemical entities"	885.552	29	0.485	839408650012627712	839408477580590976	839408477580590976	38	NA	38
1	"C40H60O7"	"[M + H3N + H]+"	"C40H64NO7+"	"Terpenoids"	0.99	"Triterpenoids"	0.932	"Ursane and Taraxastane triterpenoids"	0.287	"Lipids and lipid-like molecules"	0.984	"Prenol lipids"	0.87	"Triterpenoids"	0.737	NA	NA	"Triterpenoids"	0.737	"Organic compounds; Lipids and lipid-like molecules; Alcohols and polyols; Steroids and steroid derivatives; Prenol lipids; Organic acids and derivatives; Carboxylic acids and derivatives; Organooxygen compounds; Dicarboxylic acids and derivatives; Carboxylic acid derivatives; Carboxylic acid esters; Cyclic alcohols and derivatives; Hydroxysteroids; Triterpenoids; Secondary alcohols; Carbonyl compounds; Organic oxides; Hydrocarbon derivatives; Organic oxygen compounds; Chemical entities"	670.468	29	0.486	839408604500233344	839408476733341440	839408476733341440	23	NA	23
1	"C34H62O"	"[M + H3N + H]+"	"C34H66NO+"	"Terpenoids"	0.849	"Steroids"	0.17	"Prenyl quinone meroterpenoids"	0.29	"Lipids and lipid-like molecules"	0.875	"Prenol lipids"	0.661	NA	NA	NA	NA	"Prenol lipids"	0.661	"Organic compounds; Lipids and lipid-like molecules; Ethers; Prenol lipids; Organooxygen compounds; Dialkyl ethers; Hydrocarbon derivatives; Organic oxygen compounds; Chemical entities"	504.514	29	0.487	839409213630626304	839408477635116928	839408477635116928	39	NA	39
3	"C32H62O"	"[M + H3N + H]+"	"C32H66NO+"	"Terpenoids"	0.844	"Steroids"	0.366	"Cholestane steroids"	0.254	"Lipids and lipid-like molecules"	0.907	"Prenol lipids"	0.506	NA	NA	NA	NA	"Prenol lipids"	0.506	"Organic compounds; Lipids and lipid-like molecules; Prenol lipids; Organooxygen compounds; Carbonyl compounds; Organic oxides; Hydrocarbon derivatives; Organic oxygen compounds; Chemical entities"	480.515	29	0.488	839408987779936896	839408477312155520	839408477312155520	33	NA	33
5	"C12H15FN4O3S"	"[M - H2O + H]+"	"C12H14FN4O2S+"	"Alkaloids"	0.561	"Histidine alkaloids"	0.022	"Imidazole alkaloids"	0.022	"Benzenoids"	0.929	"Benzene and substituted derivatives"	0.951	"Halobenzenes"	0.847	"Fluorobenzenes"	0.874	"Fluorobenzenes"	0.874	"Organic compounds; Organoheterocyclic compounds; Organosulfur compounds; Halobenzenes; Pyrimidines and pyrimidine derivatives; Organic acids and derivatives; Organohalogen compounds; Organosulfonic acids and derivatives; Organonitrogen compounds; Organooxygen compounds; Aryl fluorides; Fluorobenzenes; Sulfonyls; Diazines; Organofluorides; Benzene and substituted derivatives; Benzenoids; Aryl halides; Aminosulfonyl compounds; Organic oxides; Azacyclic compounds; Heteroaromatic compounds; Hydrocarbon derivatives; Organic sulfonic acids and derivatives; Organopnictogen compounds; Organic oxygen compounds; Organic nitrogen compounds; Chemical entities"	297.082	29	0.488	839408606568025472	839408477828054912	839408477828054912	43	NA	43
2	"C28H57NO"	"[M + H]+"	"C28H58NO+"	"Fatty acids"	0.996	"Fatty amides"	0.994	"N-acyl amines"	0.539	"Lipids and lipid-like molecules"	0.941	"Fatty Acyls"	0.94	"Fatty amides"	0.931	"N-acyl amines"	0.815	"N-acyl amines"	0.815	"Organic compounds; Lipids and lipid-like molecules; Organic acids and derivatives; Carboxylic acids and derivatives; Organonitrogen compounds; Organooxygen compounds; Fatty amides; Carboxylic acid amides; Carboxylic acid derivatives; N-acyl amines; Secondary carboxylic acid amides; Carbonyl compounds; Amines; Fatty Acyls; Organic oxides; Hydrocarbon derivatives; Organopnictogen compounds; Organic oxygen compounds; Organic nitrogen compounds; Chemical entities"	424.451	29	0.489	839408602608602240	839408478104878976	839408478104878976	49	NA	49
1	"C32H60O"	"[M + H3N + H]+"	"C32H64NO+"	"Terpenoids"	0.972	"Meroterpenoids"	0.256	"Prenyl quinone meroterpenoids"	0.647	"Lipids and lipid-like molecules"	0.893	"Prenol lipids"	0.688	"Diterpenoids"	0.541	NA	NA	"Diterpenoids"	0.541	"Organic compounds; Lipids and lipid-like molecules; Prenol lipids; Organooxygen compounds; Carboxylic acid esters; Diterpenoids; Carbonyl compounds; Organic oxides; Hydrocarbon derivatives; Organic oxygen compounds; Chemical entities"	478.498	29	0.489	839409197222508800	839408477966466944	839408477962272640	46	NA	46
1	"C18H26N4O11S"	"[M - H2O + H]+"	"C18H25N4O10S+"	"Carbohydrates"	0.749	"Nucleosides"	0.486	"Pyrimidine nucleosides"	0.547	"Organic acids and derivatives"	0.992	"Carboxylic acids and derivatives"	0.9	"Amino acids, peptides, and analogues"	0.765	"Amino acids and derivatives"	0.763	"Alpha amino acids and derivatives"	0.69	"Organic compounds; Organoheterocyclic compounds; Organosulfur compounds; Amino acids, peptides, and analogues; Alpha amino acids and derivatives; Pyrimidines and pyrimidine derivatives; Alcohols and polyols; Lactams; Beta lactams; Organic acids and derivatives; Carboxylic acids and derivatives; Organonitrogen compounds; Organooxygen compounds; Amino acids and derivatives; Organic carbonic acids and derivatives; Organic sulfuric acids and derivatives; Carboxylic acid amides; Carboxylic acid derivatives; Carboxylic acids; Diazines; Secondary alcohols; Carbonyl compounds; Hydropyrimidines; Amines; Sulfenyl compounds; Organic oxides; Azacyclic compounds; Oxacyclic compounds; Hydrocarbon derivatives; Amino acids; Organopnictogen compounds; Organic oxygen compounds; Organic nitrogen compounds; Chemical entities"	489.129	29	0.489	839409444195712640	839408477916135296	839408477916135296	45	NA	45
6	"C12H15ClN2O3Si"	"[M - H2O + H]+"	"C12H14ClN2O2Si+"	"Alkaloids"	0.747	"Tryptophan alkaloids"	0.319	"Benzodiazepine alkaloids"	0.177	"Benzenoids"	0.803	"Benzene and substituted derivatives"	0.555	"Halobenzenes"	0.483	"Chlorobenzenes"	0.54	"Chlorobenzenes"	0.54	"Organic compounds; Organoheterocyclic compounds; Organic acids and derivatives; Carboxylic acids and derivatives; Organohalogen compounds; Organonitrogen compounds; Organooxygen compounds; Aryl chlorides; Chlorobenzenes; Organochlorides; Benzene and substituted derivatives; Benzenoids; Aryl halides; Organic oxides; Azacyclic compounds; Hydrocarbon derivatives; Organopnictogen compounds; Organic oxygen compounds; Organic nitrogen compounds; Chemical entities"	281.051	29	0.489	839408609780862336	839408477781917568	839408477781917568	42	NA	42
1	"C34H60O"	"[M + H3N + H]+"	"C34H64NO+"	"Terpenoids"	0.882	"Steroids"	0.102	"Prenyl quinone meroterpenoids"	0.42	"Lipids and lipid-like molecules"	0.961	"Prenol lipids"	0.801	NA	NA	NA	NA	"Prenol lipids"	0.801	"Organic compounds; Lipids and lipid-like molecules; Alcohols and polyols; Prenol lipids; Primary alcohols; Organooxygen compounds; Fatty Acyls; Hydrocarbon derivatives; Organic oxygen compounds; Chemical entities"	502.498	29	0.49	839408906091671680	839408478058741632	839408478058741632	48	NA	48
8	"C11H8ClNO"	"[M + H3N + H]+"	"C11H12ClN2O+"	"Alkaloids"	0.853	"Tryptophan alkaloids"	0.433	"Simple oxindole alkaloids"	0.103	"Benzenoids"	0.992	"Benzene and substituted derivatives"	0.858	"Halobenzenes"	0.667	"Chlorobenzenes"	0.639	"Chlorobenzenes"	0.639	"Organic compounds; Halobenzenes; Organohalogen compounds; Organonitrogen compounds; Organooxygen compounds; Carboxylic acid amides; Aryl chlorides; Chlorobenzenes; Organochlorides; Carbonyl compounds; Benzene and substituted derivatives; Benzenoids; Aryl halides; Organic oxides; Hydrocarbon derivatives; Organopnictogen compounds; Organic oxygen compounds; Organic nitrogen compounds; Chemical entities"	223.064	29	0.49	839408652323689472	839408477739974528	839408477735780224	41	NA	41
2	"C12H36O6Si6"	"[M + H]+"	"C12H37O6Si6+"	"Fatty acids"	0.344	"Monoterpenoids"	0.1	"Halogenated fatty acids"	0.063	"Organometallic compounds"	0.831	"Organometalloid compounds"	0.831	"Organoarsenic compounds"	0.177	"Oxygen-containing organoarsenic compounds"	0.211	"Alkylarsine oxides"	0.509	"Organic compounds; Organometallic compounds; Organometalloid compounds; Organic salts; Organic oxides; Organic metalloid salts; Organic metal salts; Hydrocarbon derivatives; Organic oxygen compounds; Alkylarsine oxides; Chemical entities"	445.12	29	0.491	839408642647429632	839408478012604288	839408478008409984	47	NA	47
2	"C29H48O15"	"[M + H]+"	"C29H49O15+"	"Terpenoids"	0.624	"Monoterpenoids"	0.836	"Secoiridoid monoterpenoids"	0.854	"Organic oxygen compounds"	1	"Organooxygen compounds"	1	"Carbohydrates and carbohydrate conjugates"	0.981	"Glycosyl compounds"	0.771	"O-glycosyl compounds"	0.825	"Organic compounds; Organoheterocyclic compounds; Carbohydrates and carbohydrate conjugates; Lipids and lipid-like molecules; Alcohols and polyols; Ethers; Organic acids and derivatives; Carboxylic acids and derivatives; Primary alcohols; Organooxygen compounds; Fatty acid esters; Carboxylic acid derivatives; Carboxylic acid esters; Acetals; Secondary alcohols; Carbonyl compounds; Oxanes; Glycosyl compounds; O-glycosyl compounds; Polyols; Enoate esters; Alpha,beta-unsaturated carboxylic esters; Fatty Acyls; Organic oxides; Oxacyclic compounds; Hydrocarbon derivatives; Organic oxygen compounds; Chemical entities"	637.304	29	0.491	839408675040040704	839408478151016320	839408478151016320	50	NA	50
3	"C30H58O"	"[M + H3N + H]+"	"C30H62NO+"	"Fatty acids"	0.971	"Fatty esters"	0.788	"Wax monoesters"	0.588	"Lipids and lipid-like molecules"	0.827	"Fatty Acyls"	0.813	NA	NA	NA	NA	"Fatty Acyls"	0.813	"Organic compounds; Lipids and lipid-like molecules; Organooxygen compounds; Carbonyl compounds; Fatty Acyls; Organic oxides; Hydrocarbon derivatives; Organic oxygen compounds; Chemical entities"	452.483	29	0.491	839408733504446976	839408477530259328	839408477530259328	37	NA	37
1	"C24H46O"	"[M + H3N + H]+"	"C24H50NO+"	"Fatty acids"	0.951	"Fatty acyls"	0.869	"Fatty alcohols"	0.531	"Lipids and lipid-like molecules"	0.688	"Fatty Acyls"	0.586	NA	NA	NA	NA	"Fatty Acyls"	0.586	"Organic compounds; Lipids and lipid-like molecules; Organooxygen compounds; Fatty Acyls; Hydrocarbon derivatives; Organic oxygen compounds; Chemical entities"	368.389	30	0.494	839409243619900160	839408478293622656	839408478293622656	53	NA	53
1	"C29H48O15"	"[M + H3N + H]+"	"C29H52NO15+"	"Terpenoids"	0.892	"Monoterpenoids"	0.949	"Secoiridoid monoterpenoids"	0.946	"Organic oxygen compounds"	1	"Organooxygen compounds"	1	"Carbohydrates and carbohydrate conjugates"	0.988	"Glycosyl compounds"	0.869	"O-glycosyl compounds"	0.892	"Organic compounds; Organoheterocyclic compounds; Carbohydrates and carbohydrate conjugates; Lipids and lipid-like molecules; Alcohols and polyols; Ethers; Prenol lipids; Organic acids and derivatives; Carboxylic acids and derivatives; Primary alcohols; Organooxygen compounds; Fatty acid esters; Carboxylic acid derivatives; Carboxylic acid esters; Monosaccharides; Monoterpenoids; Iridoids and derivatives; Acetals; Secondary alcohols; Carbonyl compounds; Oxanes; Glycosyl compounds; O-glycosyl compounds; Polyols; Methyl esters; Enoate esters; Alpha,beta-unsaturated carboxylic esters; Fatty Acyls; Organic oxides; Oxacyclic compounds; Hydrocarbon derivatives; Organic oxygen compounds; Chemical entities"	654.332	30	0.495	839409358568996096	839408478197153664	839408478197153664	51	NA	51
1	"C33H38O6"	"[M + H]+"	"C33H39O6+"	"Shikimates and Phenylpropanoids"	0.72	"Lignans"	0.278	"Neolignans"	0.267	"Organic oxygen compounds"	0.999	"Organooxygen compounds"	0.999	"Ethers"	0.786	"Alkyl aryl ethers"	0.534	"Alkyl aryl ethers"	0.534	"Organic compounds; Organoheterocyclic compounds; Alkyl aryl ethers; Ethers; Organooxygen compounds; Benzene and substituted derivatives; Benzenoids; Oxacyclic compounds; Hydrocarbon derivatives; Organic oxygen compounds; Chemical entities"	531.274	30	0.497	839408625886990208	839408476938862336	839408476938862336	27	NA	27
5	"C20H27NO3Si2"	"[M + H]+"	"C20H28NO3Si2+"	"Alkaloids"	0.371	"Linear polyketides"	0.289	"Simple indole alkaloids"	0.216	"Benzenoids"	0.883	NA	NA	NA	NA	NA	NA	"Benzenoids"	0.883	"Organic compounds; Organoheterocyclic compounds; Ethers; Organic acids and derivatives; Carboxylic acids and derivatives; Organohalogen compounds; Organonitrogen compounds; Organooxygen compounds; Acetals; Carbonyl compounds; Benzenoids; Organic oxides; Oxacyclic compounds; Hydrocarbon derivatives; Organopnictogen compounds; Organic oxygen compounds; Organic nitrogen compounds; Chemical entities"	386.161	30	0.5	839409096198501632	839408478348148608	839408478348148608	54	NA	54
2	"C25H22N2O5S"	"[M + H3N + H]+"	"C25H26N3O5S+"	"Amino acids and Peptides"	0.41	"Flavonoids"	0.075	"Chalcones"	0.027	"Benzenoids"	0.999	"Benzene and substituted derivatives"	0.985	"Benzenesulfonyl compounds"	0.595	NA	NA	"Benzenesulfonyl compounds"	0.595	"Organic compounds; Organoheterocyclic compounds; Organosulfur compounds; Alkyl aryl ethers; Anisoles; Ethers; Organic acids and derivatives; Carboxylic acids and derivatives; Organosulfonic acids and derivatives; Organonitrogen compounds; Organooxygen compounds; Carboxylic acid amides; Carboxylic acid derivatives; Sulfonyls; Secondary carboxylic acid amides; Carbonyl compounds; Benzene and substituted derivatives; Phenol ethers; Benzenoids; Organic oxides; Methoxybenzenes; Azacyclic compounds; Hydrocarbon derivatives; Benzenesulfonyl compounds; Organic sulfonic acids and derivatives; Organopnictogen compounds; Organic oxygen compounds; Organic nitrogen compounds; Phenoxy compounds; Chemical entities"	480.157	30	0.5	839409362650053888	839408478394285952	839408478394285952	55	NA	55
2	"C55H74N4O5"	"[M + H]+"	"C55H75N4O5+"	"Alkaloids"	0.981	"Tryptophan alkaloids"	0.16	"Pyrrole alkaloids"	0.012	"Organoheterocyclic compounds"	0.999	"Tetrapyrroles and derivatives"	0.998	"Chlorins"	0.518	NA	NA	"Chlorins"	0.518	"Organic compounds; Organoheterocyclic compounds; Lipids and lipid-like molecules; Pyrroles; Organic acids and derivatives; Carboxylic acids and derivatives; Organonitrogen compounds; Organooxygen compounds; Fatty acid esters; Dicarboxylic acids and derivatives; Chlorins; Carboxylic acid derivatives; Carboxylic acid esters; Tetrapyrroles and derivatives; Carbonyl compounds; Substituted pyrroles; Methyl esters; Fatty Acyls; Organic oxides; Azacyclic compounds; Heteroaromatic compounds; Hydrocarbon derivatives; Organic oxygen compounds; Organic nitrogen compounds; Chemical entities"	871.573	30	0.5	839409194311661824	839408478444617600	839408478444617600	56	NA	56
1	"C24H37ClO"	"[M + H3N + H]+"	"C24H41ClNO+"	"Fatty acids"	0.715	"Fatty acyls"	0.228	"Halogenated fatty acids"	0.408	"Lipids and lipid-like molecules"	0.792	NA	NA	NA	NA	NA	NA	"Lipids and lipid-like molecules"	0.792	"Organic compounds; Lipids and lipid-like molecules; Organohalogen compounds; Organooxygen compounds; Organochlorides; Carbonyl compounds; Alkyl halides; Organic oxides; Hydrocarbon derivatives; Organic oxygen compounds; Chemical entities"	394.287	31	0.519	839408610632306176	839408480042647552	839408480042647552	89	NA	89
1	"C11H15ClFNO3"	"[M + H3N + H]+"	"C11H19ClFN2O3+"	"Fatty acids"	0.364	"Fatty Acids and Conjugates"	0.262	"Halogenated fatty acids"	0.61	"Lipids and lipid-like molecules"	0.583	NA	NA	NA	NA	NA	NA	"Lipids and lipid-like molecules"	0.583	"Organic compounds; Lipids and lipid-like molecules; Organic acids and derivatives; Carboxylic acids and derivatives; Organohalogen compounds; Organonitrogen compounds; Organooxygen compounds; Carboxylic acid amides; Alkyl chlorides; Alkyl fluorides; Carboxylic acid derivatives; Monocarboxylic acids and derivatives; Carboxylic acids; Organochlorides; Organofluorides; Secondary carboxylic acid amides; Carbonyl compounds; Alkyl halides; Organic oxides; Hydrocarbon derivatives; Organopnictogen compounds; Organic oxygen compounds; Organic nitrogen compounds; Chemical entities"	281.106	31	0.52	839408648167133824	839408479413501952	839408479413501952	76	NA	76
1	"C25H44O6"	"[M + H3N + H]+"	"C25H48NO6+"	"Terpenoids"	0.696	"Sesquiterpenoids"	0.377	"Dibenzylbutane lignans"	0.195	"Organic oxygen compounds"	1	"Organooxygen compounds"	1	"Ethers"	0.887	"Dialkyl ethers"	0.879	"Polyethylene glycols"	0.685	"Organic compounds; Lipids and lipid-like molecules; Alcohols and polyols; Ethers; Organic acids and derivatives; Carboxylic acids and derivatives; Primary alcohols; Organooxygen compounds; Fatty acid esters; Carboxylic acid derivatives; Dialkyl ethers; Carboxylic acid esters; Carbonyl compounds; Benzenoids; Polyethylene glycols; Fatty Acyls; Organic oxides; Hydrocarbon derivatives; Organic oxygen compounds; Chemical entities"	458.348	31	0.52	839409007111484288	839408478713053056	839408478713053056	62	NA	62
1	"C20H36O"	"[M + H3N + H]+"	"C20H40NO+"	"Fatty acids"	0.993	"Fatty acyls"	0.929	"Fatty alcohols"	0.453	"Lipids and lipid-like molecules"	0.763	"Fatty Acyls"	0.715	NA	NA	NA	NA	"Fatty Acyls"	0.715	"Organic compounds; Lipids and lipid-like molecules; Organooxygen compounds; Carbonyl compounds; Fatty Acyls; Organic oxides; Hydrocarbon derivatives; Organic oxygen compounds; Chemical entities"	310.31	31	0.52	839409195129551104	839408478490754944	839408478490754944	57	NA	57
1	"C18H34O"	"[M + H3N + H]+"	"C18H38NO+"	"Fatty acids"	0.992	"Fatty acyls"	0.984	"Fatty alcohols"	0.967	"Lipids and lipid-like molecules"	0.819	"Fatty Acyls"	0.773	"Fatty alcohols"	0.788	"Long-chain fatty alcohols"	0.822	"Long-chain fatty alcohols"	0.822	"Organic compounds; Lipids and lipid-like molecules; Alcohols and polyols; Primary alcohols; Organooxygen compounds; Fatty alcohols; Long-chain fatty alcohols; Fatty Acyls; Hydrocarbon derivatives; Organic oxygen compounds; Chemical entities"	284.294	31	0.521	839408991424787072	839408478578835328	839408478578835328	59	NA	59
1	"C19H34O"	"[M + H3N + H]+"	"C19H38NO+"	"Fatty acids"	0.999	"Fatty acyls"	0.968	"Fatty alcohols"	0.565	"Lipids and lipid-like molecules"	0.793	"Fatty Acyls"	0.762	NA	NA	NA	NA	"Fatty Acyls"	0.762	"Organic compounds; Lipids and lipid-like molecules; Ketones; Organooxygen compounds; Carbonyl compounds; Fatty Acyls; Organic oxides; Hydrocarbon derivatives; Organic oxygen compounds; Chemical entities"	296.294	31	0.522	839409105170118016	839408478624972672	839408478620778368	60	NA	60
1	"C28H44N4O3"	"[M + H3N + H]+"	"C28H48N5O3+"	"Amino acids and Peptides"	0.205	"Pseudoalkaloids (transamidation)"	0.182	"Pyrimidine nucleosides"	0.035	"Lipids and lipid-like molecules"	0.701	"Fatty Acyls"	0.527	"Fatty amides"	0.548	NA	NA	"Fatty amides"	0.548	"Organic compounds; Organoheterocyclic compounds; Lipids and lipid-like molecules; Organic acids and derivatives; Carboxylic acids and derivatives; Organonitrogen compounds; Organooxygen compounds; Fatty amides; Carboxylic acid amides; Carboxylic acid derivatives; Secondary carboxylic acid amides; Carbonyl compounds; Amines; Fatty Acyls; Organic oxides; Azacyclic compounds; Heteroaromatic compounds; Hydrocarbon derivatives; Organopnictogen compounds; Organic oxygen compounds; Organic nitrogen compounds; Chemical entities"	502.374	31	0.523	839408622346997504	839408478763384704	839408478759190400	63	NA	63
1	"C23H40O5"	"[M + H3N + H]+"	"C23H44NO5+"	"Terpenoids"	0.679	"Sesquiterpenoids"	0.29	"Drimane sesquiterpenoids"	0.102	"Lipids and lipid-like molecules"	0.804	"Fatty Acyls"	0.602	NA	NA	NA	NA	"Fatty Acyls"	0.602	"Organic compounds; Lipids and lipid-like molecules; Alcohols and polyols; Ethers; Organic acids and derivatives; Carboxylic acids and derivatives; Primary alcohols; Organooxygen compounds; Carboxylic acid derivatives; Dialkyl ethers; Carboxylic acid esters; Carbonyl compounds; Fatty Acyls; Organic oxides; Hydrocarbon derivatives; Organic oxygen compounds; Chemical entities"	414.321	31	0.523	839408693209766272	839408478666915712	839408478666915712	61	NA	61
3	"C18H28N4O5"	"[M + H3N + H]+"	"C18H32N5O5+"	"Alkaloids"	0.906	"Anthranilic acid alkaloids"	0.067	"Benzodiazepine alkaloids"	0.025	"Benzenoids"	0.986	"Phenol ethers"	0.95	"Anisoles"	0.942	NA	NA	"Anisoles"	0.942	"Organic compounds; Organoheterocyclic compounds; Alkyl aryl ethers; Anisoles; Ethers; Organic acids and derivatives; Carboxylic acids and derivatives; Organonitrogen compounds; Benzoyl derivatives; Organooxygen compounds; Azoles; Carboxylic acid amides; Carboxylic acid derivatives; Benzene and substituted derivatives; Phenol ethers; Benzenoids; Amines; Organic oxides; Methoxybenzenes; Azacyclic compounds; Heteroaromatic compounds; Hydrocarbon derivatives; Organopnictogen compounds; Organic oxygen compounds; Organic nitrogen compounds; Phenoxy compounds; Chemical entities"	398.241	31	0.524	839408610410007936	839408478826299392	839408478822105088	64	NA	64
2	"C42H69N7O6"	"[M + H]+"	"C42H70N7O6+"	"Amino acids and Peptides"	0.968	"Oligopeptides"	0.951	"Cyclic peptides"	0.293	"Organic acids and derivatives"	0.999	"Carboxylic acids and derivatives"	0.998	"Amino acids, peptides, and analogues"	0.99	"Peptides"	0.589	"Peptides"	0.589	"Organic compounds; Organoheterocyclic compounds; Lipids and lipid-like molecules; Amino acids, peptides, and analogues; Alpha amino acids and derivatives; Organic acids and derivatives; Carboxylic acids and derivatives; Organonitrogen compounds; Organooxygen compounds; Fatty amides; Amino acids and derivatives; Peptides; Carboxylic acid amides; Carboxylic acid derivatives; N-acyl amines; N-acyl-alpha amino acids and derivatives; Secondary carboxylic acid amides; Tertiary carboxylic acid amides; Carbonyl compounds; Benzene and substituted derivatives; Alpha amino acid amides; Benzenoids; Fatty Acyls; Organic oxides; Azacyclic compounds; Heteroaromatic compounds; Hydrocarbon derivatives; Valine and derivatives; Organopnictogen compounds; Organic oxygen compounds; Organic nitrogen compounds; Chemical entities"	768.537	31	0.524	839409121716647552	839408478872436736	839408478872436736	65	NA	65
1	"C36H67NO2"	"[M + H3N + H]+"	"C36H71N2O2+"	"Fatty acids"	1	"Fatty amides"	0.989	"Primary amides"	0.713	"Lipids and lipid-like molecules"	0.924	"Fatty Acyls"	0.912	"Fatty amides"	0.859	"N-acyl amines"	0.632	"N-acyl amines"	0.632	"Organic compounds; Lipids and lipid-like molecules; Organic acids and derivatives; Carboxylic acids and derivatives; Organonitrogen compounds; Organooxygen compounds; Fatty amides; Carboxylic acid amides; Carboxylic acid derivatives; N-acyl amines; Secondary carboxylic acid amides; Carbonyl compounds; Fatty Acyls; Organic oxides; Hydrocarbon derivatives; Organopnictogen compounds; Organic oxygen compounds; Organic nitrogen compounds; Chemical entities"	563.551	31	0.524	839409188754208896	839408478926962688	839408478926962688	66	NA	66
1	"C21H33N3O3"	"[M + H]+"	"C21H34N3O3+"	"Alkaloids"	0.315	"Anthranilic acid alkaloids"	0.101	"N-acyl amines"	0.098	"Organic acids and derivatives"	0.982	"Carboxylic acids and derivatives"	0.969	"Amino acids, peptides, and analogues"	0.572	"Amino acids and derivatives"	0.569	"Amino acids and derivatives"	0.569	"Organic compounds; Lipids and lipid-like molecules; Amino acids, peptides, and analogues; Organic acids and derivatives; Carboxylic acids and derivatives; Organonitrogen compounds; Organooxygen compounds; Fatty amides; Amino acids and derivatives; Carboxylic acid amides; Carboxylic acid derivatives; Secondary carboxylic acid amides; Carbonyl compounds; Benzene and substituted derivatives; Benzenoids; Amines; N-arylamides; Fatty Acyls; Organic oxides; Azacyclic compounds; Hydrocarbon derivatives; Organopnictogen compounds; Organic oxygen compounds; Organic nitrogen compounds; Chemical entities"	376.259	31	0.525	839408835342150912	839408479048597504	839408479048597504	68	NA	68
1	"C21H33N3O3"	"[M + H3N + H]+"	"C21H37N4O3+"	"Alkaloids"	0.379	"Fatty amides"	0.127	"N-acyl amines"	0.113	"Benzenoids"	0.872	"Benzene and substituted derivatives"	0.553	NA	NA	NA	NA	"Benzene and substituted derivatives"	0.553	"Organic compounds; Organoheterocyclic compounds; Lipids and lipid-like molecules; Organic acids and derivatives; Carboxylic acids and derivatives; Organonitrogen compounds; Organooxygen compounds; Fatty amides; Carboxylic acid amides; Carboxylic acid derivatives; Secondary carboxylic acid amides; Carbonyl compounds; Benzene and substituted derivatives; Benzenoids; Amines; Fatty Acyls; Organic oxides; Azacyclic compounds; Heteroaromatic compounds; Hydrocarbon derivatives; Organopnictogen compounds; Organic oxygen compounds; Organic nitrogen compounds; Chemical entities"	393.286	32	0.526	839409129392224000	839408479098929152	839408479094734848	69	NA	69
3	"C37H68N8O9"	"[M - H2O + H]+"	"C37H67N8O8+"	"Amino acids and Peptides"	0.975	"Oligopeptides"	0.994	"Linear peptides"	0.392	"Organic acids and derivatives"	0.999	"Carboxylic acids and derivatives"	0.996	"Amino acids, peptides, and analogues"	0.988	"Peptides"	0.658	"Peptides"	0.658	"Organic compounds; Organoheterocyclic compounds; Lipids and lipid-like molecules; Amino acids, peptides, and analogues; Alpha amino acids and derivatives; Alcohols and polyols; Organic acids and derivatives; Carboxylic acids and derivatives; Organonitrogen compounds; Organooxygen compounds; Fatty amides; Amino acids and derivatives; Peptides; Carboxylic acid amides; Carboxylic acid derivatives; N-acyl amines; N-acyl-alpha amino acids and derivatives; Secondary alcohols; Secondary carboxylic acid amides; Tertiary carboxylic acid amides; Carbonyl compounds; Benzene and substituted derivatives; Alpha amino acid amides; Benzenoids; Fatty Acyls; Organic oxides; Azacyclic compounds; Hydrocarbon derivatives; Organopnictogen compounds; Organic oxygen compounds; Organic nitrogen compounds; Chemical entities"	751.51	32	0.526	839409137617254272	839408479233146880	839408479233146880	72	NA	72
4	"C36H68N2O2"	"[M + H]+"	"C36H69N2O2+"	"Fatty acids"	1	"Fatty amides"	0.998	"Primary amides"	0.771	"Lipids and lipid-like molecules"	0.973	"Fatty Acyls"	0.962	"Fatty amides"	0.958	"N-acyl amines"	0.766	"N-acyl amines"	0.766	"Organic compounds; Lipids and lipid-like molecules; Organic acids and derivatives; Carboxylic acids and derivatives; Organonitrogen compounds; Organooxygen compounds; Fatty amides; Carboxylic acid amides; Carboxylic acid derivatives; N-acyl amines; Secondary carboxylic acid amides; Carbonyl compounds; Fatty Acyls; Organic oxides; Hydrocarbon derivatives; Organopnictogen compounds; Organic oxygen compounds; Organic nitrogen compounds; Chemical entities"	561.535	32	0.528	839409042981172224	839408479283478528	839408479279284224	73	NA	73
1	"C18H32O"	"[M + H]+"	"C18H33O+"	"Fatty acids"	0.997	"Fatty acyls"	0.99	"Fatty alcohols"	0.721	"Lipids and lipid-like molecules"	0.565	"Fatty Acyls"	0.574	NA	NA	NA	NA	"Fatty Acyls"	0.574	"Organic compounds; Lipids and lipid-like molecules; Ketones; Organooxygen compounds; Carbonyl compounds; Fatty Acyls; Organic oxides; Hydrocarbon derivatives; Organic oxygen compounds; Chemical entities"	265.253	32	0.528	839409249626143616	839408479329615872	839408479329615872	74	NA	74
1	"C23H42N4O4"	"[M - H2O + H]+"	"C23H41N4O3+"	"Amino acids and Peptides"	0.786	"Fatty amides"	0.19	"N-acyl amines"	0.125	"Organic acids and derivatives"	0.994	"Carboxylic acids and derivatives"	0.989	"Amino acids, peptides, and analogues"	0.911	"Amino acids and derivatives"	0.905	"Amino acids and derivatives"	0.905	"Organic compounds; Lipids and lipid-like molecules; Amino acids, peptides, and analogues; Organic acids and derivatives; Carboxylic acids and derivatives; Organonitrogen compounds; Organooxygen compounds; Fatty amides; Amino acids and derivatives; Hydroxamic acids; Carboxylic acid amides; Carboxylic acid derivatives; N-acyl amines; Secondary carboxylic acid amides; Carbonyl compounds; Benzene and substituted derivatives; Benzenoids; Amines; Tertiary amines; Fatty Acyls; Organic oxides; Hydrocarbon derivatives; Organopnictogen compounds; Organic oxygen compounds; Organic nitrogen compounds; Chemical entities"	421.317	32	0.529	839409206559029760	839408479371558912	839408479371558912	75	NA	75
2	"C23H38N4O3"	"[M + H]+"	"C23H39N4O3+"	"Alkaloids"	0.955	"Tryptophan alkaloids"	0.973	"Ergot alkaloids"	0.969	"Alkaloids and derivatives"	0.62	"Ergoline and derivatives"	0.948	"Lysergic acids and derivatives"	0.927	NA	NA	"Lysergic acids and derivatives"	0.927	"Organic compounds; Organoheterocyclic compounds; Amino acids, peptides, and analogues; Indoloquinolines; Pyrroles; Piperidines; Indoles and derivatives; Organic acids and derivatives; Carboxylic acids and derivatives; Organonitrogen compounds; Alkaloids and derivatives; Organooxygen compounds; Amino acids and derivatives; Carboxylic acid amides; Carboxylic acid derivatives; Quinolines and derivatives; Secondary carboxylic acid amides; Tertiary carboxylic acid amides; Pyrroloquinolines; Isoindoles and derivatives; Carbonyl compounds; Benzoquinolines; Piperidinecarboxylic acids and derivatives; Trialkylamines; Quinoline-3-carboxamides; Piperidinecarboxamides; Benzenoids; Amines; Tertiary amines; Indoles; Quinoline carboxamides; Ergoline and derivatives; Lysergic acids and derivatives; Aralkylamines; Organic oxides; Azacyclic compounds; Heteroaromatic compounds; Hydrocarbon derivatives; 3-alkylindoles; Organopnictogen compounds; Organic oxygen compounds; Organic nitrogen compounds; Chemical entities"	419.301	32	0.529	839409127605450368	839408479463833600	839408479463833600	77	NA	77
1	"C18H32O"	"[M - H2O + H]+"	"C18H31+"	"Fatty acids"	0.985	"Fatty acyls"	0.859	"Fatty alcohols"	0.631	"Lipids and lipid-like molecules"	0.816	"Fatty Acyls"	0.757	"Fatty alcohols"	0.422	"Long-chain fatty alcohols"	0.534	"Long-chain fatty alcohols"	0.534	"Organic compounds; Lipids and lipid-like molecules; Alcohols and polyols; Organooxygen compounds; Carbonyl compounds; Long-chain fatty alcohols; Fatty Acyls; Organic oxides; Hydrocarbon derivatives; Organic oxygen compounds; Chemical entities"	247.242	32	0.53	839408846066986496	839408479182815232	839408479182815232	71	NA	71
1	"C20H34O"	"[M + H3N + H]+"	"C20H38NO+"	"Fatty acids"	0.574	"Diterpenoids"	0.511	"Unsaturated fatty acids"	0.135	"Lipids and lipid-like molecules"	0.905	"Prenol lipids"	0.567	NA	NA	NA	NA	"Prenol lipids"	0.567	"Organic compounds; Lipids and lipid-like molecules; Prenol lipids; Organooxygen compounds; Carbonyl compounds; Fatty Acyls; Organic oxides; Hydrocarbon derivatives; Organic oxygen compounds; Chemical entities"	308.294	32	0.531	839409205481093504	839408479514165248	839408479514165248	78	NA	78
1	"C17H30O"	"[M + H3N + H]+"	"C17H34NO+"	"Fatty acids"	0.987	"Fatty acyls"	0.984	"Fatty alcohols"	0.795	"Lipids and lipid-like molecules"	0.585	"Fatty Acyls"	0.509	"Fatty alcohols"	0.455	"Long-chain fatty alcohols"	0.586	"Long-chain fatty alcohols"	0.586	"Organic compounds; Lipids and lipid-like molecules; Ketones; Organooxygen compounds; Carbonyl compounds; Long-chain fatty alcohols; Fatty Acyls; Organic oxides; Hydrocarbon derivatives; Organic oxygen compounds; Chemical entities"	268.263	32	0.532	839408611546664448	839408479606439936	839408479606439936	80	NA	80
1	"C16H36Si"	"[M + H]+"	"C16H37Si+"	"Fatty acids"	0.993	"Fatty acyls"	0.999	"Hydrocarbons"	0.98	"Hydrocarbons"	0.287	"Saturated hydrocarbons"	0.911	"Alkanes"	0.905	"Branched alkanes"	0.867	"Branched alkanes"	0.867	"Organic compounds; Alkanes; Hydrocarbon derivatives; Saturated hydrocarbons; Branched alkanes; Chemical entities"	257.267	32	0.532	839408600310123520	839408479560302592	839408479560302592	79	NA	79
1	"C16H30O"	"[M + H3N + H]+"	"C16H34NO+"	"Fatty acids"	0.988	"Fatty acyls"	0.944	"Fatty alcohols"	0.752	"Lipids and lipid-like molecules"	0.693	"Fatty Acyls"	0.68	"Fatty aldehydes"	0.523	NA	NA	"Fatty aldehydes"	0.523	"Organic compounds; Lipids and lipid-like molecules; Aldehydes; Fatty aldehydes; Organooxygen compounds; Carbonyl compounds; Fatty Acyls; Organic oxides; Hydrocarbon derivatives; Organic oxygen compounds; Chemical entities"	256.263	32	0.532	839409358908734720	839408479702908928	839408479698714624	82	NA	82
1	"C16H28O"	"[M + H3N + H]+"	"C16H32NO+"	"Fatty acids"	0.98	"Fatty acyls"	0.961	"Fatty aldehydes"	0.683	"Lipids and lipid-like molecules"	0.553	"Fatty Acyls"	0.427	"Fatty aldehydes"	0.526	NA	NA	"Fatty aldehydes"	0.526	"Organic compounds; Lipids and lipid-like molecules; Aldehydes; Fatty aldehydes; Organooxygen compounds; Carbonyl compounds; Organic oxides; Hydrocarbon derivatives; Organic oxygen compounds; Chemical entities"	254.248	32	0.533	839408636288864640	839408479753240576	839408479753240576	83	NA	83
1	"C15H28O"	"[M + H3N + H]+"	"C15H32NO+"	"Fatty acids"	0.976	"Fatty acyls"	0.968	"Fatty alcohols"	0.947	"Lipids and lipid-like molecules"	0.566	"Fatty Acyls"	0.545	"Fatty alcohols"	0.688	"Long-chain fatty alcohols"	0.586	"Long-chain fatty alcohols"	0.586	"Organic compounds; Lipids and lipid-like molecules; Ketones; Alcohols and polyols; Organooxygen compounds; Fatty alcohols; Carbonyl compounds; Long-chain fatty alcohols; Fatty Acyls; Organic oxides; Hydrocarbon derivatives; Organic oxygen compounds; Chemical entities"	242.248	32	0.535	839408624318320512	839408479799377920	839408479799377920	84	NA	84
1	"C18H30O"	"[M + H]+"	"C18H31O+"	"Fatty acids"	0.989	"Fatty acyls"	0.979	"Fatty aldehydes"	0.556	"Lipids and lipid-like molecules"	0.594	"Fatty Acyls"	0.432	"Fatty aldehydes"	0.544	NA	NA	"Fatty aldehydes"	0.544	"Organic compounds; Lipids and lipid-like molecules; Ketones; Fatty aldehydes; Organooxygen compounds; Carbonyl compounds; Organic oxides; Hydrocarbon derivatives; Organic oxygen compounds; Chemical entities"	263.237	32	0.536	839408604265352320	839408479849709568	839408479849709568	85	NA	85
1	"C18H30O"	"[M - H2O + H]+"	"C18H29+"	"Fatty acids"	0.889	"Fatty acyls"	0.794	"Fatty alcohols"	0.348	"Lipids and lipid-like molecules"	0.879	"Fatty Acyls"	0.623	NA	NA	NA	NA	"Fatty Acyls"	0.623	"Organic compounds; Lipids and lipid-like molecules; Organooxygen compounds; Carbonyl compounds; Fatty Acyls; Organic oxides; Hydrocarbon derivatives; Organic oxygen compounds; Chemical entities"	245.226	32	0.536	839408610862992896	839408479900041216	839408479900041216	86	NA	86
3	"C11H29N5O2"	"[M + H3N + H]+"	"C11H33N6O2+"	"Fatty acids"	0.674	"Fatty acyls"	0.583	"Fatty alcohols"	0.772	"Organic oxygen compounds"	0.993	"Organooxygen compounds"	0.927	"Alcohols and polyols"	0.781	"Secondary alcohols"	0.553	"Secondary alcohols"	0.553	"Organic compounds; Alcohols and polyols; Organonitrogen compounds; Primary alcohols; Organooxygen compounds; Secondary alcohols; Hydrocarbon derivatives; Organopnictogen compounds; Organic oxygen compounds; Organic nitrogen compounds; Chemical entities"	281.268	32	0.539	839408605892742400	839408479996510208	839408479996510208	88	NA	88
1	"C18H30O"	"[M + H3N + H]+"	"C18H34NO+"	"Fatty acids"	0.99	"Fatty acyls"	0.974	"Fatty aldehydes"	0.474	"Lipids and lipid-like molecules"	0.646	NA	NA	NA	NA	NA	NA	"Lipids and lipid-like molecules"	0.646	"Organic compounds; Lipids and lipid-like molecules; Ketones; Organooxygen compounds; Carbonyl compounds; Organic oxides; Hydrocarbon derivatives; Organic oxygen compounds; Chemical entities"	280.264	32	0.539	839409084915823872	839408479946178560	839408479946178560	87	NA	87
1	"C18H30O2"	"[M + H3N + H]+"	"C18H34NO2+"	"Fatty acids"	1	"Fatty Acids and Conjugates"	0.972	"Unsaturated fatty acids"	0.982	"Lipids and lipid-like molecules"	0.988	"Fatty Acyls"	0.984	"Lineolic acids and derivatives"	0.622	NA	NA	"Lineolic acids and derivatives"	0.622	"Organic compounds; Lipids and lipid-like molecules; Fatty acids and conjugates; Organic acids and derivatives; Carboxylic acids and derivatives; Organooxygen compounds; Straight chain fatty acids; Unsaturated fatty acids; Lineolic acids and derivatives; Monocarboxylic acids and derivatives; Carboxylic acids; Carbonyl compounds; Long-chain fatty acids; Fatty Acyls; Organic oxides; Hydrocarbon derivatives; Organic oxygen compounds; Chemical entities"	296.258	32	0.54	839409204981971328	839408480088784896	839408480088784896	90	NA	90
1	"C18H28O"	"[M + H3N + H]+"	"C18H32NO+"	"Terpenoids"	0.753	"Diterpenoids"	0.49	"Fatty aldehydes"	0.151	"Lipids and lipid-like molecules"	0.827	"Prenol lipids"	0.582	NA	NA	NA	NA	"Prenol lipids"	0.582	"Organic compounds; Lipids and lipid-like molecules; Prenol lipids; Organooxygen compounds; Carbonyl compounds; Organic oxides; Hydrocarbon derivatives; Organic oxygen compounds; Chemical entities"	278.248	33	0.546	839409237580102400	839408480134922240	839408480134922240	91	NA	91
1	"C18H28O2"	"[M + H3N + H]+"	"C18H32NO2+"	"Fatty acids"	0.998	"Fatty Acids and Conjugates"	0.797	"Unsaturated fatty acids"	0.816	"Lipids and lipid-like molecules"	0.975	"Fatty Acyls"	0.957	"Lineolic acids and derivatives"	0.743	NA	NA	"Lineolic acids and derivatives"	0.743	"Organic compounds; Lipids and lipid-like molecules; Fatty acids and conjugates; Organic acids and derivatives; Carboxylic acids and derivatives; Organooxygen compounds; Straight chain fatty acids; Unsaturated fatty acids; Lineolic acids and derivatives; Monocarboxylic acids and derivatives; Carboxylic acids; Carbonyl compounds; Long-chain fatty acids; Fatty Acyls; Organic oxides; Hydrocarbon derivatives; Organic oxygen compounds; Chemical entities"	294.242	33	0.555	839408635424837888	839408480269139968	839408480264945664	94	NA	94
1	"C13H22O2"	"[M + H3N + H]+"	"C13H26NO2+"	"Fatty acids"	0.632	"Sesquiterpenoids"	0.411	"Unsaturated fatty acids"	0.174	"Lipids and lipid-like molecules"	0.699	NA	NA	NA	NA	NA	NA	"Lipids and lipid-like molecules"	0.699	"Organic compounds; Lipids and lipid-like molecules; Organooxygen compounds; Carbonyl compounds; Organic oxides; Hydrocarbon derivatives; Organic oxygen compounds; Chemical entities"	228.195	33	0.558	839409187512694912	839408480306888704	839408480306888704	95	NA	95
3	"C46H65NO12"	"[M + Na]+"	"C46H65NNaO12+"	"Polyketides"	0.638	"Macrolides"	0.793	"Spirotetronate macrolides"	0.33	"Lipids and lipid-like molecules"	0.551	NA	NA	NA	NA	NA	NA	"Lipids and lipid-like molecules"	0.551	"Organic compounds; Organoheterocyclic compounds; Lipids and lipid-like molecules; Alcohols and polyols; Ethers; Organic acids and derivatives; Carboxylic acids and derivatives; Organonitrogen compounds; Organooxygen compounds; Carboxylic acid derivatives; Carboxylic acid esters; Secondary alcohols; Carbonyl compounds; Oxanes; Organic oxides; Oxacyclic compounds; Hydrocarbon derivatives; Organopnictogen compounds; Organic oxygen compounds; Organic nitrogen compounds; Chemical entities"	846.443	34	0.562	839409099662996736	839408480432717952	839408480432717952	98	NA	98
1	"C9H14O2"	"[M + H3N + H]+"	"C9H18NO2+"	"Fatty acids"	0.632	"Monoterpenoids"	0.341	"Unsaturated fatty acids"	0.391	"Organic acids and derivatives"	0.497	"Carboxylic acids and derivatives"	0.547	"Monocarboxylic acids and derivatives"	0.622	NA	NA	"Monocarboxylic acids and derivatives"	0.622	"Organic compounds; Carboxylic acids and derivatives; Organooxygen compounds; Monocarboxylic acids and derivatives; Carbonyl compounds; Organic oxides; Hydrocarbon derivatives; Organic oxygen compounds; Chemical entities"	172.133	34	0.565	839408599198632960	839408480986366080	839408480986366080	111	NA	111
5	"C19H24N6O4"	"[M + H3N + H]+"	"C19H28N7O4+"	"Amino acids and Peptides"	0.546	"Pseudoalkaloids (transamidation)"	0.505	"Purine alkaloids"	0.358	"Benzenoids"	0.953	"Benzene and substituted derivatives"	0.696	NA	NA	NA	NA	"Benzene and substituted derivatives"	0.696	"Organic compounds; Organoheterocyclic compounds; Pyrimidines and pyrimidine derivatives; Alcohols and polyols; Organic acids and derivatives; Organonitrogen compounds; Primary alcohols; Organooxygen compounds; Azoles; Diazines; Benzene and substituted derivatives; N-substituted imidazoles; Benzenoids; Amines; Organic oxides; Azacyclic compounds; Heteroaromatic compounds; Hydrocarbon derivatives; Organopnictogen compounds; Organic oxygen compounds; Organic nitrogen compounds; Chemical entities"	418.219	34	0.565	839408602772180096	839408480390774912	839408480390774912	97	NA	97
1	"C18H26O"	"[M + H3N + H]+"	"C18H30NO+"	"Terpenoids"	0.957	"Diterpenoids"	0.542	"Apocarotenoids (β-)"	0.077	"Lipids and lipid-like molecules"	0.852	"Prenol lipids"	0.554	NA	NA	NA	NA	"Prenol lipids"	0.554	"Organic compounds; Lipids and lipid-like molecules; Ketones; Prenol lipids; Organooxygen compounds; Carbonyl compounds; Organic oxides; Hydrocarbon derivatives; Organic oxygen compounds; Chemical entities"	276.232	34	0.566	839409301237054592	839408480474660992	839408480474660992	99	NA	99
11	"C23H25F3N4"	"[M + K]+"	"C23H25F3KN4+"	"Alkaloids"	0.932	"Tryptophan alkaloids"	0.258	"Carboline alkaloids"	0.124	"Organoheterocyclic compounds"	0.995	"Diazines"	0.745	"Pyrimidines and pyrimidine derivatives"	0.709	"Aminopyrimidines and derivatives"	0.691	"Aminopyrimidines and derivatives"	0.691	"Organic compounds; Organoheterocyclic compounds; Pyrimidines and pyrimidine derivatives; Organohalogen compounds; Organonitrogen compounds; Alkyl fluorides; Aminopyrimidines and derivatives; Diazines; Organofluorides; Benzene and substituted derivatives; Benzenoids; Amines; Secondary amines; Tertiary amines; Alkyl halides; Imidolactams; Azacyclic compounds; Heteroaromatic compounds; Hydrocarbon derivatives; Organopnictogen compounds; Organic nitrogen compounds; Chemical entities"	453.167	34	0.568	839408602906397824	839408480562741376	839408480562741376	101	NA	101
1	"C16H26O"	"[M + H3N + H]+"	"C16H30NO+"	"Terpenoids"	0.957	"Sesquiterpenoids"	0.65	"Farnesane sesquiterpenoids"	0.096	"Lipids and lipid-like molecules"	0.758	"Prenol lipids"	0.655	NA	NA	NA	NA	"Prenol lipids"	0.655	"Organic compounds; Lipids and lipid-like molecules; Ketones; Prenol lipids; Organooxygen compounds; Carbonyl compounds; Organic oxides; Hydrocarbon derivatives; Organic oxygen compounds; Chemical entities"	252.232	34	0.569	839409101122614656	839408480604684416	839408480604684416	102	NA	102
1	"C24H30O6"	"[M - H2O + H]+"	"C24H29O5+"	"Terpenoids"	0.462	"Aromatic polyketides"	0.096	"Simple aromatic polyketides"	0.074	"Benzenoids"	0.824	NA	NA	NA	NA	NA	NA	"Benzenoids"	0.824	"Organic compounds; Organoheterocyclic compounds; Alcohols and polyols; Ethers; Primary alcohols; Organooxygen compounds; Dialkyl ethers; Secondary alcohols; Benzenoids; Organic oxides; Oxacyclic compounds; Hydrocarbon derivatives; Organic oxygen compounds; Chemical entities"	397.201	34	0.57	839409126850475648	839408480520798336	839408480516604032	100	NA	100
1	"C26H32O6"	"[M + H3N + H]+"	"C26H36NO6+"	"Shikimates and Phenylpropanoids"	0.664	"Lignans"	0.261	"Dibenzylbutane lignans"	0.038	"Benzenoids"	0.929	"Benzene and substituted derivatives"	0.637	"Phenoxy compounds"	0.502	NA	NA	"Phenoxy compounds"	0.502	"Organic compounds; Organoheterocyclic compounds; Alcohols and polyols; Ethers; Organic acids and derivatives; Organooxygen compounds; Carbonyl compounds; Benzene and substituted derivatives; Benzenoids; Organic oxides; Oxacyclic compounds; Hydrocarbon derivatives; Organic oxygen compounds; Phenoxy compounds; Chemical entities"	458.254	34	0.571	839408993710682752	839408480818593920	839408480818593920	107	NA	107
1	"C15H20O7"	"[M - H2O + H]+"	"C15H19O6+"	"Shikimates and Phenylpropanoids"	0.929	"Phenylpropanoids (C6-C3)"	0.638	"Cinnamic acids and derivatives"	0.62	"Organic oxygen compounds"	1	"Organooxygen compounds"	1	"Carbohydrates and carbohydrate conjugates"	0.996	"Glycosyl compounds"	0.964	"Phenolic glycosides"	0.628	"Organic compounds; Organoheterocyclic compounds; Carbohydrates and carbohydrate conjugates; Alcohols and polyols; Ethers; Primary alcohols; Organooxygen compounds; Hexoses; Monosaccharides; Acetals; Secondary alcohols; Oxanes; Glycosyl compounds; O-glycosyl compounds; Benzene and substituted derivatives; Polyols; Phenol ethers; Benzenoids; Oxacyclic compounds; Hydrocarbon derivatives; Phenolic glycosides; Organic oxygen compounds; Phenoxy compounds; Chemical entities"	295.118	34	0.571	839409199843948800	839408480772456576	839408480768262272	106	NA	106
2	"C9H10O"	"[M + H]+"	"C9H11O+"	"Terpenoids"	0.468	"Sesquiterpenoids"	0.557	"Simple phenolic acids"	0.053	"Organic oxygen compounds"	0.999	"Organooxygen compounds"	0.997	"Carbonyl compounds"	0.973	"Aldehydes"	0.876	"Benzaldehydes"	0.701	"Organic compounds; Aldehydes; Benzoyl derivatives; Organooxygen compounds; Benzaldehydes; Carbonyl compounds; Benzene and substituted derivatives; Benzenoids; Aryl-aldehydes; Organic oxides; Hydrocarbon derivatives; Organic oxygen compounds; Chemical entities"	135.08	34	0.572	839409081514243200	839408480348831872	839408480348831744	96	NA	96
2	"C24H32O7"	"[M - H2O + H]+"	"C24H31O6+"	"Shikimates and Phenylpropanoids"	0.949	"Lignans"	0.987	"Dibenzylbutane lignans"	0.721	"Lignans, neolignans and related compounds"	0.804	"Dibenzylbutane lignans"	0.51	NA	NA	NA	NA	"Dibenzylbutane lignans"	0.51	"Organic compounds; Organoheterocyclic compounds; Alkyl aryl ethers; Alcohols and polyols; Anisoles; Ethers; Organooxygen compounds; Dialkyl ethers; Lignans, neolignans and related compounds; Dibenzylbutane lignans; Benzene and substituted derivatives; Phenol ethers; Benzenoids; Hydrocarbon derivatives; Organic oxygen compounds; Phenoxy compounds; Chemical entities"	415.211	34	0.573	839408733156319616	839408480864731264	839408480860536960	108	NA	108
1	"C11H20O2"	"[M + H3N + H]+"	"C11H24NO2+"	"Fatty acids"	0.907	"Fatty acyls"	0.778	"Fatty aldehydes"	0.312	"Lipids and lipid-like molecules"	0.556	NA	NA	NA	NA	NA	NA	"Lipids and lipid-like molecules"	0.556	"Organic compounds; Lipids and lipid-like molecules; Organooxygen compounds; Carbonyl compounds; Organic oxides; Hydrocarbon derivatives; Organic oxygen compounds; Chemical entities"	202.18	34	0.574	839409003068175104	839408480684376192	839408480680181888	104	NA	104
1	"C14H18NO2S"	"[M + H3N + H]+"	"C14H22N2O2S+"	"Fatty acids"	0.662	"Fatty amides"	0.345	"Primary amides"	0.27	"Benzenoids"	0.66	"Benzene and substituted derivatives"	0.588	NA	NA	NA	NA	"Benzene and substituted derivatives"	0.588	"Organic compounds; Organosulfur compounds; Lipids and lipid-like molecules; Organic acids and derivatives; Carboxylic acids and derivatives; Organonitrogen compounds; Organooxygen compounds; Carboxylic acid amides; Carboxylic acid derivatives; Secondary carboxylic acid amides; Carbonyl compounds; Benzene and substituted derivatives; Benzenoids; Organic oxides; Hydrocarbon derivatives; Organopnictogen compounds; Organic oxygen compounds; Organic nitrogen compounds; Chemical entities"	282.143	34	0.575	839409187168761984	839408480722124928	839408480722124928	105	NA	105
1	"C24H30O6"	"[M + H3N + H]+"	"C24H34NO6+"	"Shikimates and Phenylpropanoids"	0.647	"Lignans"	0.41	"Furanoid lignans"	0.054	"Benzenoids"	0.884	"Benzene and substituted derivatives"	0.661	NA	NA	NA	NA	"Benzene and substituted derivatives"	0.661	"Organic compounds; Organoheterocyclic compounds; Ethers; Organooxygen compounds; Benzene and substituted derivatives; Benzenoids; Oxacyclic compounds; Hydrocarbon derivatives; Organic oxygen compounds; Chemical entities"	432.238	34	0.575	839409209163692544	839408480906674304	839408480906674304	109	NA	109
1	"C13H15N2O4"	"[M + H3N + H]+"	"C13H19N3O4+"	"Amino acids and Peptides"	0.802	"Small peptides"	0.628	"Aminoacids"	0.426	"Organic acids and derivatives"	0.84	"Carboxylic acids and derivatives"	0.798	"Amino acids, peptides, and analogues"	0.61	"Amino acids and derivatives"	0.611	"Amino acids and derivatives"	0.611	"Organic compounds; Amino acids, peptides, and analogues; Organic acids and derivatives; Carboxylic acids and derivatives; Organonitrogen compounds; Organooxygen compounds; Amino acids and derivatives; Carbonyl compounds; Benzene and substituted derivatives; Benzenoids; Amines; Organic oxides; Hydrocarbon derivatives; Organopnictogen compounds; Organic oxygen compounds; Organic nitrogen compounds; Chemical entities"	281.139	35	0.575	839409197780351232	839408480948617344	839408480948617344	110	NA	110
1	"C48H60O12"	"[M + Na]+"	"C48H60NaO12+"	"Terpenoids"	0.606	"Triterpenoids"	0.296	"Limonoids"	0.134	"Lipids and lipid-like molecules"	0.796	"Prenol lipids"	0.511	NA	NA	NA	NA	"Prenol lipids"	0.511	"Organic compounds; Organoheterocyclic compounds; Lipids and lipid-like molecules; Alcohols and polyols; Ethers; Prenol lipids; Organic acids and derivatives; Carboxylic acids and derivatives; Organooxygen compounds; Carboxylic acid derivatives; Carboxylic acid esters; Secondary alcohols; Carbonyl compounds; Oxanes; Enoate esters; Alpha,beta-unsaturated carboxylic esters; Organic oxides; Oxacyclic compounds; Hydrocarbon derivatives; Organic oxygen compounds; Chemical entities"	851.398	35	0.584	839409243422767872	839408481024114816	839408481024114816	112	NA	112
2	"C25H31NO6"	"[M + H3N + H]+"	"C25H35N2O6+"	"Polyketides"	0.539	"Linear polyketides"	0.206	"Isoquinoline alkaloids"	0.099	"Benzenoids"	0.663	NA	NA	NA	NA	NA	NA	"Benzenoids"	0.663	"Organic compounds; Organoheterocyclic compounds; Alcohols and polyols; Ethers; Organic acids and derivatives; Carboxylic acids and derivatives; Organonitrogen compounds; Organooxygen compounds; Carboxylic acid derivatives; Carbonyl compounds; Benzenoids; Organic oxides; Oxacyclic compounds; Hydrocarbon derivatives; Organopnictogen compounds; Organic oxygen compounds; Organic nitrogen compounds; Chemical entities"	459.248	35	0.585	839409292076694528	839408481066057856	839408481066057856	113	NA	113
2	"C16H30O3"	"[M + H3N + H]+"	"C16H34NO3+"	"Fatty acids"	0.993	"Fatty Acids and Conjugates"	0.877	"Hydroxy fatty acids"	0.375	"Lipids and lipid-like molecules"	0.93	"Fatty Acyls"	0.921	"Fatty acids and conjugates"	0.817	"Long-chain fatty acids"	0.7	"Long-chain fatty acids"	0.7	"Organic compounds; Lipids and lipid-like molecules; Alcohols and polyols; Fatty acids and conjugates; Organic acids and derivatives; Carboxylic acids and derivatives; Organooxygen compounds; Monocarboxylic acids and derivatives; Carboxylic acids; Carbonyl compounds; Long-chain fatty acids; Fatty Acyls; Organic oxides; Hydrocarbon derivatives; Organic oxygen compounds; Chemical entities"	288.253	35	0.59	839408635378700544	839408481103806592	839408481103806592	114	NA	114
2	"C25H32O6"	"[M + H3N + H]+"	"C25H36NO6+"	"Shikimates and Phenylpropanoids"	0.616	"Lignans"	0.319	"Dibenzylbutane lignans"	0.046	"Benzenoids"	0.881	"Benzene and substituted derivatives"	0.584	NA	NA	NA	NA	"Benzene and substituted derivatives"	0.584	"Organic compounds; Organoheterocyclic compounds; Ethers; Organic acids and derivatives; Organooxygen compounds; Carbonyl compounds; Benzene and substituted derivatives; Benzenoids; Organic oxides; Oxacyclic compounds; Hydrocarbon derivatives; Organic oxygen compounds; Chemical entities"	446.254	36	0.599	839408617326415360	839408481145749632	839408481145749632	115	NA	115
3	"C15H25N3O7S"	"[M + H3N + H]+"	"C15H29N4O7S+"	"Amino acids and Peptides"	0.47	"Small peptides"	0.113	"Dipeptides"	0.135	"Organic acids and derivatives"	0.995	"Carboxylic acids and derivatives"	0.969	"Amino acids, peptides, and analogues"	0.804	"Amino acids and derivatives"	0.802	"Alpha amino acids"	0.544	"Organic compounds; Organosulfur compounds; Lipids and lipid-like molecules; Amino acids, peptides, and analogues; Alpha amino acids and derivatives; Alcohols and polyols; Fatty acids and conjugates; Organic acids and derivatives; Carboxylic acids and derivatives; Organonitrogen compounds; Organooxygen compounds; Hydroxy fatty acids; Amino acids and derivatives; Carboxylic acid amides; Carboxylic acid derivatives; Monocarboxylic acids and derivatives; Carboxylic acids; Carbonyl compounds; Alpha amino acids; Amines; Primary amines; Fatty Acyls; Organic oxides; Hydrocarbon derivatives; Amino acids; Organopnictogen compounds; Organic oxygen compounds; Organic nitrogen compounds; Chemical entities"	409.174	36	0.602	839408658195715200	839408481187692672	839408481187692672	116	NA	116
1	"C21H23NO5"	"[M + H3N + H]+"	"C21H27N2O5+"	"Alkaloids"	0.609	"Anthranilic acid alkaloids"	0.399	"Acridone alkaloids"	0.392	"Benzenoids"	0.968	"Benzene and substituted derivatives"	0.747	NA	NA	NA	NA	"Benzene and substituted derivatives"	0.747	"Organic compounds; Organoheterocyclic compounds; Ethers; Organic acids and derivatives; Carboxylic acids and derivatives; Organonitrogen compounds; Organooxygen compounds; Carboxylic acid derivatives; Monocarboxylic acids and derivatives; Carboxylic acid esters; Carbonyl compounds; Benzene and substituted derivatives; Benzenoids; Organic oxides; Heteroaromatic compounds; Hydrocarbon derivatives; Organopnictogen compounds; Organic oxygen compounds; Organic nitrogen compounds; Chemical entities"	387.193	36	0.608	839409083720447232	839408481229635712	839408481225441408	117	NA	117
1	"C21H35NO4"	"[M + K]+"	"C21H35KNO4+"	"Fatty acids"	1	"Fatty amides"	0.986	"Primary amides"	0.647	"Lipids and lipid-like molecules"	0.954	"Fatty Acyls"	0.952	"Fatty amides"	0.905	"N-acyl amines"	0.533	"N-acyl amines"	0.533	"Organic compounds; Lipids and lipid-like molecules; Alcohols and polyols; Organic acids and derivatives; Carboxylic acids and derivatives; Organonitrogen compounds; Primary alcohols; Organooxygen compounds; Fatty amides; Carboxylic acid amides; Carboxylic acid derivatives; N-acyl amines; Primary carboxylic acid amides; Secondary carboxylic acid amides; Carbonyl compounds; Fatty Acyls; Organic oxides; Hydrocarbon derivatives; Organopnictogen compounds; Organic oxygen compounds; Organic nitrogen compounds; Chemical entities"	404.219	37	0.61	839409367054073216	839408481300938880	839408481300938880	119	NA	119
1	"C9H20O4"	"[M + H]+"	"C9H21O4+"	"Fatty acids"	0.99	"Fatty acyls"	0.924	"Fatty alcohols"	0.974	"Lipids and lipid-like molecules"	0.572	"Fatty Acyls"	0.579	NA	NA	NA	NA	"Fatty Acyls"	0.579	"Organic compounds; Lipids and lipid-like molecules; Alcohols and polyols; Organooxygen compounds; Fatty Acyls; Hydrocarbon derivatives; Organic oxygen compounds; Chemical entities"	193.143	37	0.612	839409003202392832	839408481263190144	839408481263190144	118	NA	118
1	"C18H32O5"	"[M - H2O + H]+"	"C18H31O4+"	"Fatty acids"	0.999	"Octadecanoids"	0.919	"Other Octadecanoids"	0.915	"Lipids and lipid-like molecules"	0.991	"Fatty Acyls"	0.987	"Lineolic acids and derivatives"	0.56	NA	NA	"Lineolic acids and derivatives"	0.56	"Organic compounds; Lipids and lipid-like molecules; Alcohols and polyols; Fatty acids and conjugates; Organic acids and derivatives; Carboxylic acids and derivatives; Organooxygen compounds; Unsaturated fatty acids; Hydroxy fatty acids; Lineolic acids and derivatives; Monocarboxylic acids and derivatives; Carboxylic acids; Secondary alcohols; Carbonyl compounds; Polyols; Long-chain fatty acids; Fatty Acyls; Organic oxides; Hydrocarbon derivatives; Organic oxygen compounds; Chemical entities"	311.221	37	0.62	839409130373691136	839408481376436352	839408481376436352	121	NA	121
1	"C37H66O5"	"[M + Na]+"	"C37H66NaO5+"	"Fatty acids"	1	"Glycerolipids"	1	"Diacylglycerols"	1	"Lipids and lipid-like molecules"	0.997	"Fatty Acyls"	0.99	"Lineolic acids and derivatives"	0.63	NA	NA	"Lineolic acids and derivatives"	0.63	"Organic compounds; Lipids and lipid-like molecules; Alcohols and polyols; Glycerolipids; Organic acids and derivatives; Carboxylic acids and derivatives; Primary alcohols; Organooxygen compounds; Fatty acid esters; Dicarboxylic acids and derivatives; Lineolic acids and derivatives; Carboxylic acid derivatives; Diacylglycerols; Carboxylic acid esters; 1,2-diacylglycerols; Carbonyl compounds; Diradylglycerols; Fatty Acyls; Organic oxides; Hydrocarbon derivatives; Organic oxygen compounds; Chemical entities"	613.483	37	0.621	839408846566108672	839408481498071168	839408481498071168	124	NA	124
2	"C13H24N2O"	"[M + H]+"	"C13H25N2O+"	"Alkaloids"	0.889	"Pseudoalkaloids (transamidation)"	0.859	"Phenylalanine-derived alkaloids"	0.498	"Organic nitrogen compounds"	1	"Organonitrogen compounds"	1	"Amines"	0.873	NA	NA	"Amines"	0.873	"Organic compounds; Organonitrogen compounds; Organooxygen compounds; Amines; Hydrocarbon derivatives; Organopnictogen compounds; Organic oxygen compounds; Organic nitrogen compounds; Chemical entities"	225.196	37	0.622	839409198145255680	839408481460322432	839408481456128128	123	NA	123
2	"C44H84NO6P"	"[M + K]+"	"C44H84KNO6P+"	"Fatty acids"	1	"Glycerophospholipids"	1	"Glycerophosphoethanolamines"	0.975	"Lipids and lipid-like molecules"	0.991	"Glycerophospholipids"	1	"Glycerophosphoethanolamines"	0.95	"Phosphatidylethanolamines"	0.955	"Phosphatidylethanolamines"	0.955	"Organic compounds; Lipids and lipid-like molecules; Amino acids, peptides, and analogues; Glycerophospholipids; Organic acids and derivatives; Carboxylic acids and derivatives; Organonitrogen compounds; Organooxygen compounds; Fatty acid esters; Dicarboxylic acids and derivatives; Amino acids and derivatives; Organic phosphoric acids and derivatives; Phosphate esters; Monoalkylamines; Carboxylic acid derivatives; Carboxylic acid esters; Phosphoethanolamines; Phosphatidylethanolamines; Carbonyl compounds; Glycerophosphoethanolamines; Amines; Alkyl phosphates; Dialkyl phosphates; Fatty Acyls; Organic oxides; Hydrocarbon derivatives; Organopnictogen compounds; Organic oxygen compounds; Organic nitrogen compounds; Chemical entities"	792.562	37	0.623	839408684229761024	839408481418379392	839408481418379392	122	NA	122
1	"C43H70N6O9"	"[M - H2O + H]+"	"C43H69N6O8+"	"Amino acids and Peptides"	0.814	"Oligopeptides"	0.738	"Open-chain polyketides"	0.444	"Lipids and lipid-like molecules"	0.803	"Fatty Acyls"	0.708	"Fatty amides"	0.741	"N-acyl amines"	0.764	"N-acyl amines"	0.764	"Organic compounds; Organoheterocyclic compounds; Carbohydrates and carbohydrate conjugates; Lipids and lipid-like molecules; Alcohols and polyols; Organic acids and derivatives; Carboxylic acids and derivatives; Organonitrogen compounds; Primary alcohols; Organooxygen compounds; Fatty amides; Carboxylic acid amides; Carboxylic acid derivatives; N-acyl amines; Monosaccharides; Secondary alcohols; Secondary carboxylic acid amides; Carbonyl compounds; Polyols; Fatty Acyls; Organic oxides; Azacyclic compounds; Oxacyclic compounds; Hydrocarbon derivatives; Organopnictogen compounds; Organic oxygen compounds; Organic nitrogen compounds; Chemical entities"	797.517	38	0.629	839408669033796992	839408481544208512	839408481540014208	125	NA	125
5	"C45H68O10"	"[M + H]+"	"C45H69O10+"	"Fatty acids"	0.999	"Glycerolipids"	1	"Glycosyldiacylglycerols"	0.996	"Lipids and lipid-like molecules"	0.997	"Glycerolipids"	0.999	"Glycosylglycerols"	1	"Glycosyldiradylglycerols"	0.998	"Glycosyldiacylglycerols"	0.99	"Organic compounds; Organoheterocyclic compounds; Carbohydrates and carbohydrate conjugates; Lipids and lipid-like molecules; Alcohols and polyols; Glycerolipids; Ethers; Organic acids and derivatives; Carboxylic acids and derivatives; Primary alcohols; Organooxygen compounds; Fatty acid esters; Dicarboxylic acids and derivatives; Lineolic acids and derivatives; Glycosylglycerols; Carboxylic acid derivatives; Carboxylic acid esters; Hexoses; Monosaccharides; Acetals; Secondary alcohols; Fatty acyl glycosides; Carbonyl compounds; Oxanes; Glycosyl compounds; O-glycosyl compounds; Polyols; Glycosyldiacylglycerols; Glycosyldiradylglycerols; Fatty acyl glycosides of mono- and disaccharides; Fatty Acyls; Organic oxides; Oxacyclic compounds; Hydrocarbon derivatives; Organic oxygen compounds; Chemical entities"	769.486	38	0.639	839408634837635328	839408481644871808	839408481644871808	127	NA	127
1	"C9H20O5"	"[M + H]+"	"C9H21O5+"	"Fatty acids"	0.93	"Fatty acyls"	0.726	"Fatty alcohols"	0.63	"Organic oxygen compounds"	1	"Organooxygen compounds"	1	"Ethers"	0.994	"Dialkyl ethers"	0.993	"Polyethylene glycols"	0.868	"Organic compounds; Alcohols and polyols; Ethers; Primary alcohols; Organooxygen compounds; Dialkyl ethers; Polyethylene glycols; Hydrocarbon derivatives; Organic oxygen compounds; Chemical entities"	209.138	39	0.648	839408604974189824	839408481338687616	839408481338687616	120	NA	120
1	"C23H42N4O8"	"[M + H3N + H]+"	"C23H46N5O8+"	"Amino acids and Peptides"	0.674	"Oligopeptides"	0.733	"Cyclic peptides"	0.366	"Organic acids and derivatives"	0.933	"Carboxylic acids and derivatives"	0.862	"Carboxylic acid derivatives"	0.73	"Carboxylic acid amides"	0.763	"Carboxylic acid amides"	0.763	"Organic compounds; Ethers; Organic acids and derivatives; Carboxylic acids and derivatives; Organonitrogen compounds; Primary alcohols; Organooxygen compounds; Carboxylic acid amides; Carboxylic acid derivatives; Dialkyl ethers; Carbonyl compounds; Organic oxides; Hydrocarbon derivatives; Organopnictogen compounds; Organic oxygen compounds; Organic nitrogen compounds; Chemical entities"	520.333	39	0.649	839408955349578112	839408481686814976	839408481686814976	128	NA	128
1	"C20H42O11"	"[M + H3N + H]+"	"C20H46NO11+"	"Fatty acids"	0.839	"Fatty acyls"	0.53	"Fatty alcohols"	0.441	"Organic oxygen compounds"	1	"Organooxygen compounds"	1	"Ethers"	0.993	"Dialkyl ethers"	0.994	"Polyethylene glycols"	0.995	"Organic compounds; Alcohols and polyols; Ethers; Primary alcohols; Organooxygen compounds; Dialkyl ethers; Polyethylene glycols; Hydrocarbon derivatives; Organic oxygen compounds; Chemical entities"	476.306	39	0.655	839408610250624384	839408481732952320	839408481732952320	129	NA	129
1	"C15H30O"	"[M + H3N + H]+"	"C15H34NO+"	"Fatty acids"	0.907	"Fatty acyls"	0.902	"Fatty alcohols"	0.782	"Lipids and lipid-like molecules"	0.667	NA	NA	NA	NA	NA	NA	"Lipids and lipid-like molecules"	0.667	"Organic compounds; Lipids and lipid-like molecules; Organooxygen compounds; Hydrocarbon derivatives; Organic oxygen compounds; Chemical entities"	244.263	41	0.676	839408600519838720	839408481829421312	839408481829421312	131	NA	131
1	"C23H44O4"	"[M + H3N + H]+"	"C23H48NO4+"	"Fatty acids"	0.998	"Glycerolipids"	0.763	"Monoacylglycerols"	0.808	"Lipids and lipid-like molecules"	0.99	"Glycerolipids"	0.416	"Monoradylglycerols"	0.606	"Monoacylglycerols"	0.632	"Monoacylglycerols"	0.632	"Organic compounds; Lipids and lipid-like molecules; Alcohols and polyols; Organic acids and derivatives; Carboxylic acids and derivatives; Primary alcohols; Organooxygen compounds; Fatty acid esters; Carboxylic acid derivatives; Monoacylglycerols; Monocarboxylic acids and derivatives; Carboxylic acid esters; Secondary alcohols; Carbonyl compounds; Monoradylglycerols; Fatty Acyls; Organic oxides; Hydrocarbon derivatives; Organic oxygen compounds; Chemical entities"	402.358	41	0.677	839409180680173696	839408481862975744	839408481862975744	132	NA	132
2	"C19H41NO2"	"[M + H]+"	"C19H42NO2+"	"Fatty acids"	0.929	"Spingolipids"	0.161	"Sphingoid bases"	0.425	"Organic nitrogen compounds"	0.999	"Organonitrogen compounds"	0.999	"Amines"	0.96	"Tertiary amines"	0.615	"Trialkylamines"	0.529	"Organic compounds; Alcohols and polyols; Ethers; Organonitrogen compounds; Primary alcohols; Organooxygen compounds; Dialkyl ethers; Trialkylamines; Amines; Tertiary amines; Alkanolamines; Hydrocarbon derivatives; Organopnictogen compounds; Organic oxygen compounds; Organic nitrogen compounds; Chemical entities"	316.321	41	0.679	839409101252638080	839408481904918784	839408481904918784	133	NA	133
1	"C13H28N4O4"	"[M + Na]+"	"C13H28N4NaO4+"	"Amino acids and Peptides"	0.876	"Small peptides"	0.89	"Dipeptides"	0.297	"Organic acids and derivatives"	0.857	"Carboxylic acids and derivatives"	0.841	"Amino acids, peptides, and analogues"	0.677	"Amino acids and derivatives"	0.667	"Alpha amino acids and derivatives"	0.542	"Organic compounds; Lipids and lipid-like molecules; Amino acids, peptides, and analogues; Alpha amino acids and derivatives; Organic acids and derivatives; Carboxylic acids and derivatives; Organonitrogen compounds; Organooxygen compounds; Amino acids and derivatives; Carboxylic acid derivatives; Carbonyl compounds; Amines; Fatty Acyls; Organic oxides; Hydrocarbon derivatives; Organopnictogen compounds; Organic oxygen compounds; Organic nitrogen compounds; Chemical entities"	327.201	41	0.682	839409194848532736	839408481951056128	839408481951056128	134	NA	134
1	"C14H23BN2O2"	"[M + Na]+"	"C14H23BN2NaO2+"	"Terpenoids"	0.429	"Monoterpenoids"	0.695	"Pinane monoterpenoids"	0.475	"Organic salts"	0.996	"Organic metal salts"	0.995	"Organic metalloid salts"	0.995	NA	NA	"Organic metalloid salts"	0.995	"Organic compounds; Organic acids and derivatives; Organonitrogen compounds; Organooxygen compounds; Organometallic compounds; Organometalloid compounds; Organoboron compounds; Organic salts; Organic metalloid salts; Organic metal salts; Hydrocarbon derivatives; Alkylboranes; Organic oxygen compounds; Organic nitrogen compounds; Chemical entities"	284.178	42	0.693	839409201253235072	839408481988804864	839408481988804864	135	NA	135
1	"C10H22O6"	"[M + H]+"	"C10H23O6+"	"Fatty acids"	0.787	"Fatty acyls"	0.517	"Fatty alcohols"	0.425	"Organic oxygen compounds"	1	"Organooxygen compounds"	1	"Ethers"	0.991	"Dialkyl ethers"	0.992	"Polyethylene glycols"	0.985	"Organic compounds; Alcohols and polyols; Ethers; Primary alcohols; Organooxygen compounds; Dialkyl ethers; Polyethylene glycols; Hydrocarbon derivatives; Organic oxygen compounds; Chemical entities"	239.149	43	0.721	839409318500809984	839408482030747904	839408482026553600	136	NA	136
3	"C12H17N5O3"	"[M + H3N + H]+"	"C12H21N6O3+"	"Amino acids and Peptides"	0.657	"Small peptides"	0.655	"Dipeptides"	0.486	"Benzenoids"	0.608	"Benzene and substituted derivatives"	0.635	NA	NA	NA	NA	"Benzene and substituted derivatives"	0.635	"Organic compounds; Organoheterocyclic compounds; Alcohols and polyols; Organic acids and derivatives; Organonitrogen compounds; Organooxygen compounds; Monoalkylamines; Carbonyl compounds; Benzene and substituted derivatives; Benzenoids; Amines; Primary amines; Organic oxides; Azacyclic compounds; Heteroaromatic compounds; Hydrocarbon derivatives; Organopnictogen compounds; Organic oxygen compounds; Organic nitrogen compounds; Chemical entities"	297.167	44	0.734	839408908960575616	839408482064302336	839408482064302336	137	NA	137
1	"C6H14O4"	"[M - H2O + H]+"	"C6H13O3+"	"Fatty acids"	0.82	"Fatty acyls"	0.71	"Fatty alcohols"	0.668	"Organic oxygen compounds"	1	"Organooxygen compounds"	1	"Ethers"	0.97	"Dialkyl ethers"	0.972	"Polyethylene glycols"	0.915	"Organic compounds; Alcohols and polyols; Ethers; Primary alcohols; Organooxygen compounds; Dialkyl ethers; Polyethylene glycols; Hydrocarbon derivatives; Organic oxygen compounds; Chemical entities"	133.086	44	0.736	839408699983567744	839408482102051072	839408482102051072	138	NA	138
1	"C8H18O5"	"[M - H2O + H]+"	"C8H17O4+"	"Fatty acids"	0.772	"Fatty acyls"	0.612	"Fatty alcohols"	0.519	"Organic oxygen compounds"	1	"Organooxygen compounds"	1	"Ethers"	0.988	"Dialkyl ethers"	0.989	"Polyethylene glycols"	0.974	"Organic compounds; Alcohols and polyols; Ethers; Primary alcohols; Organooxygen compounds; Dialkyl ethers; Polyethylene glycols; Hydrocarbon derivatives; Organic oxygen compounds; Chemical entities"	177.112	44	0.738	839409363543440768	839408482135605504	839408482135605504	139	NA	139
1	"C8H18O5"	"[M + H3N + H]+"	"C8H22NO5+"	"Fatty acids"	0.965	"Fatty acyls"	0.955	"Fatty alcohols"	0.964	"Organic oxygen compounds"	1	"Organooxygen compounds"	1	"Ethers"	0.813	"Dialkyl ethers"	0.804	"Polyethylene glycols"	0.548	"Organic compounds; Alcohols and polyols; Ethers; Primary alcohols; Organooxygen compounds; Dialkyl ethers; Polyethylene glycols; Hydrocarbon derivatives; Organic oxygen compounds; Chemical entities"	212.149	44	0.74	839408674574472960	839408482211102976	839408482211102976	141	NA	141
1	"C16H30O2"	"[M + H3N + H]+"	"C16H34NO2+"	"Fatty acids"	0.995	"Fatty Acids and Conjugates"	0.931	"Unsaturated fatty acids"	0.789	"Lipids and lipid-like molecules"	0.926	"Fatty Acyls"	0.894	"Fatty acids and conjugates"	0.879	"Long-chain fatty acids"	0.796	"Long-chain fatty acids"	0.796	"Organic compounds; Lipids and lipid-like molecules; Fatty acids and conjugates; Organic acids and derivatives; Carboxylic acids and derivatives; Organooxygen compounds; Straight chain fatty acids; Unsaturated fatty acids; Monocarboxylic acids and derivatives; Carboxylic acids; Carbonyl compounds; Long-chain fatty acids; Fatty Acyls; Organic oxides; Hydrocarbon derivatives; Organic oxygen compounds; Chemical entities"	272.259	45	0.742	839409113734886912	839408482173354240	839408482173354240	140	NA	140
2	"C15H27NO7"	"[M + H3N + H]+"	"C15H31N2O7+"	"Amino acids and Peptides"	0.712	"Amino acid glycosides"	0.725	"Cyanogenic glycosides"	0.589	"Organic oxygen compounds"	1	"Organooxygen compounds"	1	"Carbohydrates and carbohydrate conjugates"	0.976	"Monosaccharides"	0.952	"Hexoses"	0.663	"Organic compounds; Organoheterocyclic compounds; Carbohydrates and carbohydrate conjugates; Lipids and lipid-like molecules; Alcohols and polyols; Ethers; Organonitrogen compounds; Primary alcohols; Organooxygen compounds; Hexoses; Monosaccharides; Acetals; Secondary alcohols; Oxanes; Glycosyl compounds; O-glycosyl compounds; Polyols; Fatty Acyls; Oxacyclic compounds; Hydrocarbon derivatives; Organopnictogen compounds; Organic oxygen compounds; Organic nitrogen compounds; Chemical entities"	351.214	45	0.754	839409223382383232	839408482328543488	839408482324349184	144	NA	144
1	"C19H38O2"	"[M + H3N + H]+"	"C19H42NO2+"	"Fatty acids"	0.985	"Fatty esters"	0.695	"Wax monoesters"	0.543	"Lipids and lipid-like molecules"	0.978	"Fatty Acyls"	0.964	"Fatty acid esters"	0.738	NA	NA	"Fatty acid esters"	0.738	"Organic compounds; Lipids and lipid-like molecules; Alcohols and polyols; Organic acids and derivatives; Carboxylic acids and derivatives; Organooxygen compounds; Fatty acid esters; Carboxylic acid derivatives; Monocarboxylic acids and derivatives; Carboxylic acid esters; Carbonyl compounds; Fatty Acyls; Organic oxides; Hydrocarbon derivatives; Organic oxygen compounds; Chemical entities"	316.321	45	0.755	839409085041652992	839408482244657408	839408482244657408	142	NA	142
1	"C18H32O5"	"[M + H3N + H]+"	"C18H36NO5+"	"Fatty acids"	0.995	"Fatty Acids and Conjugates"	0.444	"Other Octadecanoids"	0.455	"Lipids and lipid-like molecules"	0.957	"Fatty Acyls"	0.948	"Fatty acids and conjugates"	0.664	"Long-chain fatty acids"	0.717	"Long-chain fatty acids"	0.717	"Organic compounds; Lipids and lipid-like molecules; Alcohols and polyols; Fatty acids and conjugates; Organic acids and derivatives; Carboxylic acids and derivatives; Organooxygen compounds; Monocarboxylic acids and derivatives; Carboxylic acids; Secondary alcohols; Carbonyl compounds; Long-chain fatty acids; Fatty Acyls; Organic oxides; Hydrocarbon derivatives; Organic oxygen compounds; Chemical entities"	346.259	45	0.757	839408605414591744	839408482282406144	839408482282406144	143	NA	143
2	"C40H42N4O5"	"[M + H]+"	"C40H43N4O5+"	"Fatty acids"	0.684	"Spingolipids"	0.37	"Ceramides"	0.069	"Organic acids and derivatives"	0.99	"Carboxylic acids and derivatives"	0.961	"Amino acids, peptides, and analogues"	0.534	"Amino acids and derivatives"	0.523	"Amino acids and derivatives"	0.523	"Organic compounds; Organoheterocyclic compounds; Lipids and lipid-like molecules; Amino acids, peptides, and analogues; Alcohols and polyols; Organic acids and derivatives; Carboxylic acids and derivatives; Organonitrogen compounds; Organooxygen compounds; Fatty amides; Amino acids and derivatives; Carboxylic acid amides; Carboxylic acid derivatives; N-acyl amines; Secondary carboxylic acid amides; Carbonyl compounds; Benzene and substituted derivatives; Benzenoids; Fatty Acyls; Organic oxides; Hydrocarbon derivatives; Organopnictogen compounds; Organic oxygen compounds; Organic nitrogen compounds; Chemical entities"	659.325	47	0.788	839409298238127104	839408482425012480	839408482425012480	146	NA	146
4	"C14H26O7"	"[M - H2O + H]+"	"C14H25O6+"	"Fatty acids"	0.484	"Fatty acyl glycosides"	0.738	"Fatty acyl glycosides of mono- and disaccharides"	0.745	"Lipids and lipid-like molecules"	0.819	"Fatty Acyls"	0.714	"Fatty acyl glycosides"	0.746	"Alkyl glycosides"	0.736	"Alkyl glycosides"	0.736	"Organic compounds; Organoheterocyclic compounds; Carbohydrates and carbohydrate conjugates; Lipids and lipid-like molecules; Alcohols and polyols; Ethers; Primary alcohols; Organooxygen compounds; Hexoses; Monosaccharides; Acetals; Secondary alcohols; Fatty acyl glycosides; Oxanes; Glycosyl compounds; Alkyl glycosides; O-glycosyl compounds; Polyols; Fatty acyl glycosides of mono- and disaccharides; Fatty Acyls; Oxacyclic compounds; Hydrocarbon derivatives; Organic oxygen compounds; Chemical entities"	289.164	48	0.795	839408991210877568	839408482462761216	839408482462761216	147	NA	147
1	"C8H8O2"	"[M + H3N + H]+"	"C8H12NO2+"	"Terpenoids"	0.713	"Sesquiterpenoids"	0.103	"4-pyrone derivatives"	0.029	"Organoheterocyclic compounds"	0.946	"Furans"	0.895	NA	NA	NA	NA	"Furans"	0.895	"Organic compounds; Organoheterocyclic compounds; Furans; Ketones; Organooxygen compounds; Carbonyl compounds; Organic oxides; Oxacyclic compounds; Heteroaromatic compounds; Hydrocarbon derivatives; Organic oxygen compounds; Chemical entities"	154.086	48	0.801	839408982868406784	839408482496315648	839408482496315648	148	NA	148
3	"C14H26O2"	"[M + H3N + H]+"	"C14H30NO2+"	"Terpenoids"	0.963	"Sesquiterpenoids"	0.816	"Caryophyllane sesquiterpenoids"	0.33	"Lipids and lipid-like molecules"	0.707	"Prenol lipids"	0.618	NA	NA	NA	NA	"Prenol lipids"	0.618	"Organic compounds; Lipids and lipid-like molecules; Alcohols and polyols; Prenol lipids; Organooxygen compounds; Hydrocarbon derivatives; Organic oxygen compounds; Chemical entities"	244.227	49	0.81	839409096974447872	839408482534064384	839408482534064384	149	NA	149
1	"C6H14O4"	"[M + H3N + H]+"	"C6H18NO4+"	"Fatty acids"	0.943	"Fatty acyls"	0.912	"Fatty alcohols"	0.937	"Organic oxygen compounds"	1	"Organooxygen compounds"	1	"Ethers"	0.914	"Dialkyl ethers"	0.915	"Polyethylene glycols"	0.635	"Organic compounds; Alcohols and polyols; Ethers; Primary alcohols; Organooxygen compounds; Dialkyl ethers; Polyethylene glycols; Hydrocarbon derivatives; Organic oxygen compounds; Chemical entities"	168.123	49	0.814	839409367897128320	839408482571813120	839408482571813120	150	NA	150
1	"C20H38O2S"	"[M + H3N + H]+"	"C20H42NO2S+"	"Fatty acids"	0.999	"Fatty esters"	0.61	"Wax monoesters"	0.141	"Lipids and lipid-like molecules"	0.889	"Fatty Acyls"	0.896	NA	NA	NA	NA	"Fatty Acyls"	0.896	"Organic compounds; Organosulfur compounds; Lipids and lipid-like molecules; Organic acids and derivatives; Carboxylic acids and derivatives; Organooxygen compounds; Carboxylic acid derivatives; Thiocarboxylic acids and derivatives; Monocarboxylic acids and derivatives; Thioesters; Carboxylic acid esters; Carbonyl compounds; Sulfenyl compounds; Carbothioic S-esters; Fatty Acyls; Organic oxides; Hydrocarbon derivatives; Organic oxygen compounds; Chemical entities"	360.293	49	0.823	839408679993513856	839408482672476416	839408482668282112	152	NA	152
1	"C8H10O3"	"[M + H3N + H]+"	"C8H14NO3+"	"Polyketides"	0.703	"Cyclic polyketides"	0.514	"2-pyrone derivatives"	0.544	"Organic oxygen compounds"	1	"Organooxygen compounds"	1	"Carbonyl compounds"	0.65	NA	NA	"Carbonyl compounds"	0.65	"Organic compounds; Organooxygen compounds; Carbonyl compounds; Organic oxides; Hydrocarbon derivatives; Organic oxygen compounds; Chemical entities"	172.097	50	0.829	839409182244649088	839408482735390976	839408482735390976	153	NA	153
2	"C9H7N"	"[M + H]+"	"C9H8N+"	"Alkaloids"	0.991	"Tryptophan alkaloids"	0.895	"Simple indole alkaloids"	0.698	"Organoheterocyclic compounds"	0.946	"Indoles and derivatives"	0.462	"Indoles"	0.552	NA	NA	"Indoles"	0.552	"Organic compounds; Organoheterocyclic compounds; Organonitrogen compounds; Benzenoids; Indoles; Azacyclic compounds; Heteroaromatic compounds; Hydrocarbon derivatives; Organopnictogen compounds; Organic nitrogen compounds; Chemical entities"	130.065	52	0.858	839409126267467392	839408482794111232	839408482794111232	154	NA	154
1	"C15H30O2"	"[M + H3N + H]+"	"C15H34NO2+"	"Fatty acids"	0.778	"Fatty Acids and Conjugates"	0.501	"Fatty alcohols"	0.265	"Lipids and lipid-like molecules"	0.873	"Fatty Acyls"	0.723	NA	NA	NA	NA	"Fatty Acyls"	0.723	"Organic compounds; Lipids and lipid-like molecules; Alcohols and polyols; Carboxylic acids and derivatives; Organooxygen compounds; Carbonyl compounds; Fatty Acyls; Organic oxides; Hydrocarbon derivatives; Organic oxygen compounds; Chemical entities"	260.259	53	0.885	839408599186050048	839408482924134656	839408482924134656	156	NA	156
3	"C8H10N2O2"	"[M + H]+"	"C8H11N2O2+"	"Amino acids and Peptides"	0.875	"Nicotinic acid alkaloids"	0.851	"Pyridine alkaloids"	0.851	"Organic acids and derivatives"	0.916	"Carboxylic acids and derivatives"	0.817	"Amino acids, peptides, and analogues"	0.543	"Amino acids and derivatives"	0.544	"Amino acids and derivatives"	0.544	"Organic compounds; Organoheterocyclic compounds; Amino acids, peptides, and analogues; Pyridines and derivatives; Organic acids and derivatives; Carboxylic acids and derivatives; Organonitrogen compounds; Organooxygen compounds; Amino acids and derivatives; Carboxylic acid amides; Carboxylic acid derivatives; Organic oxides; Azacyclic compounds; Heteroaromatic compounds; Hydrocarbon derivatives; Organopnictogen compounds; Organic oxygen compounds; Organic nitrogen compounds; Chemical entities"	167.081	54	0.896	839409130587600640	839408483058352384	839408483058352384	158	NA	158
1	"C12H22O2"	"[M + H3N + H]+"	"C12H26NO2+"	"Fatty acids"	0.964	"Fatty Acids and Conjugates"	0.717	"Unsaturated fatty acids"	0.475	"Lipids and lipid-like molecules"	0.738	"Fatty Acyls"	0.683	"Fatty acids and conjugates"	0.527	NA	NA	"Fatty acids and conjugates"	0.527	"Organic compounds; Lipids and lipid-like molecules; Fatty acids and conjugates; Organic acids and derivatives; Carboxylic acids and derivatives; Organooxygen compounds; Monocarboxylic acids and derivatives; Carboxylic acids; Carbonyl compounds; Fatty Acyls; Organic oxides; Hydrocarbon derivatives; Organic oxygen compounds; Chemical entities"	216.196	54	0.899	839408734167147008	839408482995437824	839408482991243520	157	NA	157
3	"C16H23NO4"	"[M + H3N + H]+"	"C16H27N2O4+"	"Alkaloids"	0.334	"Lysine alkaloids"	0.194	"Piperidine alkaloids"	0.147	"Organic acids and derivatives"	0.94	"Carboxylic acids and derivatives"	0.901	"Carboxylic acid derivatives"	0.788	"Carboxylic acid amides"	0.569	"Carboxylic acid amides"	0.569	"Organic compounds; Organoheterocyclic compounds; Organic acids and derivatives; Carboxylic acids and derivatives; Organonitrogen compounds; Organooxygen compounds; Carboxylic acid amides; Carboxylic acid derivatives; Monocarboxylic acids and derivatives; Carbonyl compounds; Organic oxides; Hydrocarbon derivatives; Organopnictogen compounds; Organic oxygen compounds; Organic nitrogen compounds; Chemical entities"	311.196	55	0.919	839408604676394240	839408483117072640	839408483117072640	159	NA	159
3	"C15H21NO4"	"[M + H3N + H]+"	"C15H25N2O4+"	"Amino acids and Peptides"	0.587	"Macrolides"	0.139	"Piperidine alkaloids"	0.097	"Organic acids and derivatives"	0.924	"Carboxylic acids and derivatives"	0.873	"Carboxylic acid derivatives"	0.712	"Carboxylic acid amides"	0.566	"Carboxylic acid amides"	0.566	"Organic compounds; Organic acids and derivatives; Carboxylic acids and derivatives; Organonitrogen compounds; Organooxygen compounds; Carboxylic acid amides; Carboxylic acid derivatives; Monocarboxylic acids and derivatives; Carbonyl compounds; Organic oxides; Hydrocarbon derivatives; Organopnictogen compounds; Organic oxygen compounds; Organic nitrogen compounds; Chemical entities"	297.181	55	0.921	839409221377505920	839408483179987328	839408483175792896	160	NA	160
1	"C18H30O"	"[M + H3N + H]+"	"C18H34NO+"	"Terpenoids"	0.745	"Diterpenoids"	0.616	"Fatty alcohols"	0.098	"Lipids and lipid-like molecules"	0.88	"Prenol lipids"	0.587	NA	NA	NA	NA	"Prenol lipids"	0.587	"Organic compounds; Lipids and lipid-like molecules; Alcohols and polyols; Prenol lipids; Primary alcohols; Organooxygen compounds; Hydrocarbon derivatives; Organic oxygen compounds; Chemical entities"	280.264	55	0.924	839408847438523904	839408483549086080	839408483549086080	166	NA	166
1	"C25H32O6"	"[M + H3N + H]+"	"C25H36NO6+"	"Terpenoids"	0.729	"Sesquiterpenoids"	0.199	"Prenyl quinone meroterpenoids"	0.119	"Lipids and lipid-like molecules"	0.686	"Prenol lipids"	0.605	NA	NA	NA	NA	"Prenol lipids"	0.605	"Organic compounds; Lipids and lipid-like molecules; Ketones; Prenol lipids; Organic acids and derivatives; Carboxylic acids and derivatives; Organooxygen compounds; Carboxylic acid derivatives; Carbonyl compounds; Organic oxides; Hydrocarbon derivatives; Organic oxygen compounds; Chemical entities"	446.254	56	0.926	839409330773343488	839408483427451264	839408483427451264	164	NA	164
1	"C15H22O6"	"[M + H]+"	"C15H23O6+"	"Shikimates and Phenylpropanoids"	0.9	"Phenylpropanoids (C6-C3)"	0.831	"Cinnamic acids and derivatives"	0.87	"Organic oxygen compounds"	1	"Organooxygen compounds"	1	"Carbohydrates and carbohydrate conjugates"	0.978	"Glycosyl compounds"	0.805	"O-glycosyl compounds"	0.851	"Organic compounds; Organoheterocyclic compounds; Carbohydrates and carbohydrate conjugates; Alcohols and polyols; Ethers; Organooxygen compounds; Monosaccharides; Acetals; Secondary alcohols; Oxanes; Glycosyl compounds; O-glycosyl compounds; Benzene and substituted derivatives; Polyols; Phenol ethers; Benzenoids; Oxacyclic compounds; Hydrocarbon derivatives; Organic oxygen compounds; Phenoxy compounds; Chemical entities"	299.149	56	0.927	839408614038081024	839408483242901888	839408483242901888	161	NA	161
2	"C15H22O6"	"[M + Na]+"	"C15H22NaO6+"	"Terpenoids"	0.606	"Phenylpropanoids (C6-C3)"	0.532	"Cinnamic acids and derivatives"	0.534	"Organic oxygen compounds"	1	"Organooxygen compounds"	1	"Carbohydrates and carbohydrate conjugates"	0.595	"Glycosyl compounds"	0.525	"O-glycosyl compounds"	0.56	"Organic compounds; Organoheterocyclic compounds; Carbohydrates and carbohydrate conjugates; Lipids and lipid-like molecules; Alcohols and polyols; Ethers; Primary alcohols; Organooxygen compounds; Monosaccharides; Acetals; Secondary alcohols; Oxanes; Glycosyl compounds; O-glycosyl compounds; Benzene and substituted derivatives; Polyols; Phenol ethers; Benzenoids; Oxacyclic compounds; Hydrocarbon derivatives; Organic oxygen compounds; Chemical entities"	321.131	56	0.927	839408987658302080	839408483305816448	839408483305816448	162	NA	162
1	"C14H19NO4"	"[M + H3N + H]+"	"C14H23N2O4+"	"Fatty acids"	0.442	"Fatty amides"	0.291	"Pyrrolidine alkaloids"	0.294	"Benzenoids"	0.837	"Benzene and substituted derivatives"	0.786	"Phenoxy compounds"	0.511	NA	NA	"Phenoxy compounds"	0.511	"Organic compounds; Lipids and lipid-like molecules; Ethers; Organic acids and derivatives; Carboxylic acids and derivatives; Organonitrogen compounds; Organooxygen compounds; Carboxylic acid amides; Carboxylic acid derivatives; Monocarboxylic acids and derivatives; Carboxylic acids; Secondary carboxylic acid amides; Carbonyl compounds; Benzene and substituted derivatives; Benzenoids; Fatty Acyls; Organic oxides; Hydrocarbon derivatives; Organopnictogen compounds; Organic oxygen compounds; Organic nitrogen compounds; Phenoxy compounds; Chemical entities"	283.165	56	0.928	839408688457619712	839408483368731008	839408483368731008	163	NA	163
2	"C12H24O"	"[M + H3N + H]+"	"C12H28NO+"	"Fatty acids"	0.686	"Fatty acyls"	0.566	"Fatty alcohols"	0.412	"Lipids and lipid-like molecules"	0.721	NA	NA	NA	NA	NA	NA	"Lipids and lipid-like molecules"	0.721	"Organic compounds; Lipids and lipid-like molecules; Alcohols and polyols; Organooxygen compounds; Hydrocarbon derivatives; Organic oxygen compounds; Chemical entities"	202.217	56	0.933	839409201341315456	839408483486171520	839408483486171520	165	NA	165
2	"C16H28O"	"[M + H3N + H]+"	"C16H32NO+"	"Fatty acids"	0.732	"Fatty acyls"	0.489	"Fatty alcohols"	0.46	"Lipids and lipid-like molecules"	0.783	"Fatty Acyls"	0.546	NA	NA	NA	NA	"Fatty Acyls"	0.546	"Organic compounds; Lipids and lipid-like molecules; Alcohols and polyols; Organooxygen compounds; Carbonyl compounds; Fatty Acyls; Organic oxides; Hydrocarbon derivatives; Organic oxygen compounds; Chemical entities"	254.248	57	0.95	839408963553636736	839408483670720896	839408483670720896	168	NA	168
2	"C9H10O"	"[M + H]+"	"C9H11O+"	"Shikimates and Phenylpropanoids"	0.433	"Sesquiterpenoids"	0.352	"Simple phenolic acids"	0.159	"Organic oxygen compounds"	1	"Organooxygen compounds"	0.998	"Carbonyl compounds"	0.972	"Aldehydes"	0.938	"Benzaldehydes"	0.89	"Organic compounds; Aldehydes; Benzoyl derivatives; Organooxygen compounds; Benzaldehydes; Carbonyl compounds; Benzene and substituted derivatives; Benzenoids; Aryl-aldehydes; Organic oxides; Hydrocarbon derivatives; Organic oxygen compounds; Chemical entities"	135.081	58	0.961	839408713908657536	839408483612000640	839408483612000640	167	NA	167
2	"C15H24O7"	"[M - H2O + H]+"	"C15H23O6+"	"Terpenoids"	0.592	"Monoterpenoids"	0.389	"Fatty acyl glycosides of mono- and disaccharides"	0.262	"Organic oxygen compounds"	1	"Organooxygen compounds"	1	"Carbohydrates and carbohydrate conjugates"	0.921	"Glycosyl compounds"	0.823	"O-glycosyl compounds"	0.84	"Organic compounds; Organoheterocyclic compounds; Carbohydrates and carbohydrate conjugates; Lipids and lipid-like molecules; Alcohols and polyols; Ethers; Primary alcohols; Organooxygen compounds; Monosaccharides; Acetals; Secondary alcohols; Oxanes; Glycosyl compounds; O-glycosyl compounds; Polyols; Fatty Acyls; Oxacyclic compounds; Hydrocarbon derivatives; Organic oxygen compounds; Chemical entities"	299.149	58	0.961	839409244890774400	839408484031431040	839408484027236736	174	NA	174
1	"C15H22O6"	"[M + K]+"	"C15H22KO6+"	"Terpenoids"	0.731	"Sesquiterpenoids"	0.591	"Macrolide lactones"	0.336	"Lipids and lipid-like molecules"	0.564	NA	NA	NA	NA	NA	NA	"Lipids and lipid-like molecules"	0.564	"Organic compounds; Lipids and lipid-like molecules; Alcohols and polyols; Carboxylic acids and derivatives; Organooxygen compounds; Secondary alcohols; Carbonyl compounds; Polyols; Organic oxides; Hydrocarbon derivatives; Organic oxygen compounds; Chemical entities"	337.105	59	0.983	839409095594521856	839408484132094336	839408484132094336	176	NA	176
3	"C40H75NO9"	"[M + H]+"	"C40H76NO9+"	"Fatty acids"	0.998	"Spingolipids"	0.992	"Neutral glycosphingolipids"	0.99	"Lipids and lipid-like molecules"	0.969	"Sphingolipids"	0.685	"Glycosphingolipids"	0.805	"Neutral glycosphingolipids"	0.579	"Glycosyl-N-acylsphingosines"	0.563	"Organic compounds; Organoheterocyclic compounds; Carbohydrates and carbohydrate conjugates; Lipids and lipid-like molecules; Alcohols and polyols; Ethers; Sphingolipids; Organic acids and derivatives; Carboxylic acids and derivatives; Organonitrogen compounds; Primary alcohols; Organooxygen compounds; Fatty amides; Carboxylic acid amides; Carboxylic acid derivatives; N-acyl amines; Neutral glycosphingolipids; Simple glycosylceramides; Hexoses; Monosaccharides; Acetals; Secondary alcohols; Secondary carboxylic acid amides; Fatty acyl glycosides; Carbonyl compounds; Oxanes; Glycosyl compounds; Alkyl glycosides; O-glycosyl compounds; Polyols; Glycosphingolipids; Fatty acyl glycosides of mono- and disaccharides; Fatty Acyls; Organic oxides; Oxacyclic compounds; Hydrocarbon derivatives; Glycosyl-N-acylsphingosines; Organopnictogen compounds; Organic oxygen compounds; Organic nitrogen compounds; Chemical entities"	714.552	59	0.984	839408874764414720	839408483792355712	839408483792355712	170	NA	170
1	"C6H14O6"	"[M - H2O + H]+"	"C6H13O5+"	"Fatty acids"	0.976	"Fatty acyls"	0.991	"Fatty alcohols"	0.996	"Organic oxygen compounds"	1	"Organooxygen compounds"	0.999	"Carbohydrates and carbohydrate conjugates"	0.901	"Monosaccharides"	0.871	"Monosaccharides"	0.871	"Organic compounds; Carbohydrates and carbohydrate conjugates; Alcohols and polyols; Primary alcohols; Organooxygen compounds; Monosaccharides; Secondary alcohols; Sugar alcohols; Polyols; Hydrocarbon derivatives; Organic oxygen compounds; Chemical entities"	165.076	59	0.985	839409319067041024	839408483968516480	839408483964322176	173	NA	173
1	"C15H22O6"	"[M + H3N + H]+"	"C15H26NO6+"	"Terpenoids"	0.487	"Macrolides"	0.388	"Macrolide lactones"	0.49	"Lipids and lipid-like molecules"	0.579	NA	NA	NA	NA	NA	NA	"Lipids and lipid-like molecules"	0.579	"Organic compounds; Organoheterocyclic compounds; Lipids and lipid-like molecules; Alcohols and polyols; Carboxylic acids and derivatives; Organooxygen compounds; Secondary alcohols; Carbonyl compounds; Polyols; Organic oxides; Oxacyclic compounds; Hydrocarbon derivatives; Organic oxygen compounds; Chemical entities"	316.176	61	1.009	839408616118455808	839408484098539904	839408484098539904	175	NA	175
1	"C6H12O5"	"[M - H2O + H]+"	"C6H11O4+"	"Carbohydrates"	0.932	"Saccharides"	0.838	"Monosaccharides"	0.799	"Organic oxygen compounds"	1	"Organooxygen compounds"	1	"Carbohydrates and carbohydrate conjugates"	0.825	"Monosaccharides"	0.83	"Monosaccharides"	0.83	"Organic compounds; Carbohydrates and carbohydrate conjugates; Alcohols and polyols; Primary alcohols; Organooxygen compounds; Monosaccharides; Secondary alcohols; Short-chain aldehydes; Polyols; Hydrocarbon derivatives; Organic oxygen compounds; Chemical entities"	147.065	61	1.009	839408652881531904	839408483909796224	839408483905601920	172	NA	172
1	"C17H26O6"	"[M + H3N + H]+"	"C17H30NO6+"	"Terpenoids"	0.688	"Sesquiterpenoids"	0.502	"Bisabolane sesquiterpenoids"	0.327	"Lipids and lipid-like molecules"	0.637	NA	NA	NA	NA	NA	NA	"Lipids and lipid-like molecules"	0.637	"Organic compounds; Lipids and lipid-like molecules; Alcohols and polyols; Organic acids and derivatives; Carboxylic acids and derivatives; Organooxygen compounds; Secondary alcohols; Carbonyl compounds; Organic oxides; Hydrocarbon derivatives; Organic oxygen compounds; Chemical entities"	344.207	61	1.009	839408664822715648	839408484165648768	839408484165648768	177	NA	177
1	"C6H10O4"	"[M - H2O + H]+"	"C6H9O3+"	"Fatty acids"	0.917	"Fatty Acids and Conjugates"	0.786	"Dicarboxylic acids"	0.666	"Organic acids and derivatives"	0.614	"Carboxylic acids and derivatives"	0.661	"Carboxylic acids"	0.513	NA	NA	"Carboxylic acids"	0.513	"Organic compounds; Alcohols and polyols; Organic acids and derivatives; Carboxylic acids and derivatives; Organooxygen compounds; Carboxylic acids; Carbonyl compounds; Organic oxides; Hydrocarbon derivatives; Organic oxygen compounds; Chemical entities"	129.055	61	1.009	839408685391583360	839408483851075968	839408483851075968	171	NA	171
1	"C16H24O6"	"[M + H3N + H]+"	"C16H28NO6+"	"Terpenoids"	0.585	"Sesquiterpenoids"	0.312	"Macrolide lactones"	0.166	"Lipids and lipid-like molecules"	0.754	"Fatty Acyls"	0.599	NA	NA	NA	NA	"Fatty Acyls"	0.599	"Organic compounds; Lipids and lipid-like molecules; Alcohols and polyols; Organic acids and derivatives; Carboxylic acids and derivatives; Organooxygen compounds; Carboxylic acid esters; Secondary alcohols; Carbonyl compounds; Fatty Acyls; Organic oxides; Hydrocarbon derivatives; Organic oxygen compounds; Chemical entities"	330.191	62	1.031	839408998630601472	839408484241146240	839408484236951936	179	NA	179
1	"C12H24O"	"[M + H3N + H]+"	"C12H28NO+"	"Fatty acids"	0.935	"Fatty acyls"	0.867	"Fatty alcohols"	0.805	"Organic oxygen compounds"	0.999	"Organooxygen compounds"	0.999	"Alcohols and polyols"	0.719	"Primary alcohols"	0.509	"Primary alcohols"	0.509	"Organic compounds; Alcohols and polyols; Primary alcohols; Organooxygen compounds; Hydrocarbon derivatives; Organic oxygen compounds; Chemical entities"	202.217	63	1.055	839408605498477824	839408484278894976	839408484278894976	180	NA	180
2	"C15H31NO4"	"[M + H3N + H]+"	"C15H35N2O4+"	"Fatty acids"	0.82	"Fatty amides"	0.321	"N-acyl amines"	0.119	"Organic acids and derivatives"	0.995	"Carboxylic acids and derivatives"	0.986	"Amino acids, peptides, and analogues"	0.585	"Amino acids and derivatives"	0.582	"Amino acids and derivatives"	0.582	"Organic compounds; Lipids and lipid-like molecules; Amino acids, peptides, and analogues; Alcohols and polyols; Organic acids and derivatives; Carboxylic acids and derivatives; Organonitrogen compounds; Organooxygen compounds; Amino acids and derivatives; Carboxylic acid derivatives; Monocarboxylic acids and derivatives; Carboxylic acids; Carbonyl compounds; Fatty Acyls; Organic oxides; Hydrocarbon derivatives; Organopnictogen compounds; Organic oxygen compounds; Organic nitrogen compounds; Chemical entities"	307.259	66	1.096	839409120659682944	839408484358586752	839408484358586752	182	NA	182
2	"C16H28O"	"[M + H3N + H]+"	"C16H32NO+"	"Terpenoids"	0.939	"Sesquiterpenoids"	0.669	"Farnesane sesquiterpenoids"	0.156	"Lipids and lipid-like molecules"	0.833	"Prenol lipids"	0.657	NA	NA	NA	NA	"Prenol lipids"	0.657	"Organic compounds; Lipids and lipid-like molecules; Alcohols and polyols; Prenol lipids; Organooxygen compounds; Hydrocarbon derivatives; Organic oxygen compounds; Chemical entities"	254.248	70	1.165	839408635550667008	839408484631216512	839408484631216512	189	NA	189
1	"C13H18N6O5"	"[M - H2O + H]+"	"C13H17N6O4+"	"Carbohydrates"	0.465	"Nucleosides"	0.645	"Purine alkaloids"	0.72	"Organoheterocyclic compounds"	0.98	"Imidazopyrimidines"	0.814	"Purines and purine derivatives"	0.842	"Xanthines"	0.525	"Xanthines"	0.525	"Organic compounds; Organoheterocyclic compounds; Pyrimidines and pyrimidine derivatives; Imidazoles; Purines and purine derivatives; Xanthines; Organic acids and derivatives; Organonitrogen compounds; Pyrimidones; Organooxygen compounds; Azoles; Purinones; Diazines; 6-oxopurines; Imidazopyrimidines; Benzene and substituted derivatives; Substituted imidazoles; N-substituted imidazoles; Benzenoids; Amines; Primary amines; Organic oxides; Azacyclic compounds; Heteroaromatic compounds; Hydrocarbon derivatives; Organopnictogen compounds; Organic oxygen compounds; Organic nitrogen compounds; Chemical entities"	321.131	71	1.181	839409201995626880	839408484446667136	839408484446667136	184	NA	184
1	"C14H22N2O4"	"[M + Na]+"	"C14H22N2NaO4+"	"Amino acids and Peptides"	0.595	"Small peptides"	0.607	"Dipeptides"	0.32	"Organic acids and derivatives"	0.998	"Carboxylic acids and derivatives"	0.996	"Amino acids, peptides, and analogues"	0.616	"Amino acids and derivatives"	0.606	"Amino acids and derivatives"	0.606	"Organic compounds; Lipids and lipid-like molecules; Amino acids, peptides, and analogues; Fatty acids and conjugates; Organic acids and derivatives; Carboxylic acids and derivatives; Organonitrogen compounds; Organooxygen compounds; Fatty amides; Amino acids and derivatives; Carboxylic acid amides; Carboxylic acid derivatives; N-acyl amines; Monocarboxylic acids and derivatives; Carboxylic acids; Secondary carboxylic acid amides; Carbonyl compounds; Fatty Acyls; Acetamides; Organic oxides; Hydrocarbon derivatives; Organopnictogen compounds; Organic oxygen compounds; Organic nitrogen compounds; Chemical entities"	305.147	72	1.203	839408982532862464	839408484408918400	839408484408918400	183	NA	183
1	"C14H22O3Si"	"[M + H3N + H]+"	"C14H26NO3Si+"	"Terpenoids"	0.471	"Macrolides"	0.312	"Bisabolane sesquiterpenoids"	0.149	"Organic oxygen compounds"	1	"Organooxygen compounds"	0.999	"Alcohols and polyols"	0.546	NA	NA	"Alcohols and polyols"	0.546	"Organic compounds; Alcohols and polyols; Organohalogen compounds; Organooxygen compounds; Carbonyl compounds; Organic oxides; Hydrocarbon derivatives; Organic oxygen compounds; Chemical entities"	284.168	73	1.209	839408611177565696	839408484517970304	839408484517970304	186	NA	186
1	"C14H19NO4"	"[M + H3N + H]+"	"C14H23N2O4+"	"Fatty acids"	0.401	"Fatty amides"	0.301	"Piperidine alkaloids"	0.358	"Organic acids and derivatives"	0.995	"Carboxylic acids and derivatives"	0.984	"Carboxylic acid derivatives"	0.908	"Carboxylic acid amides"	0.703	"Secondary carboxylic acid amides"	0.585	"Organic compounds; Organoheterocyclic compounds; Organic acids and derivatives; Carboxylic acids and derivatives; Organonitrogen compounds; Organooxygen compounds; Carboxylic acid amides; Carboxylic acid derivatives; Secondary carboxylic acid amides; Carbonyl compounds; Organic oxides; Hydrocarbon derivatives; Organopnictogen compounds; Organic oxygen compounds; Organic nitrogen compounds; Chemical entities"	283.165	73	1.211	839408963452973440	839408484484415872	839408484484415872	185	NA	185
1	"C39H52O12"	"[M + Na]+"	"C39H52NaO12+"	"Terpenoids"	0.618	"Steroids"	0.153	"Spirotetronate macrolides"	0.19	"Organic oxygen compounds"	1	"Organooxygen compounds"	1	"Carbohydrates and carbohydrate conjugates"	0.773	"Glycosyl compounds"	0.67	"O-glycosyl compounds"	0.682	"Organic compounds; Organoheterocyclic compounds; Carbohydrates and carbohydrate conjugates; Lipids and lipid-like molecules; Lactones; Alcohols and polyols; Ethers; Organic acids and derivatives; Carboxylic acids and derivatives; Organooxygen compounds; Carboxylic acid derivatives; Carboxylic acid esters; Monosaccharides; Acetals; Secondary alcohols; Carbonyl compounds; Oxanes; Glycosyl compounds; O-glycosyl compounds; Benzenoids; Enoate esters; Alpha,beta-unsaturated carboxylic esters; Organic oxides; Oxacyclic compounds; Hydrocarbon derivatives; Organic oxygen compounds; Chemical entities"	735.336	73	1.212	839408625551445888	839408484555719040	839408484555719040	187	NA	187
2	"C10H23NO"	"[M + H]+"	"C10H24NO+"	"Fatty acids"	0.91	"Spingolipids"	0.234	"Sphingoid bases"	0.801	"Organic nitrogen compounds"	1	"Organonitrogen compounds"	1	"Amines"	0.998	"Alkanolamines"	0.954	"1,2-aminoalcohols"	0.928	"Organic compounds; Alcohols and polyols; Organonitrogen compounds; Primary alcohols; Organooxygen compounds; 1,2-aminoalcohols; Dialkylamines; Amines; Secondary amines; Alkanolamines; Hydrocarbon derivatives; Organopnictogen compounds; Organic oxygen compounds; Organic nitrogen compounds; Chemical entities"	174.185	73	1.223	839409127026636416	839408484668965248	839408484668965248	190	NA	190
1	"C34H50O7"	"[M + H3N + H]+"	"C34H54NO7+"	"Terpenoids"	0.753	"Triterpenoids"	0.344	"Lanostane, Tirucallane and Euphane triterpenoids"	0.07	"Lipids and lipid-like molecules"	0.863	"Prenol lipids"	0.722	NA	NA	NA	NA	"Prenol lipids"	0.722	"Organic compounds; Lipids and lipid-like molecules; Ketones; Alcohols and polyols; Ethers; Prenol lipids; Organic acids and derivatives; Carboxylic acids and derivatives; Organooxygen compounds; Carboxylic acid derivatives; Cyclic alcohols and derivatives; Secondary alcohols; Carbonyl compounds; Organic oxides; Hydrocarbon derivatives; Organic oxygen compounds; Chemical entities"	588.39	74	1.233	839408697395682048	839408484740268544	839408484740268544	192	NA	192
1	"C6H12O5"	"[M - H2O + H]+"	"C6H11O4+"	"Carbohydrates"	0.97	"Saccharides"	0.913	"Monosaccharides"	0.849	"Organic oxygen compounds"	1	"Organooxygen compounds"	1	"Carbohydrates and carbohydrate conjugates"	0.918	"Monosaccharides"	0.903	"Monosaccharides"	0.903	"Organic compounds; Carbohydrates and carbohydrate conjugates; Alcohols and polyols; Primary alcohols; Organooxygen compounds; Monosaccharides; Secondary alcohols; Short-chain aldehydes; Polyols; Hydrocarbon derivatives; Organic oxygen compounds; Chemical entities"	147.065	74	1.233	839408601601969152	839408484845126144	839408484845126144	195	NA	195
1	"C6H10O4"	"[M - H2O + H]+"	"C6H9O3+"	"Fatty acids"	0.946	"Fatty Acids and Conjugates"	0.78	"Dicarboxylic acids"	0.584	"Lipids and lipid-like molecules"	0.542	"Fatty Acyls"	0.522	NA	NA	NA	NA	"Fatty Acyls"	0.522	"Organic compounds; Lipids and lipid-like molecules; Alcohols and polyols; Organic acids and derivatives; Carboxylic acids and derivatives; Organooxygen compounds; Carbonyl compounds; Fatty Acyls; Organic oxides; Hydrocarbon derivatives; Organic oxygen compounds; Chemical entities"	129.055	74	1.233	839408607360748928	839408484773822976	839408484773822976	193	NA	193
1	"C17H26O6"	"[M + H3N + H]+"	"C17H30NO6+"	"Terpenoids"	0.727	"Sesquiterpenoids"	0.549	"Bisabolane sesquiterpenoids"	0.356	"Lipids and lipid-like molecules"	0.681	NA	NA	NA	NA	NA	NA	"Lipids and lipid-like molecules"	0.681	"Organic compounds; Lipids and lipid-like molecules; Alcohols and polyols; Organic acids and derivatives; Carboxylic acids and derivatives; Primary alcohols; Organooxygen compounds; Carboxylic acid derivatives; Carboxylic acid esters; Secondary alcohols; Carbonyl compounds; Organic oxides; Hydrocarbon derivatives; Organic oxygen compounds; Chemical entities"	344.207	74	1.241	839408622523158272	839408484916429312	839408484916429312	197	NA	197
1	"C16H24O6"	"[M + H3N + H]+"	"C16H28NO6+"	"Terpenoids"	0.598	"Sesquiterpenoids"	0.242	"Iridoids monoterpenoids"	0.239	"Lipids and lipid-like molecules"	0.773	"Fatty Acyls"	0.606	NA	NA	NA	NA	"Fatty Acyls"	0.606	"Organic compounds; Lipids and lipid-like molecules; Alcohols and polyols; Organic acids and derivatives; Carboxylic acids and derivatives; Primary alcohols; Organooxygen compounds; Monocarboxylic acids and derivatives; Secondary alcohols; Carbonyl compounds; Methyl esters; Fatty Acyls; Organic oxides; Hydrocarbon derivatives; Organic oxygen compounds; Chemical entities"	330.191	75	1.242	839408661937034496	839408484597662080	839408484593467776	188	NA	188
1	"C15H22O6"	"[M + H3N + H]+"	"C15H26NO6+"	"Terpenoids"	0.35	"Sesquiterpenoids"	0.171	"Macrolide lactones"	0.264	"Organic oxygen compounds"	1	"Organooxygen compounds"	1	"Carbohydrates and carbohydrate conjugates"	0.655	"Monosaccharides"	0.746	"Hexoses"	0.513	"Organic compounds; Organoheterocyclic compounds; Carbohydrates and carbohydrate conjugates; Lipids and lipid-like molecules; Alcohols and polyols; Ethers; Organooxygen compounds; Hexoses; Monosaccharides; Secondary alcohols; Carbonyl compounds; Oxanes; Polyols; Fatty Acyls; Organic oxides; Oxacyclic compounds; Hydrocarbon derivatives; Organic oxygen compounds; Chemical entities"	316.176	75	1.244	839409104339645824	839408485021286912	839408485021286912	200	NA	200
2	"C12H20N2O3"	"[M + H]+"	"C12H21N2O3+"	"Amino acids and Peptides"	0.542	"Small peptides"	0.511	"Dipeptides"	0.209	"Organic acids and derivatives"	0.994	"Carboxylic acids and derivatives"	0.987	"Amino acids, peptides, and analogues"	0.579	"Amino acids and derivatives"	0.572	"Amino acids and derivatives"	0.572	"Organic compounds; Organoheterocyclic compounds; Amino acids, peptides, and analogues; Organic acids and derivatives; Carboxylic acids and derivatives; Organonitrogen compounds; Organooxygen compounds; Amino acids and derivatives; Carboxylic acid amides; Carboxylic acid derivatives; Carboxylic acids; Secondary carboxylic acid amides; Carbonyl compounds; Organic oxides; Azacyclic compounds; Hydrocarbon derivatives; Organopnictogen compounds; Organic oxygen compounds; Organic nitrogen compounds; Chemical entities"	241.155	75	1.246	839409236468611840	839408484983538176	839408484983538176	199	NA	199
2	"C6H14O6"	"[M - H2O + H]+"	"C6H13O5+"	"Fatty acids"	0.978	"Fatty acyls"	0.992	"Fatty alcohols"	0.996	"Organic oxygen compounds"	1	"Organooxygen compounds"	0.999	"Carbohydrates and carbohydrate conjugates"	0.932	"Monosaccharides"	0.906	"Monosaccharides"	0.906	"Organic compounds; Carbohydrates and carbohydrate conjugates; Alcohols and polyols; Primary alcohols; Organooxygen compounds; Monosaccharides; Secondary alcohols; Sugar alcohols; Polyols; Hydrocarbon derivatives; Organic oxygen compounds; Chemical entities"	165.076	75	1.247	839408690827401472	839408484882874880	839408484882874880	196	NA	196
1	"C15H22O6"	"[M + H]+"	"C15H23O6+"	"Terpenoids"	0.241	"Phenylpropanoids (C6-C3)"	0.252	"Cinnamic acids and derivatives"	0.276	"Organic oxygen compounds"	1	"Organooxygen compounds"	1	"Carbohydrates and carbohydrate conjugates"	0.852	"Glycosyl compounds"	0.612	"O-glycosyl compounds"	0.637	"Organic compounds; Organoheterocyclic compounds; Carbohydrates and carbohydrate conjugates; Lipids and lipid-like molecules; Alcohols and polyols; Ethers; Primary alcohols; Organooxygen compounds; Monosaccharides; Acetals; Secondary alcohols; Oxanes; Glycosyl compounds; O-glycosyl compounds; Polyols; Oxacyclic compounds; Hydrocarbon derivatives; Organic oxygen compounds; Chemical entities"	299.149	75	1.247	839409217002846720	839408485059035648	839408485059035648	201	NA	201
2	"C9H10O"	"[M + H]+"	"C9H11O+"	"Shikimates and Phenylpropanoids"	0.443	"Sesquiterpenoids"	0.319	"Simple phenolic acids"	0.221	"Organic oxygen compounds"	0.999	"Organooxygen compounds"	0.998	"Carbonyl compounds"	0.947	"Aldehydes"	0.932	"Benzaldehydes"	0.876	"Organic compounds; Aldehydes; Benzoyl derivatives; Organooxygen compounds; Benzaldehydes; Carbonyl compounds; Benzene and substituted derivatives; Benzenoids; Aryl-aldehydes; Organic oxides; Hydrocarbon derivatives; Organic oxygen compounds; Chemical entities"	135.081	75	1.247	839409364004814208	839408484811571712	839408484811571712	194	NA	194
3	"C13H10FN5O4"	"[M + H3N + H]+"	"C13H14FN6O4+"	"Alkaloids"	0.348	"Small peptides"	0.029	"Purine alkaloids"	0.051	"Organic 1,3-dipolar compounds"	0.712	"Allyl-type 1,3-dipolar organic compounds"	0.702	"Organic nitro compounds"	0.736	"C-nitro compounds"	0.706	"Nitroaromatic compounds"	0.67	"Organic compounds; Organoheterocyclic compounds; Halobenzenes; Organic acids and derivatives; Carboxylic acids and derivatives; Organohalogen compounds; Organonitrogen compounds; Organooxygen compounds; Azoles; Aryl fluorides; Carboxylic acid derivatives; Fluorobenzenes; Organic nitro compounds; Organic oxoazanium compounds; Organofluorides; Benzene and substituted derivatives; Benzenoids; Aryl halides; Organic 1,3-dipolar compounds; Allyl-type 1,3-dipolar organic compounds; Propargyl-type 1,3-dipolar organic compounds; Organic oxides; C-nitro compounds; Azacyclic compounds; Heteroaromatic compounds; Hydrocarbon derivatives; Organopnictogen compounds; Organic oxygen compounds; Nitroaromatic compounds; Organic nitrogen compounds; Chemical entities"	337.105	75	1.251	839409126053557888	839408485096784384	839408485096784384	202	NA	202
2	"C13H24O4"	"[M + H3N + H]+"	"C13H28NO4+"	"Fatty acids"	0.954	"Fatty Acids and Conjugates"	0.745	"Dicarboxylic acids"	0.439	"Lipids and lipid-like molecules"	0.903	"Fatty Acyls"	0.894	"Fatty acids and conjugates"	0.73	"Branched fatty acids"	0.525	"Branched fatty acids"	0.525	"Organic compounds; Lipids and lipid-like molecules; Alcohols and polyols; Fatty acids and conjugates; Organic acids and derivatives; Carboxylic acids and derivatives; Organooxygen compounds; Branched fatty acids; Monocarboxylic acids and derivatives; Carboxylic acids; Secondary alcohols; Carbonyl compounds; Fatty Acyls; Organic oxides; Hydrocarbon derivatives; Organic oxygen compounds; Chemical entities"	262.201	79	1.32	839408603753647232	839408485134533120	839408485134533120	203	NA	203
2	"C10H13NO3S"	"[M + H3N + H]+"	"C10H17N2O3S+"	"Amino acids and Peptides"	0.87	"Small peptides"	0.433	"Aminoacids"	0.251	"Benzenoids"	0.576	"Benzene and substituted derivatives"	0.59	NA	NA	NA	NA	"Benzene and substituted derivatives"	0.59	"Organic compounds; Organosulfur compounds; Organic acids and derivatives; Organonitrogen compounds; Organooxygen compounds; Sulfones; Sulfonyls; Carbonyl compounds; Benzene and substituted derivatives; Benzenoids; Organic oxides; Hydrocarbon derivatives; Organopnictogen compounds; Organic oxygen compounds; Organic nitrogen compounds; Chemical entities"	245.095	84	1.397	839408607494966656	839408485168087552	839408485163893248	204	NA	204
1	"C25H32O6"	"[M + H3N + H]+"	"C25H36NO6+"	"Shikimates and Phenylpropanoids"	0.586	"Lignans"	0.362	"Dibenzylbutane lignans"	0.058	"Organic oxygen compounds"	1	"Organooxygen compounds"	1	"Ethers"	0.811	"Alkyl aryl ethers"	0.522	"Alkyl aryl ethers"	0.522	"Organic compounds; Organoheterocyclic compounds; Alkyl aryl ethers; Ethers; Organooxygen compounds; Carbonyl compounds; Benzenoids; Organic oxides; Oxacyclic compounds; Hydrocarbon derivatives; Organic oxygen compounds; Chemical entities"	446.254	85	1.41	839409189735676160	839408485201641984	839408485201641984	205	NA	205
1	"C20H39NO"	"[M + H3N + H]+"	"C20H43N2O+"	"Fatty acids"	0.997	"Fatty amides"	0.986	"Primary amides"	0.855	"Organic acids and derivatives"	0.701	"Carboxylic acids and derivatives"	0.612	"Carboxylic acid derivatives"	0.525	"Carboxylic acid amides"	0.552	"Carboxylic acid amides"	0.552	"Organic compounds; Organic acids and derivatives; Carboxylic acids and derivatives; Organonitrogen compounds; Organooxygen compounds; Carboxylic acid amides; Carboxylic acid derivatives; Carbonyl compounds; Organic oxides; Hydrocarbon derivatives; Organopnictogen compounds; Organic oxygen compounds; Organic nitrogen compounds; Chemical entities"	327.337	85	1.421	839408712029609216	839408485235196416	839408485235196416	206	NA	206
2	"C14H22N4O4"	"[M + Na]+"	"C14H22N4NaO4+"	"Amino acids and Peptides"	0.797	"Small peptides"	0.789	"Dipeptides"	0.624	"Organic acids and derivatives"	0.987	"Carboxylic acids and derivatives"	0.961	"Amino acids, peptides, and analogues"	0.721	"Amino acids and derivatives"	0.718	"Alpha amino acids and derivatives"	0.535	"Organic compounds; Lipids and lipid-like molecules; Amino acids, peptides, and analogues; Alpha amino acids and derivatives; Organic acids and derivatives; Carboxylic acids and derivatives; Organonitrogen compounds; Organooxygen compounds; Amino acids and derivatives; Carboxylic acid amides; Carboxylic acid derivatives; Secondary carboxylic acid amides; Carbonyl compounds; Amines; Fatty Acyls; Organic oxides; Hydrocarbon derivatives; Organopnictogen compounds; Organic oxygen compounds; Organic nitrogen compounds; Chemical entities"	333.152	88	1.466	839409136728061824	839408485268750848	839408485268750848	207	NA	207
1	"C18H35NO"	"[M + H3N + H]+"	"C18H39N2O+"	"Fatty acids"	0.999	"Fatty amides"	0.993	"Primary amides"	0.981	"Lipids and lipid-like molecules"	0.711	"Fatty Acyls"	0.74	"Fatty amides"	0.713	NA	NA	"Fatty amides"	0.713	"Organic compounds; Lipids and lipid-like molecules; Organic acids and derivatives; Carboxylic acids and derivatives; Organonitrogen compounds; Organooxygen compounds; Fatty amides; Carboxylic acid amides; Carboxylic acid derivatives; Secondary carboxylic acid amides; Carbonyl compounds; Fatty Acyls; Organic oxides; Hydrocarbon derivatives; Organopnictogen compounds; Organic oxygen compounds; Organic nitrogen compounds; Chemical entities"	299.306	92	1.527	839408874944769792	839408485306499584	839408485302305280	208	NA	208
1	"C16H24N6O7"	"[M - H2O + H]+"	"C16H23N6O6+"	"Carbohydrates"	0.655	"Aminosugars and aminoglycosides"	0.267	"Aminoglycosides"	0.143	"Organic 1,3-dipolar compounds"	0.896	"Allyl-type 1,3-dipolar organic compounds"	0.892	"Organic nitro compounds"	0.908	"C-nitro compounds"	0.863	"Nitroaromatic compounds"	0.82	"Organic compounds; Organoheterocyclic compounds; Alcohols and polyols; Organonitrogen compounds; Primary alcohols; Organooxygen compounds; Organic nitro compounds; Organic oxoazanium compounds; Secondary alcohols; Benzenoids; Amines; Primary amines; Organic zwitterions; Organic 1,3-dipolar compounds; Allyl-type 1,3-dipolar organic compounds; Propargyl-type 1,3-dipolar organic compounds; Organic oxides; C-nitro compounds; Azacyclic compounds; Heteroaromatic compounds; Hydrocarbon derivatives; Organopnictogen compounds; Organic oxygen compounds; Nitroaromatic compounds; Organic nitrogen compounds; Chemical entities"	395.168	92	1.528	839409380375182720	839408485340054016	839408485340054016	209	NA	209
2	"C18H27N3O4"	"[M + H]+"	"C18H28N3O4+"	"Amino acids and Peptides"	0.436	"Ornithine alkaloids"	0.078	"Cyclic peptides"	0.022	"Organic acids and derivatives"	0.996	"Carboxylic acids and derivatives"	0.989	"Amino acids, peptides, and analogues"	0.724	"Amino acids and derivatives"	0.715	"Amino acids and derivatives"	0.715	"Organic compounds; Lipids and lipid-like molecules; Amino acids, peptides, and analogues; Alcohols and polyols; Organic acids and derivatives; Carboxylic acids and derivatives; Organonitrogen compounds; Organooxygen compounds; Fatty amides; Amino acids and derivatives; Carboxylic acid amides; Carboxylic acid derivatives; Secondary alcohols; Secondary carboxylic acid amides; Carbonyl compounds; Benzene and substituted derivatives; Benzenoids; Amines; Fatty Acyls; Organic oxides; Hydrocarbon derivatives; Organopnictogen compounds; Organic oxygen compounds; Organic nitrogen compounds; Chemical entities"	350.207	95	1.59	839408672292771456	839408485407162880	839408485407162880	211	NA	211
1	"C20H33N3O6"	"[M - H2O + H]+"	"C20H32N3O5+"	"Amino acids and Peptides"	0.898	"Small peptides"	0.435	"Tripeptides"	0.105	"Organic acids and derivatives"	0.998	"Carboxylic acids and derivatives"	0.994	"Amino acids, peptides, and analogues"	0.847	"Amino acids and derivatives"	0.833	"N-acyl-alpha amino acids and derivatives"	0.633	"Organic compounds; Lipids and lipid-like molecules; Amino acids, peptides, and analogues; Alpha amino acids and derivatives; Alcohols and polyols; Organic acids and derivatives; Carboxylic acids and derivatives; Organonitrogen compounds; Primary alcohols; Organooxygen compounds; Fatty amides; Amino acids and derivatives; Carboxylic acid amides; Carboxylic acid derivatives; N-acyl amines; N-acyl-alpha amino acids and derivatives; Secondary alcohols; Secondary carboxylic acid amides; Carbonyl compounds; Alpha amino acid amides; Fatty Acyls; Organic oxides; Hydrocarbon derivatives; Organopnictogen compounds; Organic oxygen compounds; Organic nitrogen compounds; Chemical entities"	394.234	95	1.592	839409049171964928	839408485373608448	839408485373608448	210	NA	210
2	"C18H27N3O4"	"[M + H]+"	"C18H28N3O4+"	"Amino acids and Peptides"	0.482	"Small peptides"	0.162	"Dipeptides"	0.058	"Organic acids and derivatives"	0.997	"Carboxylic acids and derivatives"	0.992	"Amino acids, peptides, and analogues"	0.772	"Amino acids and derivatives"	0.764	"Amino acids and derivatives"	0.764	"Organic compounds; Lipids and lipid-like molecules; Amino acids, peptides, and analogues; Alcohols and polyols; Organic acids and derivatives; Carboxylic acids and derivatives; Organonitrogen compounds; Benzoyl derivatives; Organooxygen compounds; Fatty amides; Amino acids and derivatives; Carboxylic acid amides; Carboxylic acid derivatives; Secondary carboxylic acid amides; Carbonyl compounds; Benzene and substituted derivatives; Benzenoids; Amines; Fatty Acyls; Organic oxides; Hydrocarbon derivatives; Organopnictogen compounds; Organic oxygen compounds; Organic nitrogen compounds; Chemical entities"	350.207	98	1.634	839408831454030976	839408485440717312	839408485440717312	212	NA	212
3	"C12H22O3"	"[M + H3N + H]+"	"C12H26NO3+"	"Fatty acids"	0.96	"Fatty esters"	0.363	"Oxo fatty acids"	0.19	"Lipids and lipid-like molecules"	0.652	"Fatty Acyls"	0.659	NA	NA	NA	NA	"Fatty Acyls"	0.659	"Organic compounds; Lipids and lipid-like molecules; Alcohols and polyols; Organic acids and derivatives; Carboxylic acids and derivatives; Organooxygen compounds; Monocarboxylic acids and derivatives; Carbonyl compounds; Fatty Acyls; Organic oxides; Hydrocarbon derivatives; Organic oxygen compounds; Chemical entities"	232.191	106	1.761	839408714168704384	839408485478466048	839408485478466048	213	NA	213
1	"C16H24N6O7"	"[M - H2O + H]+"	"C16H23N6O6+"	"Carbohydrates"	0.729	"Nucleosides"	0.308	"Purine nucleosides"	0.203	"Organoheterocyclic compounds"	0.842	"Diazines"	0.532	"Pyrimidines and pyrimidine derivatives"	0.521	NA	NA	"Pyrimidines and pyrimidine derivatives"	0.521	"Organic compounds; Organoheterocyclic compounds; Pyrimidines and pyrimidine derivatives; Alcohols and polyols; Organic acids and derivatives; Organonitrogen compounds; Primary alcohols; Organooxygen compounds; Diazines; Secondary alcohols; Amines; Primary amines; Organic oxides; Azacyclic compounds; Heteroaromatic compounds; Hydrocarbon derivatives; Organopnictogen compounds; Organic oxygen compounds; Organic nitrogen compounds; Chemical entities"	395.168	107	1.784	839409103127491968	839408485512020480	839408485512020480	214	NA	214
2	"C19H38N2O3"	"[M + H]+"	"C19H39N2O3+"	"Fatty acids"	0.946	"Fatty amides"	0.784	"N-acyl ethanolamines (endocannabinoids)"	0.141	"Organic acids and derivatives"	0.964	"Carboxylic acids and derivatives"	0.932	"Amino acids, peptides, and analogues"	0.695	"Amino acids and derivatives"	0.691	"Carbamate esters"	0.538	"Organic compounds; Lipids and lipid-like molecules; Amino acids, peptides, and analogues; Alcohols and polyols; Organic acids and derivatives; Carboxylic acids and derivatives; Organonitrogen compounds; Carbamic acids and derivatives; Organooxygen compounds; Fatty amides; Amino acids and derivatives; Carboxylic acid amides; Carboxylic acid derivatives; N-acyl amines; Carbamate esters; Carbonyl compounds; Fatty Acyls; Organic oxides; Hydrocarbon derivatives; Organopnictogen compounds; Organic oxygen compounds; Organic nitrogen compounds; Chemical entities"	343.295	110	1.826	839408700252003200	839408485579129344	839408485579129344	216	NA	216
7	"C43H73N11O11"	"[M + H3N + H]+"	"C43H77N12O11+"	"Amino acids and Peptides"	0.986	"Oligopeptides"	0.998	"Linear peptides"	0.389	"Organic acids and derivatives"	1	"Carboxylic acids and derivatives"	0.998	"Amino acids, peptides, and analogues"	0.996	"Peptides"	0.645	"Peptides"	0.645	"Organic compounds; Organoheterocyclic compounds; Lipids and lipid-like molecules; Amino acids, peptides, and analogues; Alpha amino acids and derivatives; Alcohols and polyols; Pyrrolidines; Organic acids and derivatives; Carboxylic acids and derivatives; Organonitrogen compounds; Organooxygen compounds; Fatty amides; Amino acids and derivatives; Peptides; Carboxylic acid amides; Carboxylic acid derivatives; N-acyl amines; Monocarboxylic acids and derivatives; N-acyl-alpha amino acids and derivatives; Carboxylic acids; Primary carboxylic acid amides; Secondary carboxylic acid amides; Tertiary carboxylic acid amides; Carbonyl compounds; Pyrrolidine carboxylic acids and derivatives; Pyrrolidinecarboxamides; Benzene and substituted derivatives; Alpha amino acid amides; N-acyl-alpha amino acids; N-acylpyrrolidines; Fatty Acyls; Organic oxides; Azacyclic compounds; Hydrocarbon derivatives; Valine and derivatives; Proline and derivatives; Organopnictogen compounds; Organic oxygen compounds; Organic nitrogen compounds; Chemical entities"	937.586	110	1.834	839408699702549376	839408485650432512	839408485650432512	218	NA	218
2	"C22H35N3O5"	"[M + H]+"	"C22H36N3O5+"	"Amino acids and Peptides"	0.989	"Small peptides"	0.791	"Tripeptides"	0.51	"Organic acids and derivatives"	0.998	"Carboxylic acids and derivatives"	0.996	"Amino acids, peptides, and analogues"	0.975	"Peptides"	0.886	"Dipeptides"	0.715	"Organic compounds; Lipids and lipid-like molecules; Amino acids, peptides, and analogues; Alpha amino acids and derivatives; Alcohols and polyols; Organic acids and derivatives; Carboxylic acids and derivatives; Organonitrogen compounds; Organooxygen compounds; Fatty amides; Amino acids and derivatives; Peptides; Carboxylic acid amides; Carboxylic acid derivatives; N-acyl amines; N-acyl-alpha amino acids and derivatives; Secondary carboxylic acid amides; Tertiary carboxylic acid amides; Carbonyl compounds; Alpha amino acid amides; Fatty Acyls; Organic oxides; Hydrocarbon derivatives; Valine and derivatives; Organopnictogen compounds; Organic oxygen compounds; Organic nitrogen compounds; Dipeptides; Chemical entities"	422.265	111	1.846	839409035628557184	839408485545574912	839408485545574912	215	NA	215
1	"C49H83N9O7"	"[M + Na]+"	"C49H83N9NaO7+"	"Fatty acids"	0.989	"Glycerolipids"	0.936	"Diacylglycerols"	0.302	"Organic acids and derivatives"	0.994	"Carboxylic acids and derivatives"	0.98	"Amino acids, peptides, and analogues"	0.716	"Amino acids and derivatives"	0.708	"Alpha amino acids and derivatives"	0.577	"Organic compounds; Lipids and lipid-like molecules; Amino acids, peptides, and analogues; Alpha amino acids and derivatives; Alcohols and polyols; Glycerolipids; Organic acids and derivatives; Carboxylic acids and derivatives; Organonitrogen compounds; Organooxygen compounds; Fatty acid esters; Amino acids and derivatives; Monoalkylamines; Carboxylic acid amides; Carboxylic acid derivatives; Carboxylic acid esters; Carbonyl compounds; Amines; Fatty Acyls; Organic oxides; Azacyclic compounds; Hydrocarbon derivatives; Organopnictogen compounds; Organic oxygen compounds; Organic nitrogen compounds; Chemical entities"	932.631	111	1.847	839408863657897728	839408485692375552	839408485692375552	219	NA	219
2	"C53H82O15"	"[M + H]+"	"C53H83O15+"	"Fatty acids"	0.999	"Glycerolipids"	1	"Glycosyldiacylglycerols"	0.996	"Lipids and lipid-like molecules"	0.996	"Glycerolipids"	0.997	"Glycosylglycerols"	1	"Glycosyldiradylglycerols"	0.998	"Glycosyldiacylglycerols"	0.991	"Organic compounds; Organoheterocyclic compounds; Carbohydrates and carbohydrate conjugates; Lipids and lipid-like molecules; Alcohols and polyols; Glycerolipids; Ethers; Organic acids and derivatives; Carboxylic acids and derivatives; Primary alcohols; Organooxygen compounds; Fatty acid esters; Dicarboxylic acids and derivatives; Lineolic acids and derivatives; Glycosylglycerols; Carboxylic acid derivatives; Carboxylic acid esters; Disaccharides; Acetals; Secondary alcohols; Fatty acyl glycosides; Carbonyl compounds; Oxanes; Glycosyl compounds; O-glycosyl compounds; Polyols; Glycosyldiacylglycerols; Glycosyldiradylglycerols; Fatty acyl glycosides of mono- and disaccharides; Fatty Acyls; Organic oxides; Oxacyclic compounds; Hydrocarbon derivatives; Organic oxygen compounds; Chemical entities"	959.57	111	1.848	839408713287900544	839408485734318592	839408485734318592	220	NA	220
6	"C47H80N6O13"	"[M + H3N + H]+"	"C47H84N7O13+"	"Fatty acids"	1	"Glycerolipids"	0.992	"Glycosyldiacylglycerols"	0.821	"Lipids and lipid-like molecules"	0.99	"Glycerolipids"	0.958	"Glycosylglycerols"	0.873	NA	NA	"Glycosylglycerols"	0.873	"Organic compounds; Organoheterocyclic compounds; Carbohydrates and carbohydrate conjugates; Lipids and lipid-like molecules; Alcohols and polyols; Glycerolipids; Ethers; Organic acids and derivatives; Carboxylic acids and derivatives; Organonitrogen compounds; Primary alcohols; Organooxygen compounds; Fatty acid esters; Dicarboxylic acids and derivatives; Glycosylglycerols; Carboxylic acid derivatives; Carboxylic acid esters; Hexoses; Monosaccharides; Acetals; Secondary alcohols; Fatty acyl glycosides; Carbonyl compounds; Oxanes; Glycosyl compounds; O-glycosyl compounds; Polyols; Fatty acyl glycosides of mono- and disaccharides; Fatty Acyls; Organic oxides; Oxacyclic compounds; Hydrocarbon derivatives; Organopnictogen compounds; Organic oxygen compounds; Organic nitrogen compounds; Chemical entities"	954.615	111	1.85	839408659164599424	839408485776261632	839408485776261632	221	NA	221
1	"C8H16N2O2"	"[M - H2O + H]+"	"C8H15N2O+"	"Fatty acids"	0.227	"Fatty amides"	0.252	"Aminoacids"	0.048	"Organoheterocyclic compounds"	0.735	"Diazinanes"	0.712	"Piperazines"	0.711	NA	NA	"Piperazines"	0.711	"Organic compounds; Organoheterocyclic compounds; Alcohols and polyols; Piperazines; Organic acids and derivatives; Organonitrogen compounds; Primary alcohols; Organooxygen compounds; Carbonyl compounds; Diazinanes; Amines; Organic oxides; Azacyclic compounds; Hydrocarbon derivatives; Organopnictogen compounds; Organic oxygen compounds; Organic nitrogen compounds; Chemical entities"	155.118	112	1.867	839408621705268992	839408485814010368	839408485814010368	222	NA	222
1	"C21H35N3O6"	"[M - H2O + H]+"	"C21H34N3O5+"	"Amino acids and Peptides"	0.975	"Oligopeptides"	0.473	"Tripeptides"	0.195	"Organic acids and derivatives"	0.999	"Carboxylic acids and derivatives"	0.998	"Amino acids, peptides, and analogues"	0.903	"Peptides"	0.527	"Peptides"	0.527	"Organic compounds; Lipids and lipid-like molecules; Amino acids, peptides, and analogues; Alpha amino acids and derivatives; Alcohols and polyols; Organic acids and derivatives; Carboxylic acids and derivatives; Organonitrogen compounds; Organooxygen compounds; Fatty amides; Amino acids and derivatives; Peptides; Carboxylic acid amides; Carboxylic acid derivatives; N-acyl amines; N-acyl-alpha amino acids and derivatives; Secondary carboxylic acid amides; Carbonyl compounds; Alpha amino acid amides; Fatty Acyls; Organic oxides; Hydrocarbon derivatives; Organopnictogen compounds; Organic oxygen compounds; Organic nitrogen compounds; Chemical entities"	408.249	113	1.878	839408617376747136	839408485612683776	839408485612683776	217	NA	217
1	"C20H32N4O7"	"[M + K]+"	"C20H32KN4O7+"	"Amino acids and Peptides"	0.949	"Oligopeptides"	0.532	"Cyclic peptides"	0.374	"Organic acids and derivatives"	0.998	"Carboxylic acids and derivatives"	0.995	"Amino acids, peptides, and analogues"	0.927	"Peptides"	0.68	"Peptides"	0.68	"Organic compounds; Lipids and lipid-like molecules; Amino acids, peptides, and analogues; Alpha amino acids and derivatives; Alcohols and polyols; Fatty acids and conjugates; Organic acids and derivatives; Carboxylic acids and derivatives; Organonitrogen compounds; Organooxygen compounds; Fatty amides; Amino acids and derivatives; Peptides; Hydroxamic acids; Carboxylic acid amides; Carboxylic acid derivatives; N-acyl amines; Monocarboxylic acids and derivatives; N-acyl-alpha amino acids and derivatives; Carboxylic acids; Primary carboxylic acid amides; Secondary carboxylic acid amides; Carbonyl compounds; Alpha amino acid amides; Fatty Acyls; Organic oxides; Hydrocarbon derivatives; Valine and derivatives; Organopnictogen compounds; Organic oxygen compounds; Organic nitrogen compounds; Chemical entities"	479.189	113	1.88	839409162267179008	839408485847564800	839408485847564800	223	NA	223
3	"C23H25N3O6"	"[M + H3N + H]+"	"C23H29N4O6+"	"Amino acids and Peptides"	0.79	"Oligopeptides"	0.338	"Cyclic peptides"	0.063	"Organic acids and derivatives"	0.994	"Carboxylic acids and derivatives"	0.971	"Amino acids, peptides, and analogues"	0.799	"Amino acids and derivatives"	0.788	"Alpha amino acids and derivatives"	0.665	"Organic compounds; Amino acids, peptides, and analogues; Alpha amino acids and derivatives; Anisoles; Organic acids and derivatives; Carboxylic acids and derivatives; Organonitrogen compounds; Organooxygen compounds; Amino acids and derivatives; Carboxylic acid amides; Carboxylic acid derivatives; Secondary carboxylic acid amides; Carbonyl compounds; Benzene and substituted derivatives; Benzenoids; Organic oxides; Methoxybenzenes; Hydrocarbon derivatives; Organopnictogen compounds; Organic oxygen compounds; Organic nitrogen compounds; Phenoxy compounds; Chemical entities"	457.207	113	1.88	839408699241175936	839408485889507968	839408485889507840	224	NA	224
1	"C55H81N3O10"	"[M - H2O + H]+"	"C55H80N3O9+"	"Fatty acids"	0.877	"Spingolipids"	0.328	"Neutral glycosphingolipids"	0.343	"Lipids and lipid-like molecules"	0.973	"Fatty Acyls"	0.872	"Fatty acyl glycosides"	0.785	"Alkyl glycosides"	0.627	"Alkyl glycosides"	0.627	"Organic compounds; Organoheterocyclic compounds; Lipids and lipid-like molecules; Alcohols and polyols; Prenol lipids; Organic acids and derivatives; Carboxylic acids and derivatives; Organonitrogen compounds; Primary alcohols; Organooxygen compounds; Fatty amides; Carboxylic acid amides; Carboxylic acid derivatives; N-acyl amines; Secondary alcohols; Secondary carboxylic acid amides; Fatty acyl glycosides; Carbonyl compounds; Oxanes; Glycosyl compounds; Alkyl glycosides; O-glycosyl compounds; Polyols; Fatty acyl glycosides of mono- and disaccharides; Fatty Acyls; Organic oxides; Oxacyclic compounds; Hydrocarbon derivatives; Organopnictogen compounds; Organic oxygen compounds; Organic nitrogen compounds; Chemical entities"	926.584	114	1.895	839408910583771264	839408485927256704	839408485927256704	225	NA	225
1	"C21H35N3O6"	"[M - H2O + H]+"	"C21H34N3O5+"	"Amino acids and Peptides"	0.982	"Small peptides"	0.793	"Tripeptides"	0.52	"Organic acids and derivatives"	0.999	"Carboxylic acids and derivatives"	0.997	"Amino acids, peptides, and analogues"	0.929	"Peptides"	0.711	"Peptides"	0.711	"Organic compounds; Lipids and lipid-like molecules; Amino acids, peptides, and analogues; Alpha amino acids and derivatives; Alcohols and polyols; Organic acids and derivatives; Carboxylic acids and derivatives; Organonitrogen compounds; Organooxygen compounds; Fatty amides; Amino acids and derivatives; Peptides; Carboxylic acid amides; Carboxylic acid derivatives; N-acyl amines; N-acyl-alpha amino acids and derivatives; Secondary carboxylic acid amides; Carbonyl compounds; Alpha amino acid amides; Fatty Acyls; Organic oxides; Hydrocarbon derivatives; Valine and derivatives; Organopnictogen compounds; Organic oxygen compounds; Organic nitrogen compounds; Chemical entities"	408.249	114	1.899	839408620132404864	839408485965005440	839408485965005440	226	NA	226
1	"C9H21NO4"	"[M + H]+"	"C9H22NO4+"	"Fatty acids"	0.736	"Glycerolipids"	0.061	"N-acyl amines"	0.079	"Organic oxygen compounds"	0.999	"Organooxygen compounds"	0.996	"Ethers"	0.918	"Dialkyl ethers"	0.879	"Dialkyl ethers"	0.879	"Organic compounds; Alcohols and polyols; Ethers; Organonitrogen compounds; Organooxygen compounds; Dialkyl ethers; Amines; Hydrocarbon derivatives; Organopnictogen compounds; Organic oxygen compounds; Organic nitrogen compounds; Chemical entities"	208.154	118	1.959	839408599785835520	839408485998559872	839408485998559872	227	NA	227
2	"C14H24N2O4"	"[M + H]+"	"C14H25N2O4+"	"Amino acids and Peptides"	0.488	"Small peptides"	0.392	"N-acyl amines"	0.189	"Organic acids and derivatives"	0.998	"Carboxylic acids and derivatives"	0.996	"Amino acids, peptides, and analogues"	0.682	"Amino acids and derivatives"	0.666	"Amino acids and derivatives"	0.666	"Organic compounds; Lipids and lipid-like molecules; Amino acids, peptides, and analogues; Alcohols and polyols; Organic acids and derivatives; Carboxylic acids and derivatives; Organonitrogen compounds; Organooxygen compounds; Fatty amides; Amino acids and derivatives; Carboxylic acid amides; Carboxylic acid derivatives; N-acyl amines; Carboxylic acids; Secondary alcohols; Secondary carboxylic acid amides; Carbonyl compounds; Fatty Acyls; Organic oxides; Hydrocarbon derivatives; Organopnictogen compounds; Organic oxygen compounds; Organic nitrogen compounds; Chemical entities"	285.181	120	2	839409369885228416	839408486032114304	839408486032114304	228	NA	228
8	"C18H35ClN4O10"	"[M + H]+"	"C18H36ClN4O10+"	"Carbohydrates"	0.92	"Aminosugars and aminoglycosides"	0.844	"Aminoglycosides"	0.825	"Organic oxygen compounds"	0.999	"Organooxygen compounds"	0.988	"Carbohydrates and carbohydrate conjugates"	0.679	"Glycosyl compounds"	0.528	"Glycosyl compounds"	0.528	"Organic compounds; Organoheterocyclic compounds; Carbohydrates and carbohydrate conjugates; Alcohols and polyols; Organic acids and derivatives; Organohalogen compounds; Organonitrogen compounds; Organooxygen compounds; Monoalkylamines; Alkyl chlorides; Cyclic alcohols and derivatives; Organochlorides; Monosaccharides; Acetals; Secondary alcohols; Carbonyl compounds; Oxanes; Glycosyl compounds; Amines; Primary amines; Alkyl halides; Organic oxides; Oxacyclic compounds; Hydrocarbon derivatives; Organopnictogen compounds; Organic oxygen compounds; Organic nitrogen compounds; Chemical entities"	503.21	127	2.122	839408623970193280	839408486204080768	839408486199886464	233	NA	233
1	"C9H16O2"	"[M + H3N + H]+"	"C9H20NO2+"	"Terpenoids"	0.62	"Monoterpenoids"	0.477	"Acyclic monoterpenoids"	0.207	"Lipids and lipid-like molecules"	0.513	NA	NA	NA	NA	NA	NA	"Lipids and lipid-like molecules"	0.513	"Organic compounds; Lipids and lipid-like molecules; Alcohols and polyols; Organooxygen compounds; Carbonyl compounds; Organic oxides; Hydrocarbon derivatives; Organic oxygen compounds; Chemical entities"	174.149	127	2.123	839409007342171008	839408486246023808	839408486246023808	234	NA	234
1	"C9H18O3"	"[M + H3N + H]+"	"C9H22NO3+"	"Fatty acids"	0.9	"Fatty acyls"	0.524	"Fatty alcohols"	0.654	"Lipids and lipid-like molecules"	0.575	"Fatty Acyls"	0.524	NA	NA	NA	NA	"Fatty Acyls"	0.524	"Organic compounds; Lipids and lipid-like molecules; Alcohols and polyols; Primary alcohols; Organooxygen compounds; Secondary alcohols; Fatty Acyls; Hydrocarbon derivatives; Organic oxygen compounds; Chemical entities"	192.159	128	2.132	839409126665926272	839408486325715584	839408486325715584	236	NA	236
4	"C20H37NO4"	"[M + K]+"	"C20H37KNO4+"	"Fatty acids"	0.973	"Fatty amides"	0.311	"Aminoacids"	0.241	"Organic acids and derivatives"	0.995	"Carboxylic acids and derivatives"	0.989	"Amino acids, peptides, and analogues"	0.727	"Amino acids and derivatives"	0.723	"Amino acids and derivatives"	0.723	"Organic compounds; Lipids and lipid-like molecules; Amino acids, peptides, and analogues; Alcohols and polyols; Organic acids and derivatives; Carboxylic acids and derivatives; Organonitrogen compounds; Organooxygen compounds; Amino acids and derivatives; Carboxylic acid derivatives; Monocarboxylic acids and derivatives; Carboxylic acids; Carboxylic acid esters; Secondary alcohols; Carbonyl compounds; Fatty Acyls; Organic oxides; Hydrocarbon derivatives; Organopnictogen compounds; Organic oxygen compounds; Organic nitrogen compounds; Chemical entities"	394.234	129	2.156	839408695667628672	839408486099223168	839408486099223168	230	NA	230
3	"C17H21N5O8"	"[M + H3N + H]+"	"C17H25N6O8+"	"Carbohydrates"	0.997	"Nucleosides"	0.987	"Purine nucleosides"	0.9	"Nucleosides, nucleotides, and analogues"	0.92	"Purine nucleosides"	0.603	NA	NA	NA	NA	"Purine nucleosides"	0.603	"Organic compounds; Organoheterocyclic compounds; Carbohydrates and carbohydrate conjugates; Pyrimidines and pyrimidine derivatives; Imidazoles; Alcohols and polyols; Purines and purine derivatives; Organic acids and derivatives; Organonitrogen compounds; Primary alcohols; Nucleosides, nucleotides, and analogues; Pyrimidones; Organooxygen compounds; Azoles; Purine nucleosides; Aminopyrimidines and derivatives; Diazines; Pentoses; Monosaccharides; Secondary alcohols; Imidazopyrimidines; Glycosyl compounds; Glycosylamines; Benzene and substituted derivatives; Substituted imidazoles; N-substituted imidazoles; Benzenoids; Amines; Primary amines; Vinylogous amides; Organic oxides; Azacyclic compounds; Oxacyclic compounds; Heteroaromatic compounds; Hydrocarbon derivatives; Organopnictogen compounds; Organic oxygen compounds; Organic nitrogen compounds; Chemical entities"	441.173	130	2.172	839409235646528128	839408486380241536	839408486376047232	237	NA	237
3	"C20H33N3O6"	"[M - H2O + H]+"	"C20H32N3O5+"	"Amino acids and Peptides"	0.749	"Oligopeptides"	0.173	"Cyclic peptides"	0.298	"Organic acids and derivatives"	1	"Carboxylic acids and derivatives"	0.998	"Amino acids, peptides, and analogues"	0.647	"Amino acids and derivatives"	0.628	"Amino acids and derivatives"	0.628	"Organic compounds; Organoheterocyclic compounds; Lipids and lipid-like molecules; Amino acids, peptides, and analogues; Alcohols and polyols; Pyrrolidines; Fatty acids and conjugates; Organic acids and derivatives; Carboxylic acids and derivatives; Organonitrogen compounds; Organooxygen compounds; Fatty amides; Amino acids and derivatives; Carboxylic acid amides; Carboxylic acid derivatives; N-acyl amines; Monocarboxylic acids and derivatives; Carboxylic acids; Secondary carboxylic acid amides; Carbonyl compounds; Fatty Acyls; Organic oxides; Azacyclic compounds; Hydrocarbon derivatives; Organopnictogen compounds; Organic oxygen compounds; Organic nitrogen compounds; Chemical entities"	394.234	131	2.182	839408625744383872	839408486455739008	839408486455739008	239	NA	239
5	"C17H26N4O7"	"[M + H3N + H]+"	"C17H30N5O7+"	"Carbohydrates"	0.876	"Aminosugars and aminoglycosides"	0.349	"Purine nucleosides"	0.219	"Organoheterocyclic compounds"	0.834	"Diazines"	0.5	"Pyrimidines and pyrimidine derivatives"	0.526	NA	NA	"Pyrimidines and pyrimidine derivatives"	0.526	"Organic compounds; Organoheterocyclic compounds; Pyrimidines and pyrimidine derivatives; Imidazoles; Alcohols and polyols; Organic acids and derivatives; Organonitrogen compounds; Primary alcohols; Organooxygen compounds; Azoles; Secondary alcohols; Substituted imidazoles; Amines; Primary amines; Organic oxides; Azacyclic compounds; Heteroaromatic compounds; Hydrocarbon derivatives; Organopnictogen compounds; Organic oxygen compounds; Organic nitrogen compounds; Chemical entities"	416.215	131	2.184	839409082634122496	839408486413795968	839408486413795968	238	NA	238
1	"C6H3NO2"	"[M + H3N + H]+"	"C6H7N2O2+"	"Alkaloids"	0.995	"Nicotinic acid alkaloids"	0.977	"Pyridine alkaloids"	0.977	"Organoheterocyclic compounds"	0.988	"Pyridines and derivatives"	0.906	NA	NA	NA	NA	"Pyridines and derivatives"	0.906	"Organic compounds; Organoheterocyclic compounds; Pyridines and derivatives; Organonitrogen compounds; Organooxygen compounds; Organic oxides; Azacyclic compounds; Heteroaromatic compounds; Hydrocarbon derivatives; Organopnictogen compounds; Organic oxygen compounds; Organic nitrogen compounds; Chemical entities"	139.05	132	2.205	839409224368044672	839408486489293440	839408486489293440	240	NA	240
4	"C17H23N5O5"	"[M + H]+"	"C17H24N5O5+"	"Amino acids and Peptides"	0.532	"Small peptides"	0.519	"Purine alkaloids"	0.347	"Organic acids and derivatives"	0.816	"Carboxylic acids and derivatives"	0.666	"Amino acids, peptides, and analogues"	0.557	"Amino acids and derivatives"	0.558	"Amino acids and derivatives"	0.558	"Organic compounds; Organoheterocyclic compounds; Amino acids, peptides, and analogues; Pyrimidines and pyrimidine derivatives; Benzoic acids and derivatives; Benzamides; Organic acids and derivatives; Carboxylic acids and derivatives; Organonitrogen compounds; Organooxygen compounds; Amino acids and derivatives; Diazines; Benzene and substituted derivatives; Benzenoids; Amines; Imidolactams; Organic oxides; Azacyclic compounds; Heteroaromatic compounds; Hydrocarbon derivatives; Organopnictogen compounds; Organic oxygen compounds; Organic nitrogen compounds; Chemical entities"	378.176	134	2.241	839408740404077312	839408486522847872	839408486522847872	241	NA	241
2	"C16H24O9"	"[M + Na]+"	"C16H24NaO9+"	"Terpenoids"	0.352	"Monoterpenoids"	0.467	"Menthane monoterpenoids"	0.643	"Organic oxygen compounds"	1	"Organooxygen compounds"	1	"Carbohydrates and carbohydrate conjugates"	0.996	"Glycosyl compounds"	0.956	"Phenolic glycosides"	0.613	"Organic compounds; Organoheterocyclic compounds; Carbohydrates and carbohydrate conjugates; Alkyl aryl ethers; Alcohols and polyols; Anisoles; Ethers; Primary alcohols; Organooxygen compounds; Hexoses; Monosaccharides; Acetals; Secondary alcohols; Oxanes; Glycosyl compounds; O-glycosyl compounds; Benzene and substituted derivatives; Polyols; Phenol ethers; Benzenoids; Methoxybenzenes; Oxacyclic compounds; Hydrocarbon derivatives; Phenolic glycosides; Organic oxygen compounds; Phenoxy compounds; Chemical entities"	383.131	135	2.242	839408727754055936	839408486594151040	839408486594151040	243	NA	243
2	"C10H12O3"	"[M + H]+"	"C10H13O3+"	"Shikimates and Phenylpropanoids"	0.848	"Phenylpropanoids (C6-C3)"	0.662	"Cinnamic acids and derivatives"	0.51	"Benzenoids"	0.996	"Phenol ethers"	0.979	"Anisoles"	0.971	NA	NA	"Anisoles"	0.971	"Organic compounds; Aldehydes; Alkyl aryl ethers; Anisoles; Ethers; Benzoyl derivatives; Organooxygen compounds; Benzaldehydes; Carbonyl compounds; Benzene and substituted derivatives; Phenol ethers; Benzenoids; Aryl-aldehydes; Organic oxides; Methoxybenzenes; Hydrocarbon derivatives; Organic oxygen compounds; Phenoxy compounds; Chemical entities"	181.086	135	2.242	839408627464048512	839408486560596608	839408486556402304	242	NA	242
1	"C16H25NO10"	"[M - H2O + H]+"	"C16H24NO9+"	"Amino acids and Peptides"	0.999	"Amino acid glycosides"	1	"Cyanogenic glycosides"	1	"Organic oxygen compounds"	1	"Organooxygen compounds"	1	"Carbohydrates and carbohydrate conjugates"	0.984	"Glycosyl compounds"	0.921	"Cyanogenic glycosides"	0.939	"Organic compounds; Organoheterocyclic compounds; Carbohydrates and carbohydrate conjugates; Alcohols and polyols; Ethers; Organonitrogen compounds; Primary alcohols; Organooxygen compounds; Nitriles; Hexoses; Monosaccharides; Acetals; Secondary alcohols; Oxanes; Glycosyl compounds; O-glycosyl compounds; Polyols; Cyanogenic glycosides; Oxacyclic compounds; Hydrocarbon derivatives; Organic cyanides; Organopnictogen compounds; Organic oxygen compounds; Organic nitrogen compounds; Chemical entities"	374.145	135	2.243	839408618014281344	839408486631899776	839408486631899776	244	NA	244
1	"C8H8N2"	"[M + H3N + H]+"	"C8H12N3+"	"Alkaloids"	0.988	"Nicotinic acid alkaloids"	0.788	"Pyridine alkaloids"	0.789	"Benzenoids"	0.984	"Benzene and substituted derivatives"	0.634	NA	NA	NA	NA	"Benzene and substituted derivatives"	0.634	"Organic compounds; Amidines; Organonitrogen compounds; Carboxamidines; Benzene and substituted derivatives; Benzenoids; Carboximidamides; Hydrocarbon derivatives; Organopnictogen compounds; Organic nitrogen compounds; Chemical entities"	150.103	136	2.265	839408601916541952	839408486665454208	839408486665454208	245	NA	245
1	"C18H31N3O5"	"[M - H2O + H]+"	"C18H30N3O4+"	"Amino acids and Peptides"	0.686	"Small peptides"	0.562	"Tripeptides"	0.356	"Organic acids and derivatives"	0.995	"Carboxylic acids and derivatives"	0.989	"Amino acids, peptides, and analogues"	0.88	"Amino acids and derivatives"	0.871	"N-acyl-alpha amino acids and derivatives"	0.815	"Organic compounds; Lipids and lipid-like molecules; Amino acids, peptides, and analogues; Alpha amino acids and derivatives; Organic acids and derivatives; Carboxylic acids and derivatives; Organonitrogen compounds; Organooxygen compounds; Fatty amides; Amino acids and derivatives; Carboxylic acid amides; Carboxylic acid derivatives; N-acyl-alpha amino acids and derivatives; Secondary carboxylic acid amides; Carbonyl compounds; Alpha amino acid amides; Fatty Acyls; Organic oxides; Hydrocarbon derivatives; Organopnictogen compounds; Organic oxygen compounds; Organic nitrogen compounds; Chemical entities"	352.223	140	2.341	839408604349238400	839408486703202944	839408486703202944	246	NA	246
3	"C11H19FO3"	"[M + H3N + H]+"	"C11H23FNO3+"	"Fatty acids"	0.938	"Fatty Acids and Conjugates"	0.927	"Halogenated fatty acids"	0.851	"Lipids and lipid-like molecules"	0.829	"Fatty Acyls"	0.796	"Fatty acids and conjugates"	0.735	"Halogenated fatty acids"	0.692	"Halogenated fatty acids"	0.692	"Organic compounds; Lipids and lipid-like molecules; Fatty acids and conjugates; Organic acids and derivatives; Carboxylic acids and derivatives; Organohalogen compounds; Organooxygen compounds; Halogenated fatty acids; Alkyl fluorides; Monocarboxylic acids and derivatives; Carboxylic acids; Organofluorides; Carbonyl compounds; Alkyl halides; Fatty Acyls; Organic oxides; Hydrocarbon derivatives; Organic oxygen compounds; Chemical entities"	236.166	141	2.348	839408623001308928	839408486736757376	839408486736757376	247	NA	247
1	"C43H76O12S"	"[M + H3N + H]+"	"C43H80NO12S+"	"Fatty acids"	1	"Glycerolipids"	1	"Glycosyldiacylglycerols"	0.997	"Lipids and lipid-like molecules"	0.999	"Glycerolipids"	0.998	"Glycosylglycerols"	1	"Glycosyldiradylglycerols"	0.999	"Sulfoquinovosyldiacylglycerols"	0.994	"Organic compounds; Organoheterocyclic compounds; Organosulfur compounds; Carbohydrates and carbohydrate conjugates; Lipids and lipid-like molecules; Alcohols and polyols; Glycerolipids; Ethers; Organic acids and derivatives; Carboxylic acids and derivatives; Organosulfonic acids and derivatives; Organooxygen compounds; Fatty acid esters; Dicarboxylic acids and derivatives; Glycosylglycerols; Carboxylic acid derivatives; Sulfonyls; Organosulfonic acids; Carboxylic acid esters; Hexoses; Monosaccharides; Acetals; Secondary alcohols; Fatty acyl glycosides; Carbonyl compounds; Oxanes; Glycosyl compounds; O-glycosyl compounds; Sulfoquinovosyldiacylglycerols; Polyols; Glycosyldiacylglycerols; Alkanesulfonic acids and derivatives; Alkanesulfonic acids; Glycosyldiradylglycerols; Fatty acyl glycosides of mono- and disaccharides; Fatty Acyls; Organic oxides; Oxacyclic compounds; Hydrocarbon derivatives; Organic sulfonic acids and derivatives; Organic oxygen compounds; Chemical entities"	834.54	147	2.452	839408687438403840	839408486774506112	839408486774506112	248	NA	248
1	"C41H78O12S"	"[M + H3N + H]+"	"C41H82NO12S+"	"Fatty acids"	1	"Glycerolipids"	1	"Glycosyldiacylglycerols"	0.999	"Lipids and lipid-like molecules"	0.996	"Glycerolipids"	0.999	"Glycosylglycerols"	1	"Glycosyldiradylglycerols"	1	"Sulfoquinovosyldiacylglycerols"	0.999	"Organic compounds; Organoheterocyclic compounds; Organosulfur compounds; Carbohydrates and carbohydrate conjugates; Lipids and lipid-like molecules; Alcohols and polyols; Glycerolipids; Ethers; Organic acids and derivatives; Carboxylic acids and derivatives; Organosulfonic acids and derivatives; Organooxygen compounds; Fatty acid esters; Dicarboxylic acids and derivatives; Glycosylglycerols; Carboxylic acid derivatives; Sulfonyls; Organosulfonic acids; Carboxylic acid esters; Hexoses; Monosaccharides; Acetals; Secondary alcohols; Fatty acyl glycosides; Carbonyl compounds; Oxanes; Glycosyl compounds; O-glycosyl compounds; Sulfoquinovosyldiacylglycerols; Polyols; Glycosyldiacylglycerols; Alkanesulfonic acids and derivatives; Alkanesulfonic acids; Glycosyldiradylglycerols; Fatty acyl glycosides of mono- and disaccharides; Fatty Acyls; Organic oxides; Oxacyclic compounds; Hydrocarbon derivatives; Organic sulfonic acids and derivatives; Organic oxygen compounds; Chemical entities"	812.556	148	2.475	839408622669958912	839408486816449152	839408486816449152	249	NA	249
1	"C10H11N"	"[M + H3N + H]+"	"C10H15N2+"	"Alkaloids"	0.993	"Nicotinic acid alkaloids"	0.844	"Pyridine alkaloids"	0.844	"Organic nitrogen compounds"	1	"Organonitrogen compounds"	1	"Amines"	0.52	"Aralkylamines"	0.596	"Aralkylamines"	0.596	"Organic compounds; Organoheterocyclic compounds; Organonitrogen compounds; Benzenoids; Amines; Aralkylamines; Azacyclic compounds; Heteroaromatic compounds; Hydrocarbon derivatives; Organopnictogen compounds; Organic nitrogen compounds; Chemical entities"	163.123	154	2.574	839408604802223360	839408486929695360	839408486929695360	252	NA	252
3	"C9H7N"	"[M + H]+"	"C9H8N+"	"Alkaloids"	0.993	"Tryptophan alkaloids"	0.958	"Simple indole alkaloids"	0.893	"Organoheterocyclic compounds"	0.987	"Indoles and derivatives"	0.781	"Indoles"	0.808	NA	NA	"Indoles"	0.808	"Organic compounds; Organoheterocyclic compounds; Pyrroles; Indoles and derivatives; Organonitrogen compounds; Benzenoids; Indoles; Azacyclic compounds; Heteroaromatic compounds; Hydrocarbon derivatives; Organopnictogen compounds; Organic nitrogen compounds; Chemical entities"	130.065	154	2.574	839408623538179840	839408486858392192	839408486858392192	250	NA	250
1	"C9H6"	"[M + H3N + H]+"	"C9H10N+"	"Fatty acids"	0.056	"Fatty acyls"	0.117	"Hydrocarbons"	0.022	"Benzenoids"	0.991	"Naphthalenes"	0.541	NA	NA	NA	NA	"Naphthalenes"	0.541	"Organic compounds; Naphthalenes; Benzenoids; Hydrocarbons; Polycyclic hydrocarbons; Unsaturated hydrocarbons; Aromatic hydrocarbons; Chemical entities"	132.081	154	2.574	839408618463071872	839408486891946624	839408486891946624	251	NA	251
1	"C21H27N2O7P"	"[M + H3N + H]+"	"C21H31N3O7P+"	"Alkaloids"	0.21	"Coumarins"	0.109	"Simple coumarins"	0.208	"Benzenoids"	0.976	"Benzene and substituted derivatives"	0.816	"Nitrobenzenes"	0.584	NA	NA	"Nitrobenzenes"	0.584	"Organic compounds; Organoheterocyclic compounds; Nitrobenzenes; Organic acids and derivatives; Organonitrogen compounds; Organooxygen compounds; Organophosphorus compounds; Organic phosphonic acids and derivatives; Organic nitro compounds; Phosphonic acid esters; Organic oxoazanium compounds; Benzene and substituted derivatives; Benzenoids; Allyl-type 1,3-dipolar organic compounds; Phosphonic acid diesters; Organic oxides; C-nitro compounds; Azacyclic compounds; Hydrocarbon derivatives; Dialkyl alkylphosphonates; Organopnictogen compounds; Organic oxygen compounds; Nitroaromatic compounds; Organic nitrogen compounds; Chemical entities"	468.191	156	2.601	839408663086273792	839408486967444096	839408486967444096	253	NA	253
5	"C25H17N3O6"	"[M + H3N + H]+"	"C25H21N4O6+"	"Alkaloids"	0.465	"Polycyclic aromatic polyketides"	0.203	"Anthraquinones and anthrones"	0.209	"Benzenoids"	0.996	"Benzene and substituted derivatives"	0.712	NA	NA	NA	NA	"Benzene and substituted derivatives"	0.712	"Organic compounds; Organoheterocyclic compounds; Organic acids and derivatives; Carboxylic acids and derivatives; Organonitrogen compounds; Organooxygen compounds; Carboxylic acid derivatives; Benzene and substituted derivatives; Benzenoids; Organic oxides; Azacyclic compounds; Hydrocarbon derivatives; Organopnictogen compounds; Organic oxygen compounds; Organic nitrogen compounds; Chemical entities"	473.146	156	2.601	839408681583155072	839408487051330176	839408487051330176	255	NA	255
1	"C26H24N2O4"	"[M + Na]+"	"C26H24N2NaO4+"	"Alkaloids"	0.281	"Anthranilic acid alkaloids"	0.197	"Acridone alkaloids"	0.145	"Benzenoids"	0.998	"Benzene and substituted derivatives"	0.932	"Benzoic acids and derivatives"	0.635	NA	NA	"Benzoic acids and derivatives"	0.635	"Organic compounds; Organoheterocyclic compounds; Benzoic acids and derivatives; Organic acids and derivatives; Carboxylic acids and derivatives; Organonitrogen compounds; Benzoyl derivatives; Organooxygen compounds; Carboxylic acid amides; Carboxylic acid derivatives; Secondary carboxylic acid amides; Carbonyl compounds; Benzene and substituted derivatives; Benzenoids; Phenylpropanes; Organic oxides; Hydrocarbon derivatives; Organopnictogen compounds; Organic oxygen compounds; Organic nitrogen compounds; Chemical entities"	451.165	156	2.603	839408620908351232	839408487009387136	839408487009387136	254	NA	254
2	"C24H33N3O5"	"[M + H3N + H]+"	"C24H37N4O5+"	"Amino acids and Peptides"	0.885	"Oligopeptides"	0.351	"Dipeptides"	0.046	"Organic acids and derivatives"	0.995	"Carboxylic acids and derivatives"	0.989	"Amino acids, peptides, and analogues"	0.905	"Amino acids and derivatives"	0.899	"Alpha amino acids and derivatives"	0.81	"Organic compounds; Organoheterocyclic compounds; Amino acids, peptides, and analogues; Alpha amino acids and derivatives; Organic acids and derivatives; Carboxylic acids and derivatives; Organonitrogen compounds; Organooxygen compounds; Fatty amides; Amino acids and derivatives; Carboxylic acid amides; Carboxylic acid derivatives; Secondary carboxylic acid amides; Carbonyl compounds; Benzene and substituted derivatives; Benzenoids; Amines; Fatty Acyls; Organic oxides; Hydrocarbon derivatives; Organopnictogen compounds; Organic oxygen compounds; Organic nitrogen compounds; Chemical entities"	461.276	157	2.62	839408628638453760	839408487089079040	839408487089079040	256	NA	256
2	"C14H20N2O2"	"[M + H3N + H]+"	"C14H24N3O2+"	"Alkaloids"	0.752	"Nicotinic acid alkaloids"	0.082	"Pyridine alkaloids"	0.081	"Organic acids and derivatives"	0.93	"Carboxylic acids and derivatives"	0.894	"Carboxylic acid derivatives"	0.867	"Carboxylic acid amides"	0.853	"Secondary carboxylic acid amides"	0.702	"Organic compounds; Organoheterocyclic compounds; Organic acids and derivatives; Carboxylic acids and derivatives; Organonitrogen compounds; Organooxygen compounds; Carboxylic acid amides; Carboxylic acid derivatives; Secondary carboxylic acid amides; Carbonyl compounds; Organic oxides; Heteroaromatic compounds; Hydrocarbon derivatives; Organopnictogen compounds; Organic oxygen compounds; Organic nitrogen compounds; Chemical entities"	266.186	162	2.707	839408620614749824	839408487126827776	839408487126827776	257	NA	257
3	"C11H13N3O2S"	"[M + H3N + H]+"	"C11H17N4O2S+"	"Alkaloids"	0.713	"Nicotinic acid alkaloids"	0.093	"Pyridine alkaloids"	0.092	"Benzenoids"	0.755	"Benzene and substituted derivatives"	0.535	NA	NA	NA	NA	"Benzene and substituted derivatives"	0.535	"Organic compounds; Organoheterocyclic compounds; Organosulfur compounds; Organic acids and derivatives; Organonitrogen compounds; Benzene and substituted derivatives; Benzenoids; Organic oxides; Azacyclic compounds; Hydrocarbon derivatives; Organopnictogen compounds; Organic oxygen compounds; Organic nitrogen compounds; Chemical entities"	269.107	163	2.718	839408627854118784	839408487164576512	839408487164576512	258	NA	258
2	"C12H14FN5O4"	"[M + H]+"	"C12H15FN5O4+"	"Carbohydrates"	0.998	"Nucleosides"	0.998	"Purine nucleosides"	0.987	"Nucleosides, nucleotides, and analogues"	0.948	"Purine nucleosides"	0.706	NA	NA	NA	NA	"Purine nucleosides"	0.706	"Organic compounds; Organoheterocyclic compounds; Carbohydrates and carbohydrate conjugates; Pyrimidines and pyrimidine derivatives; Imidazoles; Alcohols and polyols; Purines and purine derivatives; Organohalogen compounds; Organonitrogen compounds; Primary alcohols; Nucleosides, nucleotides, and analogues; Organooxygen compounds; Azoles; Purine nucleosides; Alkyl fluorides; Aminopyrimidines and derivatives; Diazines; Organofluorides; Secondary alcohols; Imidazopyrimidines; Oxolanes; Substituted imidazoles; N-substituted imidazoles; Amines; Primary amines; Fluorohydrins; Tetrahydrofurans; Alkyl halides; 6-aminopurines; Imidolactams; Azacyclic compounds; Oxacyclic compounds; Heteroaromatic compounds; Hydrocarbon derivatives; Organopnictogen compounds; Organic oxygen compounds; Organic nitrogen compounds; Chemical entities"	312.111	163	2.718	839408631423471744	839408487198130944	839408487198130944	259	NA	259
2	"C10H13N5O4"	"[M + H]+"	"C10H14N5O4+"	"Carbohydrates"	1	"Nucleosides"	1	"Purine nucleosides"	0.999	"Nucleosides, nucleotides, and analogues"	0.994	"Purine nucleosides"	0.979	NA	NA	NA	NA	"Purine nucleosides"	0.979	"Organic compounds; Organoheterocyclic compounds; Carbohydrates and carbohydrate conjugates; Pyrimidines and pyrimidine derivatives; Imidazoles; Alcohols and polyols; Purines and purine derivatives; Organonitrogen compounds; Primary alcohols; Nucleosides, nucleotides, and analogues; Organooxygen compounds; Azoles; Purine nucleosides; Aminopyrimidines and derivatives; Diazines; Pentoses; Monosaccharides; Secondary alcohols; Imidazopyrimidines; Glycosyl compounds; Glycosylamines; Substituted imidazoles; N-substituted imidazoles; Amines; Primary amines; Tetrahydrofurans; 6-aminopurines; Imidolactams; Azacyclic compounds; Oxacyclic compounds; Heteroaromatic compounds; Hydrocarbon derivatives; Organopnictogen compounds; Organic oxygen compounds; Organic nitrogen compounds; Chemical entities"	268.104	163	2.719	839408630756577280	839408487231685376	839408487231685376	260	NA	260
7	"C15H23N5O7S"	"[M + H3N + H]+"	"C15H27N6O7S+"	"Carbohydrates"	0.994	"Nucleosides"	0.993	"Purine nucleosides"	0.988	"Nucleosides, nucleotides, and analogues"	0.946	"5'-deoxyribonucleosides"	0.96	"5'-deoxy-5'-thionucleosides"	0.933	NA	NA	"5'-deoxy-5'-thionucleosides"	0.933	"Organic compounds; Organoheterocyclic compounds; Organosulfur compounds; Carbohydrates and carbohydrate conjugates; Pyrimidines and pyrimidine derivatives; Imidazoles; Alcohols and polyols; Purines and purine derivatives; Organic acids and derivatives; Organonitrogen compounds; Nucleosides, nucleotides, and analogues; Organooxygen compounds; Organic sulfuric acids and derivatives; Azoles; Aminopyrimidines and derivatives; Diazines; Pentoses; Monosaccharides; Secondary alcohols; Imidazopyrimidines; Carbonyl compounds; Glycosyl compounds; Glycosylamines; Polyols; Substituted imidazoles; N-substituted imidazoles; Alpha amino acids; Amines; Primary amines; 1,2-diols; Tetrahydrofurans; 6-aminopurines; Sulfenyl compounds; Imidolactams; Organic oxides; Azacyclic compounds; Oxacyclic compounds; Heteroaromatic compounds; Hydrocarbon derivatives; 5'-deoxyribonucleosides; 5'-deoxy-5'-thionucleosides; Organopnictogen compounds; Organic oxygen compounds; Organic nitrogen compounds; Chemical entities"	435.166	163	2.723	839408695105591936	839408487269434112	839408487269434112	261	NA	261
4	"C23H23ClN6O2"	"[M + Na]+"	"C23H23ClN6NaO2+"	"Alkaloids"	0.597	"Anthranilic acid alkaloids"	0.092	"Benzodiazepine alkaloids"	0.066	"Organohalogen compounds"	1	"Aryl halides"	0.99	"Aryl chlorides"	0.994	NA	NA	"Aryl chlorides"	0.994	"Organic compounds; Organoheterocyclic compounds; Pyrazoles; Lactams; Organic acids and derivatives; Carboxylic acids and derivatives; Organohalogen compounds; Organonitrogen compounds; Organooxygen compounds; Azoles; Carboxylic acid amides; Aryl chlorides; Carboxylic acid derivatives; Diazines; Organochlorides; Benzene and substituted derivatives; Benzenoids; Aryl halides; Organic oxides; Azacyclic compounds; Heteroaromatic compounds; Hydrocarbon derivatives; Organopnictogen compounds; Organic oxygen compounds; Organic nitrogen compounds; Chemical entities"	473.146	164	2.738	839408633080221824	839408487302988544	839408487302988544	262	NA	262
4	"C24H40ClNO5"	"[M + K]+"	"C24H40ClKNO5+"	"Polyketides"	0.633	"Chromanes"	0.683	"Azaphilones"	0.768	"Organic acids and derivatives"	0.969	"Carboxylic acids and derivatives"	0.94	"Amino acids, peptides, and analogues"	0.676	"Amino acids and derivatives"	0.673	"Amino acids and derivatives"	0.673	"Organic compounds; Lipids and lipid-like molecules; Amino acids, peptides, and analogues; Ketones; Organic acids and derivatives; Carboxylic acids and derivatives; Organohalogen compounds; Organonitrogen compounds; Organooxygen compounds; Fatty amides; Amino acids and derivatives; Carboxylic acid derivatives; N-acyl amines; Carboxylic acid esters; Organochlorides; Carbonyl compounds; Trialkylamines; Amines; Tertiary amines; Vinyl chlorides; Vinyl halides; Alpha-acyloxy ketones; Azaphilones; Cyclic ketones; Alpha-acyloxy carbonyl compounds; Haloalkenes; Chloroalkenes; Fatty Acyls; Organic oxides; Hydrocarbon derivatives; Cyclohexenones; Organopnictogen compounds; Organic oxygen compounds; Organic nitrogen compounds; Alpha-haloketones; Alpha-chloroketones; Chemical entities"	496.223	164	2.74	839409409387183616	839408487416234752	839408487416234752	265	NA	265
1	"C21H27N2O7P"	"[M + H3N + H]+"	"C21H31N3O7P+"	"Amino acids and Peptides"	0.291	"Coumarins"	0.279	"Simple coumarins"	0.4	"Organic acids and derivatives"	0.99	"Organic phosphonic acids and derivatives"	0.982	"Phosphonic acid diesters"	0.938	"Dialkyl alkylphosphonates"	0.744	"Dialkyl alkylphosphonates"	0.744	"Organic compounds; Organoheterocyclic compounds; Organic acids and derivatives; Organonitrogen compounds; Organooxygen compounds; Organophosphorus compounds; Organic phosphonic acids and derivatives; Phosphonic acid esters; Benzene and substituted derivatives; Benzenoids; Phosphonic acid diesters; Organic oxides; Azacyclic compounds; Heteroaromatic compounds; Hydrocarbon derivatives; Dialkyl alkylphosphonates; Organopnictogen compounds; Organic oxygen compounds; Organic nitrogen compounds; Chemical entities"	468.191	164	2.74	839409424608312832	839408487378486016	839408487378486016	264	NA	264
1	"C26H24N2O4"	"[M + Na]+"	"C26H24N2NaO4+"	"Alkaloids"	0.389	"Anthranilic acid alkaloids"	0.23	"Acridone alkaloids"	0.262	"Benzenoids"	0.997	"Benzene and substituted derivatives"	0.929	"Benzoic acids and derivatives"	0.548	NA	NA	"Benzoic acids and derivatives"	0.548	"Organic compounds; Organoheterocyclic compounds; Phenols; Benzoic acids and derivatives; Organic acids and derivatives; Carboxylic acids and derivatives; Organonitrogen compounds; Organooxygen compounds; Carboxylic acid amides; Carboxylic acid derivatives; Secondary carboxylic acid amides; Benzene and substituted derivatives; Benzenoids; Phenylpropanes; Organic oxides; Azacyclic compounds; Hydrocarbon derivatives; Organopnictogen compounds; Organic oxygen compounds; Organic nitrogen compounds; Chemical entities"	451.165	164	2.741	839408634883772672	839408487340737280	839408487340737280	263	NA	263
1	"C27H39N3O6"	"[M + H3N + H]+"	"C27H43N4O6+"	"Amino acids and Peptides"	0.586	"Linear polyketides"	0.44	"Open-chain polyketides"	0.056	"Organic acids and derivatives"	0.996	"Carboxylic acids and derivatives"	0.983	"Amino acids, peptides, and analogues"	0.543	"Amino acids and derivatives"	0.528	"Amino acids and derivatives"	0.528	"Organic compounds; Organoheterocyclic compounds; Lipids and lipid-like molecules; Amino acids, peptides, and analogues; Alkyl aryl ethers; Alcohols and polyols; Ethers; Organic acids and derivatives; Carboxylic acids and derivatives; Organonitrogen compounds; Organooxygen compounds; Fatty amides; Amino acids and derivatives; Carboxylic acid amides; Carboxylic acid derivatives; N-acyl amines; Secondary alcohols; Secondary carboxylic acid amides; Carbonyl compounds; Benzene and substituted derivatives; Benzenoids; Fatty Acyls; Organic oxides; Azacyclic compounds; Oxacyclic compounds; Hydrocarbon derivatives; Organopnictogen compounds; Organic oxygen compounds; Organic nitrogen compounds; Chemical entities"	519.318	165	2.742	839408670724101632	839408487483343616	839408487483343616	267	NA	267
2	"C8H14O2"	"[M + H3N + H]+"	"C8H18NO2+"	"Fatty acids"	0.988	"Fatty acyls"	0.661	"Oxygenated hydrocarbons"	0.364	"Organic oxygen compounds"	0.999	"Organooxygen compounds"	0.998	"Carbonyl compounds"	0.916	NA	NA	"Carbonyl compounds"	0.916	"Organic compounds; Organooxygen compounds; Carbonyl compounds; Organic oxides; Hydrocarbon derivatives; Organic oxygen compounds; Chemical entities"	160.133	165	2.752	839408697513122560	839408487550452480	839408487550452480	269	NA	269
1	"C11H20O2"	"[M + H3N + H]+"	"C11H24NO2+"	"Fatty acids"	0.925	"Fatty Acids and Conjugates"	0.498	"Fatty alcohols"	0.213	"Lipids and lipid-like molecules"	0.794	"Fatty Acyls"	0.737	NA	NA	NA	NA	"Fatty Acyls"	0.737	"Organic compounds; Lipids and lipid-like molecules; Organic acids and derivatives; Carboxylic acids and derivatives; Organooxygen compounds; Monocarboxylic acids and derivatives; Carbonyl compounds; Fatty Acyls; Organic oxides; Hydrocarbon derivatives; Organic oxygen compounds; Chemical entities"	202.18	167	2.791	839408635600998656	839408487584006912	839408487584006912	270	NA	270
3	"C20H30N2O5"	"[M + H3N + H]+"	"C20H34N3O5+"	"Amino acids and Peptides"	0.646	"Small peptides"	0.254	"Dipeptides"	0.275	"Organic acids and derivatives"	0.993	"Carboxylic acids and derivatives"	0.985	"Amino acids, peptides, and analogues"	0.753	"Amino acids and derivatives"	0.745	"Alpha amino acids and derivatives"	0.76	"Organic compounds; Lipids and lipid-like molecules; Amino acids, peptides, and analogues; Alpha amino acids and derivatives; Alcohols and polyols; Fatty acids and conjugates; Organic acids and derivatives; Carboxylic acids and derivatives; Organonitrogen compounds; Organooxygen compounds; Amino acids and derivatives; Carboxylic acid amides; Carboxylic acid derivatives; Carboxylic acids; Carbonyl compounds; Fatty Acyls; Organic oxides; Hydrocarbon derivatives; Organopnictogen compounds; Organic oxygen compounds; Organic nitrogen compounds; Chemical entities"	396.249	170	2.839	839409415036911104	839408487621755648	839408487621755648	271	NA	271
1	"C27H44N4O7"	"[M - H2O + H]+"	"C27H43N4O6+"	"Amino acids and Peptides"	0.698	"Oligopeptides"	0.733	"Open-chain polyketides"	0.223	"Organic acids and derivatives"	0.995	"Carboxylic acids and derivatives"	0.979	"Amino acids, peptides, and analogues"	0.744	"Amino acids and derivatives"	0.725	"Alpha amino acids and derivatives"	0.52	"Organic compounds; Organoheterocyclic compounds; Lipids and lipid-like molecules; Amino acids, peptides, and analogues; Alpha amino acids and derivatives; Alcohols and polyols; Organic acids and derivatives; Carboxylic acids and derivatives; Organonitrogen compounds; Organooxygen compounds; Fatty amides; Amino acids and derivatives; Carboxylic acid amides; Carboxylic acid derivatives; N-acyl amines; Secondary alcohols; Secondary carboxylic acid amides; Carbonyl compounds; Fatty Acyls; Organic oxides; Azacyclic compounds; Hydrocarbon derivatives; Organopnictogen compounds; Organic oxygen compounds; Organic nitrogen compounds; Chemical entities"	519.318	171	2.843	839408646850122368	839408487688864512	839408487684670208	273	NA	273
1	"C12H24N2O7S2"	"[M - H2O + H]+"	"C12H23N2O6S2+"	"Fatty acids"	0.757	"Fatty amides"	0.535	"N-acyl amines"	0.583	"Organic acids and derivatives"	0.999	"Carboxylic acids and derivatives"	0.996	"Amino acids, peptides, and analogues"	0.772	"Amino acids and derivatives"	0.763	"N-acyl-alpha amino acids"	0.572	"Organic compounds; Organosulfur compounds; Lipids and lipid-like molecules; Amino acids, peptides, and analogues; Alpha amino acids and derivatives; Fatty acids and conjugates; Organic acids and derivatives; Carboxylic acids and derivatives; Organonitrogen compounds; Organooxygen compounds; Fatty amides; Hydroxy fatty acids; Amino acids and derivatives; Carboxylic acid amides; Carboxylic acid derivatives; N-acyl amines; Monocarboxylic acids and derivatives; N-acyl-alpha amino acids and derivatives; Carboxylic acids; Secondary carboxylic acid amides; Carbonyl compounds; N-acyl-alpha amino acids; Organic disulfides; Sulfenyl compounds; Fatty Acyls; Organic oxides; Dialkyldisulfides; Hydrocarbon derivatives; Amino acids; Organopnictogen compounds; Organic oxygen compounds; Organic nitrogen compounds; Chemical entities"	355.1	171	2.848	839408634770526464	839408487651115776	839408487651115776	272	NA	272
2	"C22H38N4O5"	"[M + H]+"	"C22H39N4O5+"	"Amino acids and Peptides"	0.997	"Small peptides"	0.679	"Tripeptides"	0.211	"Organic acids and derivatives"	1	"Carboxylic acids and derivatives"	1	"Amino acids, peptides, and analogues"	0.998	"Peptides"	0.963	"Oligopeptides"	0.812	"Organic compounds; Organoheterocyclic compounds; Lipids and lipid-like molecules; Amino acids, peptides, and analogues; Alpha amino acids and derivatives; Pyrrolidines; Fatty acids and conjugates; Organic acids and derivatives; Carboxylic acids and derivatives; Organonitrogen compounds; Organooxygen compounds; Fatty amides; Branched fatty acids; Amino acids and derivatives; Peptides; Carboxylic acid amides; Carboxylic acid derivatives; N-acyl amines; Monocarboxylic acids and derivatives; N-acyl-alpha amino acids and derivatives; Carboxylic acids; Secondary carboxylic acid amides; Tertiary carboxylic acid amides; Carbonyl compounds; Pyrrolidine carboxylic acids and derivatives; Heterocyclic fatty acids; Pyrrolidinecarboxamides; Alpha amino acid amides; N-acyl-alpha amino acids; Amines; N-acylpyrrolidines; Methyl-branched fatty acids; Fatty Acyls; Organic oxides; Azacyclic compounds; Hydrocarbon derivatives; Amino acids; Valine and derivatives; Proline and derivatives; Isoleucine and derivatives; Organopnictogen compounds; Organic oxygen compounds; Organic nitrogen compounds; Oligopeptides; Chemical entities"	439.292	174	2.902	839408627896061952	839408487718224640	839408487718224640	274	NA	274
2	"C14H11NO5"	"[M + H3N + H]+"	"C14H15N2O5+"	"Alkaloids"	0.474	"Coumarins"	0.179	"Simple coumarins"	0.168	"Organoheterocyclic compounds"	0.622	"Benzodioxoles"	0.626	NA	NA	NA	NA	"Benzodioxoles"	0.626	"Organic compounds; Organoheterocyclic compounds; Ethers; Organic acids and derivatives; Carboxylic acids and derivatives; Organonitrogen compounds; Benzodioxoles; Organooxygen compounds; Monocarboxylic acids and derivatives; Organic nitro compounds; Carboxylic acids; Organic oxoazanium compounds; Acetals; Carbonyl compounds; Benzene and substituted derivatives; Benzenoids; Organic 1,3-dipolar compounds; Allyl-type 1,3-dipolar organic compounds; Propargyl-type 1,3-dipolar organic compounds; Organic oxides; C-nitro compounds; Oxacyclic compounds; Hydrocarbon derivatives; Organopnictogen compounds; Organic oxygen compounds; Nitroaromatic compounds; Organic nitrogen compounds; Chemical entities"	291.097	175	2.919	839408634489507968	839408487755973376	839408487751779072	275	NA	275
2	"C20H30N4O8"	"[M + H]+"	"C20H31N4O8+"	"Amino acids and Peptides"	0.612	"Ornithine alkaloids"	0.456	"Polyamines"	0.541	"Lipids and lipid-like molecules"	0.658	"Fatty Acyls"	0.61	"Fatty amides"	0.562	"N-acyl amines"	0.598	"N-acyl amines"	0.598	"Organic compounds; Lipids and lipid-like molecules; Organic acids and derivatives; Carboxylic acids and derivatives; Organonitrogen compounds; Organooxygen compounds; Fatty amides; Hydroxamic acids; Carboxylic acid amides; Carboxylic acid derivatives; N-acyl amines; Carboxylic acids; Primary carboxylic acid amides; Secondary carboxylic acid amides; Carbonyl compounds; Acetohydroxamic acids; Fatty Acyls; Acetamides; Organic oxides; Hydrocarbon derivatives; Organopnictogen compounds; Organic oxygen compounds; Organic nitrogen compounds; Chemical entities"	455.214	177	2.952	839408642219610624	839408487789527808	839408487789527808	276	NA	276
1	"C5H12ClNO3"	"[M - H2O + H]+"	"C5H11ClNO2+"	"Fatty acids"	0.552	"Fatty amides"	0.259	"Halogenated fatty acids"	0.383	"Organic acids and derivatives"	0.994	"Carboxylic acids and derivatives"	0.965	"Carboxylic acid derivatives"	0.826	"Carboxylic acid amides"	0.681	"Chloroacetamides"	0.61	"Organic compounds; Alcohols and polyols; Organic acids and derivatives; Carboxylic acids and derivatives; Organohalogen compounds; Organonitrogen compounds; Organooxygen compounds; Carboxylic acid amides; Alkyl chlorides; Carboxylic acid derivatives; Organochlorides; Carbonyl compounds; Alkanolamines; Alkyl halides; Organic oxides; Hydrocarbon derivatives; Chloroacetamides; Organopnictogen compounds; Organic oxygen compounds; Organic nitrogen compounds; Chemical entities"	152.047	179	2.977	839408635747799296	839408487831470848	839408487831470848	277	NA	277
3	"C7H9NO2"	"[M + H3N + H]+"	"C7H13N2O2+"	"Alkaloids"	0.835	"Nicotinic acid alkaloids"	0.879	"Pyridine alkaloids"	0.88	"Organoheterocyclic compounds"	0.775	"Pyridines and derivatives"	0.505	NA	NA	NA	NA	"Pyridines and derivatives"	0.505	"Organic compounds; Organoheterocyclic compounds; Pyridines and derivatives; Organonitrogen compounds; Organooxygen compounds; Organic oxides; Azacyclic compounds; Hydrocarbon derivatives; Organopnictogen compounds; Organic oxygen compounds; Organic nitrogen compounds; Chemical entities"	157.097	180	2.996	839408619532619392	839408487869219584	839408487865025280	278	NA	278
3	"C28H44N4O6"	"[M + H3N + H]+"	"C28H48N5O6+"	"Amino acids and Peptides"	0.93	"Oligopeptides"	0.959	"Cyclic peptides"	0.13	"Organic acids and derivatives"	0.999	"Carboxylic acids and derivatives"	0.995	"Amino acids, peptides, and analogues"	0.951	"Amino acids and derivatives"	0.944	"Alpha amino acids and derivatives"	0.898	"Organic compounds; Organoheterocyclic compounds; Lipids and lipid-like molecules; Amino acids, peptides, and analogues; Alpha amino acids and derivatives; Organic acids and derivatives; Carboxylic acids and derivatives; Organonitrogen compounds; Organooxygen compounds; Fatty amides; Amino acids and derivatives; Carboxylic acid amides; Carboxylic acid derivatives; N-acyl amines; Secondary carboxylic acid amides; Tertiary carboxylic acid amides; Carbonyl compounds; Benzene and substituted derivatives; Fatty Acyls; Organic oxides; Azacyclic compounds; Hydrocarbon derivatives; Organopnictogen compounds; Organic oxygen compounds; Organic nitrogen compounds; Chemical entities"	550.36	187	3.113	839408629196296192	839408487957299968	839408487957299968	280	NA	280
1	"C26H37N3O6"	"[M + H3N + H]+"	"C26H41N4O6+"	"Amino acids and Peptides"	0.744	"Linear polyketides"	0.321	"Cyclic peptides"	0.03	"Organic acids and derivatives"	0.998	"Carboxylic acids and derivatives"	0.989	"Amino acids, peptides, and analogues"	0.601	"Amino acids and derivatives"	0.581	"Amino acids and derivatives"	0.581	"Organic compounds; Organoheterocyclic compounds; Lipids and lipid-like molecules; Amino acids, peptides, and analogues; Alkyl aryl ethers; Alcohols and polyols; Ethers; Organic acids and derivatives; Carboxylic acids and derivatives; Organonitrogen compounds; Organooxygen compounds; Fatty amides; Amino acids and derivatives; Carboxylic acid amides; Carboxylic acid derivatives; N-acyl amines; Secondary alcohols; Secondary carboxylic acid amides; Carbonyl compounds; Benzene and substituted derivatives; Benzenoids; Fatty Acyls; Organic oxides; Azacyclic compounds; Hydrocarbon derivatives; Organopnictogen compounds; Organic oxygen compounds; Organic nitrogen compounds; Phenoxy compounds; Chemical entities"	505.302	187	3.115	839408651929424768	839408487999243008	839408487999243008	281	NA	281
1	"C26H40N4O6"	"[M + Na]+"	"C26H40N4NaO6+"	"Amino acids and Peptides"	0.986	"Oligopeptides"	0.906	"Linear peptides"	0.313	"Organic acids and derivatives"	0.999	"Carboxylic acids and derivatives"	0.998	"Amino acids, peptides, and analogues"	0.98	"Peptides"	0.879	"Dipeptides"	0.509	"Organic compounds; Lipids and lipid-like molecules; Amino acids, peptides, and analogues; Alpha amino acids and derivatives; Organic acids and derivatives; Carboxylic acids and derivatives; Organonitrogen compounds; Organooxygen compounds; Fatty amides; Amino acids and derivatives; Peptides; Carboxylic acid amides; Carboxylic acid derivatives; N-acyl amines; Monocarboxylic acids and derivatives; N-acyl-alpha amino acids and derivatives; Carboxylic acids; Secondary carboxylic acid amides; Carbonyl compounds; Benzene and substituted derivatives; Alpha amino acid amides; Benzenoids; Fatty Acyls; Organic oxides; Hydrocarbon derivatives; Valine and derivatives; Organopnictogen compounds; Organic oxygen compounds; Organic nitrogen compounds; Dipeptides; Chemical entities"	527.284	188	3.128	839408652277552000	839408487919551232	839408487919551232	279	NA	279
2	"C10H14N2"	"[M + H]+"	"C10H15N2+"	"Alkaloids"	1	"Nicotinic acid alkaloids"	0.999	"Pyridine alkaloids"	0.999	"Organoheterocyclic compounds"	1	"Pyridines and derivatives"	0.998	"Pyrrolidinylpyridines"	0.539	NA	NA	"Pyrrolidinylpyridines"	0.539	"Organic compounds; Organoheterocyclic compounds; Pyridines and derivatives; Piperidines; Organonitrogen compounds; Alkaloids and derivatives; Pyrrolidinylpyridines; Trialkylamines; Amines; Aralkylamines; Azacyclic compounds; Heteroaromatic compounds; Hydrocarbon derivatives; Organopnictogen compounds; Organic nitrogen compounds; Chemical entities"	163.123	188	3.134	839408642492240384	839408488049574656	839408488049574656	282	NA	282
3	"C14H31NO6"	"[M + H]+"	"C14H32NO6+"	"Fatty acids"	0.878	"Fatty amides"	0.287	"N-acyl amines"	0.275	"Organic nitrogen compounds"	0.999	"Organonitrogen compounds"	0.996	"Amines"	0.979	"Alkanolamines"	0.797	"1,2-aminoalcohols"	0.802	"Organic compounds; Alcohols and polyols; Ethers; Organonitrogen compounds; Organooxygen compounds; Secondary alcohols; 1,2-aminoalcohols; Trialkylamines; Polyols; Amines; Tertiary amines; Alkanolamines; Hydrocarbon derivatives; Organopnictogen compounds; Organic oxygen compounds; Organic nitrogen compounds; Chemical entities"	310.222	189	3.152	839408630949515392	839408488087323392	839408488087323392	283	NA	283
3	"C7H12O2"	"[M + H3N + H]+"	"C7H16NO2+"	"Fatty acids"	0.986	"Fatty Acids and Conjugates"	0.737	"Unsaturated fatty acids"	0.573	"Lipids and lipid-like molecules"	0.693	"Fatty Acyls"	0.677	NA	NA	NA	NA	"Fatty Acyls"	0.677	"Organic compounds; Lipids and lipid-like molecules; Organic acids and derivatives; Carboxylic acids and derivatives; Organooxygen compounds; Monocarboxylic acids and derivatives; Carboxylic acids; Carbonyl compounds; Fatty Acyls; Organic oxides; Hydrocarbon derivatives; Organic oxygen compounds; Chemical entities"	146.118	190	3.168	839408629364068352	839408488154432256	839408488154432256	285	NA	285
1	"C9H18OS"	"[M + H3N + H]+"	"C9H22NOS+"	"Fatty acids"	0.755	"Monoterpenoids"	0.692	"Thia fatty acids"	0.403	"Organosulfur compounds"	0.978	"Sulfinyl compounds"	0.587	NA	NA	NA	NA	"Sulfinyl compounds"	0.587	"Organic compounds; Organosulfur compounds; Sulfinyl compounds; Organic oxides; Hydrocarbon derivatives; Organic oxygen compounds; Chemical entities"	192.142	191	3.185	839408629515063296	839408488187986688	839408488187986688	286	NA	286
2	"C10H23NO5S2"	"[M + H3N + H]+"	"C10H27N2O5S2+"	"Fatty acids"	0.249	"Monoterpenoids"	0.144	"N-acyl amines"	0.082	"Organic acids and derivatives"	0.958	"Organic sulfonic acids and derivatives"	0.891	"Organosulfonic acids and derivatives"	0.892	"Alkanesulfonic acids and derivatives"	0.795	"Alkanesulfonic acids and derivatives"	0.795	"Organic compounds; Organosulfur compounds; Organic acids and derivatives; Organosulfonic acids and derivatives; Organonitrogen compounds; Organooxygen compounds; Sulfonyls; Alkanesulfonic acids and derivatives; Organic oxides; Hydrocarbon derivatives; Organic sulfonic acids and derivatives; Organic oxygen compounds; Organic nitrogen compounds; Chemical entities"	319.136	193	3.209	839408634728583296	839408488221541120	839408488221541120	287	NA	287
2	"C24H38N4O5"	"[M + H]+"	"C24H39N4O5+"	"Amino acids and Peptides"	0.928	"Oligopeptides"	0.707	"Tripeptides"	0.395	"Organic acids and derivatives"	0.999	"Carboxylic acids and derivatives"	0.996	"Amino acids, peptides, and analogues"	0.937	"Peptides"	0.695	"Peptides"	0.695	"Organic compounds; Lipids and lipid-like molecules; Amino acids, peptides, and analogues; Alpha amino acids and derivatives; Alcohols and polyols; Organic acids and derivatives; Carboxylic acids and derivatives; Organonitrogen compounds; Organooxygen compounds; Fatty amides; Amino acids and derivatives; Peptides; Carboxylic acid amides; Carboxylic acid derivatives; N-acyl amines; Monocarboxylic acids and derivatives; N-acyl-alpha amino acids and derivatives; Carboxylic acids; Secondary carboxylic acid amides; Carbonyl compounds; Alpha amino acid amides; Fatty Acyls; Organic oxides; Hydrocarbon derivatives; Organopnictogen compounds; Organic oxygen compounds; Organic nitrogen compounds; Chemical entities"	463.292	193	3.216	839408641519161728	839408488120877824	839408488120877824	284	NA	284
1	"C24H40N4O6"	"[M - H2O + H]+"	"C24H39N4O5+"	"Amino acids and Peptides"	0.885	"Oligopeptides"	0.524	"Cyclic peptides"	0.116	"Organic acids and derivatives"	0.999	"Carboxylic acids and derivatives"	0.995	"Amino acids, peptides, and analogues"	0.827	"Amino acids and derivatives"	0.806	"N-acyl-alpha amino acids and derivatives"	0.502	"Organic compounds; Lipids and lipid-like molecules; Amino acids, peptides, and analogues; Alpha amino acids and derivatives; Alcohols and polyols; Organic acids and derivatives; Carboxylic acids and derivatives; Organonitrogen compounds; Organooxygen compounds; Fatty amides; Amino acids and derivatives; Carboxylic acid amides; Carboxylic acid derivatives; N-acyl amines; N-acyl-alpha amino acids and derivatives; Secondary alcohols; Secondary carboxylic acid amides; Carbonyl compounds; Fatty Acyls; Organic oxides; Hydrocarbon derivatives; Organopnictogen compounds; Organic oxygen compounds; Organic nitrogen compounds; Chemical entities"	463.292	196	3.261	839408648238437120	839408488259289984	839408488259289856	288	NA	288
1	"C9H12O3"	"[M - H2O + H]+"	"C9H11O2+"	"Shikimates and Phenylpropanoids"	0.986	"Phenylethanoids (C6-C2)"	0.935	"Phenylethanoids"	0.934	"Benzenoids"	0.999	"Phenols"	0.941	"Methoxyphenols"	0.942	NA	NA	"Methoxyphenols"	0.942	"Organic compounds; Alkyl aryl ethers; Alcohols and polyols; Phenols; Anisoles; Methoxyphenols; Ethers; Primary alcohols; Organooxygen compounds; Benzene and substituted derivatives; Phenol ethers; Benzenoids; Aromatic alcohols; Tyrosols; Methoxybenzenes; Hydrocarbon derivatives; Organic oxygen compounds; 1-hydroxy-2-unsubstituted benzenoids; Phenoxy compounds; Chemical entities"	151.075	198	3.295	839408671642654208	839408488292844416	839408488292844416	289	NA	289
2	"C20H29N3O3"	"[M + H3N + H]+"	"C20H33N4O3+"	"Alkaloids"	0.853	"Ornithine alkaloids"	0.116	"Quinolizidine alkaloids"	0.04	"Organic acids and derivatives"	0.97	"Carboxylic acids and derivatives"	0.963	"Amino acids, peptides, and analogues"	0.757	"Amino acids and derivatives"	0.756	"Amino acids and derivatives"	0.756	"Organic compounds; Organoheterocyclic compounds; Amino acids, peptides, and analogues; Benzoic acids and derivatives; Benzamides; Organic acids and derivatives; Carboxylic acids and derivatives; Organonitrogen compounds; Benzoyl derivatives; Organooxygen compounds; Amino acids and derivatives; Carboxylic acid amides; Carboxylic acid derivatives; Secondary carboxylic acid amides; Tertiary carboxylic acid amides; Carbonyl compounds; Benzene and substituted derivatives; Benzenoids; Amines; Organic oxides; Azacyclic compounds; Hydrocarbon derivatives; Organopnictogen compounds; Organic oxygen compounds; Organic nitrogen compounds; Chemical entities"	377.255	200	3.339	839408674993903360	839408488326398848	839408488326398848	290	NA	290
1	"C12H15N3O2"	"[M + H3N + H]+"	"C12H19N4O2+"	"Alkaloids"	0.554	"Small peptides"	0.414	"Dipeptides"	0.306	"Organoheterocyclic compounds"	0.916	"Heteroaromatic compounds"	0.587	NA	NA	NA	NA	"Heteroaromatic compounds"	0.587	"Organic compounds; Organoheterocyclic compounds; Organic acids and derivatives; Carboxylic acids and derivatives; Organonitrogen compounds; Organooxygen compounds; Carboxylic acid amides; Carboxylic acid derivatives; Carbonyl compounds; Organic oxides; Azacyclic compounds; Heteroaromatic compounds; Hydrocarbon derivatives; Organopnictogen compounds; Organic oxygen compounds; Organic nitrogen compounds; Chemical entities"	251.15	201	3.358	839408648775308032	839408488355758976	839408488355758976	291	NA	291
1	"C15H24N4O2"	"[M + H3N + H]+"	"C15H28N5O2+"	"Alkaloids"	0.649	"Small peptides"	0.325	"Dipeptides"	0.286	"Organoheterocyclic compounds"	0.783	"Heteroaromatic compounds"	0.538	NA	NA	NA	NA	"Heteroaromatic compounds"	0.538	"Organic compounds; Organoheterocyclic compounds; Organic acids and derivatives; Carboxylic acids and derivatives; Organonitrogen compounds; Organooxygen compounds; Carboxylic acid derivatives; Carbonyl compounds; Organic oxides; Azacyclic compounds; Heteroaromatic compounds; Hydrocarbon derivatives; Organopnictogen compounds; Organic oxygen compounds; Organic nitrogen compounds; Chemical entities"	310.222	202	3.362	839408647986778752	839408488389313408	839408488389313408	292	NA	292
2	"C9H6"	"[M + H3N + H]+"	"C9H10N+"	"Terpenoids"	0.098	"Fatty acyls"	0.106	"Hydrocarbons"	0.013	"Benzenoids"	0.959	NA	NA	NA	NA	NA	NA	"Benzenoids"	0.959	"Organic compounds; Benzenoids; Hydrocarbons; Olefins; Cyclic olefins; Polycyclic hydrocarbons; Unsaturated hydrocarbons; Aromatic hydrocarbons; Chemical entities"	132.081	203	3.386	839408675576911616	839408488422867840	839408488422867840	293	NA	293
1	"C9H9N"	"[M + H3N + H]+"	"C9H13N2+"	"Alkaloids"	0.995	"Nicotinic acid alkaloids"	0.921	"Pyridine alkaloids"	0.921	"Benzenoids"	0.837	NA	NA	NA	NA	NA	NA	"Benzenoids"	0.837	"Organic compounds; Organoheterocyclic compounds; Pyridines and derivatives; Organonitrogen compounds; Benzenoids; Azacyclic compounds; Heteroaromatic compounds; Hydrocarbon derivatives; Organopnictogen compounds; Organic nitrogen compounds; Chemical entities"	149.107	203	3.386	839408631142453376	839408488456422272	839408488456422272	294	NA	294
1	"C6H12O2"	"[M + H3N + H]+"	"C6H16NO2+"	"Fatty acids"	0.778	"Fatty acyls"	0.669	"Fatty alcohols"	0.511	"Organic oxygen compounds"	0.999	"Organooxygen compounds"	0.999	"Alcohols and polyols"	0.831	"Primary alcohols"	0.599	"Primary alcohols"	0.599	"Organic compounds; Alcohols and polyols; Primary alcohols; Organooxygen compounds; Hydrocarbon derivatives; Organic oxygen compounds; Chemical entities"	134.118	204	3.393	839408641745654144	839408488527725440	839408488527725440	296	NA	296
1	"C27H36N4O6"	"[M + H3N + H]+"	"C27H40N5O6+"	"Amino acids and Peptides"	0.78	"Oligopeptides"	0.301	"Dipeptides"	0.031	"Organic acids and derivatives"	0.998	"Carboxylic acids and derivatives"	0.995	"Amino acids, peptides, and analogues"	0.874	"Amino acids and derivatives"	0.869	"Alpha amino acids and derivatives"	0.571	"Organic compounds; Organoheterocyclic compounds; Amino acids, peptides, and analogues; Alpha amino acids and derivatives; Benzoic acids and derivatives; Benzamides; Organic acids and derivatives; Carboxylic acids and derivatives; Organonitrogen compounds; Benzoyl derivatives; Organooxygen compounds; Amino acids and derivatives; Carboxylic acid amides; Carboxylic acid derivatives; Secondary carboxylic acid amides; Tertiary carboxylic acid amides; Carbonyl compounds; Benzene and substituted derivatives; Benzenoids; Amines; Organic oxides; Azacyclic compounds; Hydrocarbon derivatives; Organopnictogen compounds; Organic oxygen compounds; Organic nitrogen compounds; Chemical entities"	530.298	204	3.397	839408641649185152	839408488489976704	839408488489976704	295	NA	295
4	"C12H10N6"	"[M + H3N + H]+"	"C12H14N7+"	"Alkaloids"	0.873	"Tryptophan alkaloids"	0.096	"Purine alkaloids"	0.061	"Benzenoids"	0.894	"Benzene and substituted derivatives"	0.504	NA	NA	NA	NA	"Benzene and substituted derivatives"	0.504	"Organic compounds; Organoheterocyclic compounds; Tetrazoles; Organonitrogen compounds; Azoles; Benzene and substituted derivatives; Benzenoids; Azacyclic compounds; Heteroaromatic compounds; Hydrocarbon derivatives; Organopnictogen compounds; Organic nitrogen compounds; Chemical entities"	256.131	207	3.453	839408644262236672	839408488561279872	839408488561279872	297	NA	297
1	"C10H22N2O3"	"[M - H2O + H]+"	"C10H21N2O2+"	"Amino acids and Peptides"	0.394	"Small peptides"	0.4	"N-acyl amines"	0.115	"Organic acids and derivatives"	0.929	"Carboxylic acids and derivatives"	0.922	"Amino acids, peptides, and analogues"	0.611	"Amino acids and derivatives"	0.605	"Amino acids and derivatives"	0.605	"Organic compounds; Organoheterocyclic compounds; Lipids and lipid-like molecules; Amino acids, peptides, and analogues; Alcohols and polyols; Organic acids and derivatives; Carboxylic acids and derivatives; Organonitrogen compounds; Primary alcohols; Organooxygen compounds; Amino acids and derivatives; Carboxylic acid amides; Carboxylic acid derivatives; Carbonyl compounds; Amines; Fatty Acyls; Organic oxides; Azacyclic compounds; Hydrocarbon derivatives; Organopnictogen compounds; Organic oxygen compounds; Organic nitrogen compounds; Chemical entities"	201.16	211	3.516	839408697693477632	839408488628388736	839408488628388736	299	NA	299
2	"C33H51N5O7"	"[M + H]+"	"C33H52N5O7+"	"Amino acids and Peptides"	0.942	"Oligopeptides"	0.995	"Cyclic peptides"	0.504	"Organic acids and derivatives"	0.999	"Carboxylic acids and derivatives"	0.995	"Amino acids, peptides, and analogues"	0.961	"Peptides"	0.612	"Peptides"	0.612	"Organic compounds; Organoheterocyclic compounds; Lipids and lipid-like molecules; Amino acids, peptides, and analogues; Alpha amino acids and derivatives; Macrolactams; Alcohols and polyols; Lactams; Phenylpropanoids and polyketides; Organic acids and derivatives; Carboxylic acids and derivatives; Organonitrogen compounds; Organooxygen compounds; Fatty amides; Amino acids and derivatives; Peptides; Carboxylic acid amides; Carboxylic acid derivatives; N-acyl amines; Secondary alcohols; Secondary carboxylic acid amides; Tertiary carboxylic acid amides; Carbonyl compounds; Fatty Acyls; Organic oxides; Azacyclic compounds; Hydrocarbon derivatives; Organopnictogen compounds; Organic oxygen compounds; Organic nitrogen compounds; Chemical entities"	630.387	211	3.524	839408714105789824	839408488594834304	839408488594834304	298	NA	298
2	"C14H9F2N3O"	"[M + H3N + H]+"	"C14H13F2N4O+"	"Alkaloids"	0.665	"Anthranilic acid alkaloids"	0.276	"Quinazoline alkaloids"	0.034	"Benzenoids"	0.995	"Benzene and substituted derivatives"	0.935	"Halobenzenes"	0.897	"Fluorobenzenes"	0.916	"Fluorobenzenes"	0.916	"Organic compounds; Organoheterocyclic compounds; Halobenzenes; Organohalogen compounds; Organonitrogen compounds; Organooxygen compounds; Azoles; Aryl fluorides; Fluorobenzenes; Organofluorides; Benzene and substituted derivatives; Benzenoids; Aryl halides; Azacyclic compounds; Heteroaromatic compounds; Hydrocarbon derivatives; Organopnictogen compounds; Organic oxygen compounds; Organic nitrogen compounds; Chemical entities"	291.105	219	3.643	839408637509407104	839408488666137472	839408488661943168	300	NA	300
2	"C8H8O"	"[M + H]+"	"C8H9O+"	"Shikimates and Phenylpropanoids"	0.962	"Phenylpropanoids (C6-C3)"	0.878	"Cinnamic acids and derivatives"	0.826	"Benzenoids"	0.989	"Phenols"	0.647	"1-hydroxy-2-unsubstituted benzenoids"	0.651	NA	NA	"1-hydroxy-2-unsubstituted benzenoids"	0.651	"Organic compounds; Phenols; Organooxygen compounds; Benzene and substituted derivatives; Benzenoids; Hydrocarbon derivatives; Organic oxygen compounds; 1-hydroxy-2-unsubstituted benzenoids; Chemical entities"	121.065	220	3.675	839408653573592064	839408488699691904	839408488699691904	301	NA	301
1	"C10H17NO3"	"[M + H3N + H]+"	"C10H21N2O3+"	"Amino acids and Peptides"	0.888	"Small peptides"	0.816	"Aminoacids"	0.469	"Organic acids and derivatives"	1	"Carboxylic acids and derivatives"	0.999	"Amino acids, peptides, and analogues"	0.911	"Amino acids and derivatives"	0.91	"Alpha amino acids and derivatives"	0.874	"Organic compounds; Lipids and lipid-like molecules; Amino acids, peptides, and analogues; Alpha amino acids and derivatives; Fatty acids and conjugates; Organic acids and derivatives; Carboxylic acids and derivatives; Organonitrogen compounds; Organooxygen compounds; Fatty amides; Amino acids and derivatives; Carboxylic acid amides; Carboxylic acid derivatives; Monocarboxylic acids and derivatives; Carboxylic acids; Secondary carboxylic acid amides; Carbonyl compounds; Fatty Acyls; Organic oxides; Hydrocarbon derivatives; Organopnictogen compounds; Organic oxygen compounds; Organic nitrogen compounds; Chemical entities"	217.155	223	3.714	839408636406305152	839408488733246336	839408488729052032	302	NA	302
3	"C11H14N4O2"	"[M + H]+"	"C11H15N4O2+"	"Amino acids and Peptides"	1	"Small peptides"	1	"Dipeptides"	0.991	"Organic acids and derivatives"	1	"Carboxylic acids and derivatives"	1	"Amino acids, peptides, and analogues"	1	"Amino acids and derivatives"	1	"Alpha amino acids and derivatives"	1	"Organic compounds; Organoheterocyclic compounds; Amino acids, peptides, and analogues; Alpha amino acids and derivatives; Imidazoles; Lactams; Piperazines; Pyrrolidines; Organic acids and derivatives; Carboxylic acids and derivatives; Organonitrogen compounds; Organooxygen compounds; Amino acids and derivatives; Azoles; Carboxylic acid amides; Carboxylic acid derivatives; Secondary carboxylic acid amides; Tertiary carboxylic acid amides; Dioxopiperazines; Carbonyl compounds; Diazinanes; N-alkylpiperazines; 2,5-dioxopiperazines; Organic oxides; Azacyclic compounds; Heteroaromatic compounds; Hydrocarbon derivatives; Organopnictogen compounds; Organic oxygen compounds; Organic nitrogen compounds; Chemical entities"	235.119	225	3.744	839408642135724416	839408488775189376	839408488775189376	303	NA	303
3	"C12H23NO4"	"[M + H3N + H]+"	"C12H27N2O4+"	"Amino acids and Peptides"	0.758	"Small peptides"	0.948	"Aminoacids"	0.712	"Organic acids and derivatives"	1	"Carboxylic acids and derivatives"	0.999	"Amino acids, peptides, and analogues"	0.988	"Amino acids and derivatives"	0.987	"N-acyl-alpha amino acids and derivatives"	0.509	"Organic compounds; Lipids and lipid-like molecules; Amino acids, peptides, and analogues; Alpha amino acids and derivatives; Fatty acids and conjugates; Organic acids and derivatives; Carboxylic acids and derivatives; Organonitrogen compounds; Organooxygen compounds; Branched fatty acids; Amino acids and derivatives; Carboxylic acid derivatives; Monocarboxylic acids and derivatives; N-acyl-alpha amino acids and derivatives; Carboxylic acids; Carbonyl compounds; Methyl-branched fatty acids; Fatty Acyls; Organic oxides; Hydrocarbon derivatives; Leucine and derivatives; Organopnictogen compounds; Organic oxygen compounds; Organic nitrogen compounds; Chemical entities"	263.197	225	3.754	839408637765259648	839408488825521024	839408488825521024	304	NA	304
3	"C20H29N3O3"	"[M + H3N + H]+"	"C20H33N4O3+"	"Amino acids and Peptides"	0.749	"Small peptides"	0.42	"Dipeptides"	0.347	"Organic acids and derivatives"	0.985	"Carboxylic acids and derivatives"	0.97	"Amino acids, peptides, and analogues"	0.815	"Amino acids and derivatives"	0.808	"Alpha amino acid amides"	0.579	"Organic compounds; Lipids and lipid-like molecules; Amino acids, peptides, and analogues; Alpha amino acids and derivatives; Organic acids and derivatives; Carboxylic acids and derivatives; Organonitrogen compounds; Organooxygen compounds; Fatty amides; Amino acids and derivatives; Carboxylic acid amides; Carboxylic acid derivatives; Secondary carboxylic acid amides; Carbonyl compounds; Benzene and substituted derivatives; Alpha amino acid amides; Benzenoids; Amines; Primary amines; Fatty Acyls; Organic oxides; Hydrocarbon derivatives; Organopnictogen compounds; Organic oxygen compounds; Organic nitrogen compounds; Chemical entities"	377.255	226	3.759	839408644484534912	839408488859075456	839408488859075456	305	NA	305
1	"C32H46N4O7"	"[M + H3N + H]+"	"C32H50N5O7+"	"Amino acids and Peptides"	0.917	"Oligopeptides"	0.794	"Cyclic peptides"	0.243	"Organic acids and derivatives"	0.998	"Carboxylic acids and derivatives"	0.988	"Amino acids, peptides, and analogues"	0.646	"Amino acids and derivatives"	0.611	"Amino acids and derivatives"	0.611	"Organic compounds; Organoheterocyclic compounds; Lipids and lipid-like molecules; Amino acids, peptides, and analogues; Macrolactams; Alcohols and polyols; Lactams; Ethers; Phenylpropanoids and polyketides; Organic acids and derivatives; Carboxylic acids and derivatives; Organonitrogen compounds; Organooxygen compounds; Fatty amides; Amino acids and derivatives; Carboxylic acid amides; Carboxylic acid derivatives; N-acyl amines; Secondary alcohols; Secondary carboxylic acid amides; Carbonyl compounds; Benzene and substituted derivatives; Benzenoids; Fatty Acyls; Organic oxides; Azacyclic compounds; Oxacyclic compounds; Hydrocarbon derivatives; Organopnictogen compounds; Organic oxygen compounds; Organic nitrogen compounds; Chemical entities"	616.371	226	3.761	839408750822729088	839408488905212800	839408488905212800	306	NA	306
3	"C29H53N5O7S"	"[M + Na]+"	"C29H53N5NaO7S+"	"Amino acids and Peptides"	0.939	"Oligopeptides"	0.972	"Linear peptides"	0.64	"Organic acids and derivatives"	0.997	"Carboxylic acids and derivatives"	0.993	"Amino acids, peptides, and analogues"	0.974	"Peptides"	0.909	"Peptides"	0.909	"Organic compounds; Organoheterocyclic compounds; Organosulfur compounds; Lipids and lipid-like molecules; Amino acids, peptides, and analogues; Alpha amino acids and derivatives; Fatty acids and conjugates; Organic acids and derivatives; Carboxylic acids and derivatives; Organonitrogen compounds; Organooxygen compounds; Fatty amides; Branched fatty acids; Amino acids and derivatives; Peptides; Carboxylic acid amides; Carboxylic acid derivatives; N-acyl amines; Monocarboxylic acids and derivatives; N-acyl-alpha amino acids and derivatives; Carboxylic acids; Secondary carboxylic acid amides; Carbonyl compounds; Alpha amino acid amides; Methyl-branched fatty acids; Dialkylthioethers; Fatty Acyls; Organic oxides; Hydrocarbon derivatives; Leucine and derivatives; Organopnictogen compounds; Organic oxygen compounds; Organic nitrogen compounds; Chemical entities"	638.353	228	3.803	839408651656795008	839408488976515968	839408488972321664	308	NA	308
3	"C11H10FNO6"	"[M + H3N + H]+"	"C11H14FN2O6+"	"Shikimates and Phenylpropanoids"	0.435	"Phenolic acids (C6-C1)"	0.086	"Simple phenolic acids"	0.123	"Benzenoids"	0.99	"Benzene and substituted derivatives"	0.959	"Benzoic acids and derivatives"	0.78	"Halobenzoic acids and derivatives"	0.707	"Halobenzoic acids and derivatives"	0.707	"Organic compounds; Halobenzenes; Nitrobenzenes; Benzoic acids and derivatives; Organic acids and derivatives; Carboxylic acids and derivatives; Organohalogen compounds; Organonitrogen compounds; Benzoyl derivatives; Organooxygen compounds; Aryl fluorides; Carboxylic acid derivatives; Fluorobenzenes; Monocarboxylic acids and derivatives; Organic nitro compounds; Carboxylic acids; Organic oxoazanium compounds; Organofluorides; Carbonyl compounds; Benzene and substituted derivatives; Benzenoids; Aryl halides; Halobenzoic acids and derivatives; Organic 1,3-dipolar compounds; Allyl-type 1,3-dipolar organic compounds; Propargyl-type 1,3-dipolar organic compounds; Organic oxides; C-nitro compounds; Hydrocarbon derivatives; Organopnictogen compounds; Organic oxygen compounds; Nitroaromatic compounds; Organic nitrogen compounds; Chemical entities"	289.083	229	3.815	839408654013993984	839408489010070400	839408489005876096	309	NA	309
3	"C8H14BNO5S"	"[M + H]+"	"C8H15BNO5S+"	"Amino acids and Peptides"	0.953	"Small peptides"	0.978	"Aminoacids"	0.702	"Organic acids and derivatives"	1	"Carboxylic acids and derivatives"	1	"Amino acids, peptides, and analogues"	0.992	"Amino acids and derivatives"	0.992	"N-acyl-alpha amino acids"	0.829	"Organic compounds; Organosulfur compounds; Lipids and lipid-like molecules; Amino acids, peptides, and analogues; Alpha amino acids and derivatives; Fatty acids and conjugates; Organic acids and derivatives; Carboxylic acids and derivatives; Organonitrogen compounds; Organooxygen compounds; Amino acids and derivatives; Boronic acids; Organometallic compounds; Carboxylic acid amides; Boronic acid derivatives; Carboxylic acid derivatives; Monocarboxylic acids and derivatives; N-acyl-alpha amino acids and derivatives; Carboxylic acids; Organometalloid compounds; Thia fatty acids; Secondary carboxylic acid amides; Carbonyl compounds; N-acyl-alpha amino acids; Organoboron compounds; Sulfenyl compounds; Organic salts; Fatty Acyls; Organic oxides; Organic metalloid salts; Organic metal salts; Hydrocarbon derivatives; Organopnictogen compounds; Alkylboranes; Monoalkylboranes; Organic oxygen compounds; Organic nitrogen compounds; Chemical entities"	247.079	229	3.817	839408661832176768	839408489039430528	839408489039430528	310	NA	310
3	"C9H15NO5S"	"[M + H3N + H]+"	"C9H19N2O5S+"	"Fatty acids"	0.594	"Fatty amides"	0.305	"N-acyl amines"	0.282	"Lipids and lipid-like molecules"	0.744	"Fatty Acyls"	0.756	"Fatty acids and conjugates"	0.679	NA	NA	"Fatty acids and conjugates"	0.679	"Organic compounds; Organosulfur compounds; Lipids and lipid-like molecules; Fatty acids and conjugates; Organic acids and derivatives; Carboxylic acids and derivatives; Organonitrogen compounds; Organooxygen compounds; Carboxylic acid amides; Carboxylic acid derivatives; Monocarboxylic acids and derivatives; Carboxylic acids; Carbonyl compounds; Sulfenyl compounds; Fatty Acyls; Organic oxides; Hydrocarbon derivatives; Organopnictogen compounds; Organic oxygen compounds; Organic nitrogen compounds; Chemical entities"	267.101	229	3.823	839408752181683712	839408489072984960	839408489072984960	311	NA	311
2	"C14H20N2O3"	"[M + H]+"	"C14H21N2O3+"	"Amino acids and Peptides"	0.998	"Small peptides"	0.998	"Dipeptides"	0.978	"Organic acids and derivatives"	1	"Carboxylic acids and derivatives"	0.999	"Amino acids, peptides, and analogues"	0.982	"Peptides"	0.616	"Peptides"	0.616	"Organic compounds; Lipids and lipid-like molecules; Amino acids, peptides, and analogues; Alpha amino acids and derivatives; Fatty acids and conjugates; Organic acids and derivatives; Carboxylic acids and derivatives; Organonitrogen compounds; Organooxygen compounds; Amino acids and derivatives; Peptides; Monoalkylamines; Carboxylic acid amides; Carboxylic acid derivatives; Monocarboxylic acids and derivatives; N-acyl-alpha amino acids and derivatives; Carboxylic acids; Secondary carboxylic acid amides; Carbonyl compounds; Benzene and substituted derivatives; Alpha amino acid amides; N-acyl-alpha amino acids; Benzenoids; Amines; Primary amines; Fatty Acyls; Organic oxides; Hydrocarbon derivatives; Amino acids; Organopnictogen compounds; Organic oxygen compounds; Organic nitrogen compounds; Chemical entities"	265.155	231	3.853	839408646095147648	839408489106539392	839408489106539392	312	NA	312
1	"C22H40N4O5"	"[M - H2O + H]+"	"C22H39N4O4+"	"Amino acids and Peptides"	0.962	"Small peptides"	0.695	"Tripeptides"	0.511	"Organic acids and derivatives"	0.998	"Carboxylic acids and derivatives"	0.995	"Amino acids, peptides, and analogues"	0.911	"Peptides"	0.606	"Peptides"	0.606	"Organic compounds; Lipids and lipid-like molecules; Amino acids, peptides, and analogues; Alpha amino acids and derivatives; Alcohols and polyols; Organic acids and derivatives; Carboxylic acids and derivatives; Organonitrogen compounds; Organooxygen compounds; Fatty amides; Amino acids and derivatives; Peptides; Carboxylic acid amides; Carboxylic acid derivatives; N-acyl amines; N-acyl-alpha amino acids and derivatives; Secondary carboxylic acid amides; Carbonyl compounds; Alpha amino acid amides; Fatty Acyls; Organic oxides; Hydrocarbon derivatives; Organopnictogen compounds; Organic oxygen compounds; Organic nitrogen compounds; Chemical entities"	423.297	234	3.892	839408648200688256	839408489140093824	839408489140093824	313	NA	313
3	"C30H44N4O6"	"[M + H3N + H]+"	"C30H48N5O6+"	"Amino acids and Peptides"	0.958	"Oligopeptides"	0.915	"Linear peptides"	0.476	"Organic acids and derivatives"	0.998	"Carboxylic acids and derivatives"	0.993	"Amino acids, peptides, and analogues"	0.962	"Peptides"	0.565	"Peptides"	0.565	"Organic compounds; Lipids and lipid-like molecules; Amino acids, peptides, and analogues; Alpha amino acids and derivatives; Alcohols and polyols; Phenethylamines; Amphetamines and derivatives; Organic acids and derivatives; Carboxylic acids and derivatives; Organonitrogen compounds; Organooxygen compounds; Fatty amides; Amino acids and derivatives; Peptides; Carboxylic acid amides; Carboxylic acid derivatives; N-acyl amines; Monocarboxylic acids and derivatives; N-acyl-alpha amino acids and derivatives; Secondary carboxylic acid amides; Carbonyl compounds; Benzene and substituted derivatives; Alpha amino acid amides; Benzenoids; Fatty Acyls; Organic oxides; Hydrocarbon derivatives; Valine and derivatives; Organopnictogen compounds; Organic oxygen compounds; Organic nitrogen compounds; Chemical entities"	574.36	234	3.902	839408643800863232	839408489244951424	839408489244951424	316	NA	316
1	"C10H22N2O4"	"[M + H]+"	"C10H23N2O4+"	"Amino acids and Peptides"	0.968	"Small peptides"	0.984	"Dipeptides"	0.562	"Organic acids and derivatives"	1	"Carboxylic acids and derivatives"	0.999	"Amino acids, peptides, and analogues"	0.994	"Amino acids and derivatives"	0.994	"Alpha amino acid esters"	0.535	"Organic compounds; Lipids and lipid-like molecules; Amino acids, peptides, and analogues; Alpha amino acids and derivatives; Fatty acids and conjugates; Organic acids and derivatives; Carboxylic acids and derivatives; Organonitrogen compounds; Organooxygen compounds; Fatty acid esters; Branched fatty acids; Amino acids and derivatives; Alpha amino acid esters; Carboxylic acid amides; Carboxylic acid derivatives; N-acyl amines; Monocarboxylic acids and derivatives; N-acyl-alpha amino acids and derivatives; Carboxylic acids; Carboxylic acid esters; Secondary carboxylic acid amides; Carbonyl compounds; Methyl-branched fatty acids; Fatty Acyls; Organic oxides; Hydrocarbon derivatives; Valine and derivatives; Organopnictogen compounds; Organic oxygen compounds; Organic nitrogen compounds; Chemical entities"	235.165	236	3.935	839408649010189056	839408489211396992	839408489211396992	315	NA	315
1	"C56H102N10O11"	"[M + Na]+"	"C56H102N10NaO11+"	"Amino acids and Peptides"	0.836	"Oligopeptides"	1	"Lipopeptides"	0.866	"Organic acids and derivatives"	1	"Peptidomimetics"	0.884	"Depsipeptides"	0.882	"Cyclic depsipeptides"	0.88	"Cyclic depsipeptides"	0.88	"Organic compounds; Organoheterocyclic compounds; Lipids and lipid-like molecules; Amino acids, peptides, and analogues; Lactones; Alpha amino acids and derivatives; Macrolactams; Alcohols and polyols; Lactams; Pyrrolidines; Phenylpropanoids and polyketides; Organic acids and derivatives; Carboxylic acids and derivatives; Organonitrogen compounds; Organooxygen compounds; Fatty amides; Amino acids and derivatives; Alpha amino acid esters; Carboxylic acid amides; Carboxylic acid derivatives; N-acyl amines; N-acyl-alpha amino acids and derivatives; Carboxylic acids; Carboxylic acid esters; Secondary carboxylic acid amides; Tertiary carboxylic acid amides; Peptidomimetics; Carbonyl compounds; Macrolide lactams; Depsipeptides; Cyclic depsipeptides; Alpha amino acid amides; Fatty Acyls; Organic oxides; Azacyclic compounds; Oxacyclic compounds; Hydrocarbon derivatives; Organopnictogen compounds; Organic oxygen compounds; Organic nitrogen compounds; Chemical entities"	1113.759	242	4.028	839408648536232704	839408489383363584	839408489383363584	320	NA	320
1	"C6H15NO5S"	"[M + Na]+"	"C6H15NNaO5S+"	"Fatty acids"	0.351	"Spingolipids"	0.071	"Sphingoid bases"	0.335	"Organic acids and derivatives"	0.987	"Organic sulfonic acids and derivatives"	0.977	"Organosulfonic acids and derivatives"	0.977	"Alkanesulfonic acids and derivatives"	0.986	"Alkanesulfonic acids"	0.975	"Organic compounds; Organosulfur compounds; Alcohols and polyols; Organic acids and derivatives; Organosulfonic acids and derivatives; Organonitrogen compounds; Primary alcohols; Organooxygen compounds; Sulfonyls; Organosulfonic acids; 1,2-aminoalcohols; Amines; Tertiary amines; Alkanolamines; Alkanesulfonic acids and derivatives; Alkanesulfonic acids; Organic oxides; Hydrocarbon derivatives; Organic sulfonic acids and derivatives; Organic oxygen compounds; Organic nitrogen compounds; Chemical entities"	236.056	242	4.03	839408652046865280	839408489525969920	839408489525969920	324	NA	324
2	"C70H127N13O16"	"[M + H]+"	"C70H128N13O16+"	"Amino acids and Peptides"	0.927	"Oligopeptides"	1	"Lipopeptides"	0.928	"Organic acids and derivatives"	1	"Peptidomimetics"	0.924	"Depsipeptides"	0.895	"Cyclic depsipeptides"	0.907	"Cyclic depsipeptides"	0.907	"Organic compounds; Organoheterocyclic compounds; Lipids and lipid-like molecules; Amino acids, peptides, and analogues; Lactones; Alpha amino acids and derivatives; Macrolactams; Alcohols and polyols; Lactams; Phenylpropanoids and polyketides; Organic acids and derivatives; Carboxylic acids and derivatives; Organonitrogen compounds; Organooxygen compounds; Fatty amides; Amino acids and derivatives; Alpha amino acid esters; Carboxylic acid amides; Carboxylic acid derivatives; N-acyl amines; N-acyl-alpha amino acids and derivatives; Carboxylic acids; Carboxylic acid esters; Secondary alcohols; Secondary carboxylic acid amides; Tertiary carboxylic acid amides; Peptidomimetics; Carbonyl compounds; Macrolide lactams; Depsipeptides; Cyclic depsipeptides; Alpha amino acid amides; Fatty Acyls; Organic oxides; Azacyclic compounds; Oxacyclic compounds; Hydrocarbon derivatives; Organopnictogen compounds; Organic oxygen compounds; Organic nitrogen compounds; Chemical entities"	1406.958	243	4.042	839408669830714752	839408489492415488	839408489492415488	323	NA	323
4	"C22H44N4O9"	"[M - H2O + H]+"	"C22H43N4O8+"	"Carbohydrates"	0.888	"Aminosugars and aminoglycosides"	0.753	"Aminoglycosides"	0.657	"Lipids and lipid-like molecules"	0.65	"Fatty Acyls"	0.656	"Fatty amides"	0.456	"N-acyl amines"	0.577	"N-acyl amines"	0.577	"Organic compounds; Organoheterocyclic compounds; Carbohydrates and carbohydrate conjugates; Lipids and lipid-like molecules; Alcohols and polyols; Ethers; Organic acids and derivatives; Carboxylic acids and derivatives; Organonitrogen compounds; Organooxygen compounds; Carboxylic acid derivatives; N-acyl amines; Monosaccharides; Acetals; Secondary alcohols; Carbonyl compounds; Oxanes; Aminocyclitols and derivatives; Aminosaccharides; Fatty Acyls; Organic oxides; Oxacyclic compounds; Hydrocarbon derivatives; Organopnictogen compounds; Organic oxygen compounds; Organic nitrogen compounds; Chemical entities"	491.305	243	4.05	839408672263411328	839408489630827520	839408489630827520	327	NA	327
4	"C21H44N2O6S"	"[M + H3N + H]+"	"C21H48N3O6S+"	"Fatty acids"	0.264	"Aminosugars and aminoglycosides"	0.352	"Aminoglycosides"	0.46	"Organic acids and derivatives"	0.985	"Carboxylic acids and derivatives"	0.961	"Amino acids, peptides, and analogues"	0.92	"Amino acids and derivatives"	0.915	"Alpha amino acid amides"	0.575	"Organic compounds; Organosulfur compounds; Lipids and lipid-like molecules; Amino acids, peptides, and analogues; Alpha amino acids and derivatives; Alcohols and polyols; Organic acids and derivatives; Carboxylic acids and derivatives; Organonitrogen compounds; Organooxygen compounds; Amino acids and derivatives; Carboxylic acid amides; Carboxylic acid derivatives; Monosaccharides; Secondary alcohols; Secondary carboxylic acid amides; Carbonyl compounds; Alpha amino acid amides; Amines; Sulfenyl compounds; Fatty Acyls; Organic oxides; Hydrocarbon derivatives; Organopnictogen compounds; Organic oxygen compounds; Organic nitrogen compounds; Chemical entities"	470.326	243	4.054	839408674465420928	839408491065279616	839408491065279616	365	NA	365
3	"C10H19NO4"	"[M + H3N + H]+"	"C10H23N2O4+"	"Amino acids and Peptides"	0.785	"Small peptides"	0.799	"Aminoacids"	0.837	"Organic acids and derivatives"	1	"Carboxylic acids and derivatives"	0.999	"Amino acids, peptides, and analogues"	0.991	"Amino acids and derivatives"	0.991	"Carbamate esters"	0.946	"Organic compounds; Lipids and lipid-like molecules; Amino acids, peptides, and analogues; Alpha amino acids and derivatives; Fatty acids and conjugates; Organic acids and derivatives; Carboxylic acids and derivatives; Organonitrogen compounds; Carbamic acids and derivatives; Organooxygen compounds; Fatty acid esters; Branched fatty acids; Amino acids and derivatives; Carboxylic acid derivatives; Monocarboxylic acids and derivatives; Carbamate esters; Carboxylic acids; Carboxylic acid esters; Carbonyl compounds; Fatty Acyls; Organic oxides; Hydrocarbon derivatives; Valine and derivatives; Organopnictogen compounds; Organic oxygen compounds; Organic nitrogen compounds; Chemical entities"	235.165	243	4.058	839408652273357696	839408490893313152	839408490893313152	360	NA	360
3	"C85H149N13O18"	"[M + H]+"	"C85H150N13O18+"	"Amino acids and Peptides"	0.958	"Oligopeptides"	1	"Lipopeptides"	0.995	"Organic acids and derivatives"	1	"Peptidomimetics"	0.98	"Depsipeptides"	0.977	"Cyclic depsipeptides"	0.98	"Cyclic depsipeptides"	0.98	"Organic compounds; Organoheterocyclic compounds; Lipids and lipid-like molecules; Amino acids, peptides, and analogues; Lactones; Alpha amino acids and derivatives; Macrolactams; Alcohols and polyols; Lactams; Phenylpropanoids and polyketides; Organic acids and derivatives; Carboxylic acids and derivatives; Organonitrogen compounds; Primary alcohols; Organooxygen compounds; Fatty amides; Branched fatty acids; Amino acids and derivatives; Alpha amino acid esters; Carboxylic acid amides; Carboxylic acid derivatives; N-acyl amines; Carboxylic acids; Carboxylic acid esters; Secondary alcohols; Secondary carboxylic acid amides; Peptidomimetics; Carbonyl compounds; Macrolide lactams; Depsipeptides; Cyclic depsipeptides; Fatty Acyls; Organic oxides; Azacyclic compounds; Oxacyclic compounds; Hydrocarbon derivatives; Organopnictogen compounds; Organic oxygen compounds; Organic nitrogen compounds; Chemical entities"	1641.114	244	4.07	839409021963514752	839408489836348416	839408489836348416	333	NA	333
1	"C6H15NO5S"	"[M + Na]+"	"C6H15NNaO5S+"	"Fatty acids"	0.35	"Spingolipids"	0.054	"Sphingoid bases"	0.223	"Organic acids and derivatives"	0.984	"Organic sulfonic acids and derivatives"	0.972	"Organosulfonic acids and derivatives"	0.972	"Alkanesulfonic acids and derivatives"	0.983	"Alkanesulfonic acids"	0.968	"Organic compounds; Organosulfur compounds; Alcohols and polyols; Organic acids and derivatives; Organosulfonic acids and derivatives; Organonitrogen compounds; Primary alcohols; Organooxygen compounds; Sulfonyls; Organosulfonic acids; 1,2-aminoalcohols; Amines; Alkanolamines; Alkanesulfonic acids and derivatives; Alkanesulfonic acids; Organic oxides; Hydrocarbon derivatives; Organic sulfonic acids and derivatives; Organic oxygen compounds; Organic nitrogen compounds; Chemical entities"	236.055	244	4.071	839408665204397312	839408489765045248	839408489765045248	331	NA	331
1	"C11H25NO2S"	"[M + H]+"	"C11H26NO2S+"	"Fatty acids"	0.905	"Fatty esters"	0.835	"Wax monoesters"	0.349	"Organic acids and derivatives"	0.993	"Carboxylic acids and derivatives"	0.97	"Amino acids, peptides, and analogues"	0.753	"Amino acids and derivatives"	0.754	"Amino acids and derivatives"	0.754	"Organic compounds; Organosulfur compounds; Lipids and lipid-like molecules; Amino acids, peptides, and analogues; Organic acids and derivatives; Carboxylic acids and derivatives; Organonitrogen compounds; Organooxygen compounds; Amino acids and derivatives; Carboxylic acid derivatives; Monocarboxylic acids and derivatives; Thioethers; Carboxylic acid esters; Carbonyl compounds; Amines; Sulfenyl compounds; Dialkylthioethers; Fatty Acyls; Organic oxides; Hydrocarbon derivatives; Organopnictogen compounds; Organic oxygen compounds; Organic nitrogen compounds; Chemical entities"	236.168	244	4.071	839408676302526208	839408489798599680	839408489798599680	332	NA	332
4	"C16H33NO4S"	"[M + H3N + H]+"	"C16H37N2O4S+"	"Fatty acids"	0.29	"Small peptides"	0.196	"Aminoacids"	0.213	"Organic acids and derivatives"	0.996	"Carboxylic acids and derivatives"	0.99	"Amino acids, peptides, and analogues"	0.944	"Amino acids and derivatives"	0.943	"Carbamate esters"	0.838	"Organic compounds; Organosulfur compounds; Amino acids, peptides, and analogues; Organic acids and derivatives; Carboxylic acids and derivatives; Organonitrogen compounds; Carbamic acids and derivatives; Organooxygen compounds; Amino acids and derivatives; Monocarboxylic acids and derivatives; Carbamate esters; Carbonyl compounds; Sulfenyl compounds; Dialkylthioethers; Organic oxides; Hydrocarbon derivatives; Organopnictogen compounds; Organic oxygen compounds; Organic nitrogen compounds; Chemical entities"	353.247	244	4.072	839408654114657280	839408491203691648	839408491203691648	369	NA	369
3	"C68H119N11O15"	"[M + H3N + H]+"	"C68H123N12O15+"	"Amino acids and Peptides"	0.902	"Oligopeptides"	1	"Lipopeptides"	0.966	"Organic acids and derivatives"	1	"Peptidomimetics"	0.879	"Depsipeptides"	0.876	"Cyclic depsipeptides"	0.887	"Cyclic depsipeptides"	0.887	"Organic compounds; Organoheterocyclic compounds; Lipids and lipid-like molecules; Amino acids, peptides, and analogues; Lactones; Alpha amino acids and derivatives; Macrolactams; Alcohols and polyols; Lactams; Phenylpropanoids and polyketides; Organic acids and derivatives; Carboxylic acids and derivatives; Organonitrogen compounds; Primary alcohols; Organooxygen compounds; Fatty amides; Amino acids and derivatives; Alpha amino acid esters; Carboxylic acid amides; Carboxylic acid derivatives; N-acyl amines; N-acyl-alpha amino acids and derivatives; Carboxylic acids; Carboxylic acid esters; Secondary alcohols; Secondary carboxylic acid amides; Tertiary carboxylic acid amides; Peptidomimetics; Carbonyl compounds; Macrolide lactams; Depsipeptides; Cyclic depsipeptides; Alpha amino acid amides; Fatty Acyls; Organic oxides; Azacyclic compounds; Hydrocarbon derivatives; Organopnictogen compounds; Organic oxygen compounds; Organic nitrogen compounds; Chemical entities"	1347.917	244	4.072	839408679225956224	839408489874097152	839408489874097152	334	NA	334
4	"C30H57N3O9"	"[M - H2O + H]+"	"C30H56N3O8+"	"Amino acids and Peptides"	0.699	"Oligopeptides"	0.87	"Depsipeptides"	0.322	"Organic acids and derivatives"	1	"Peptidomimetics"	0.829	"Depsipeptides"	0.655	NA	NA	"Depsipeptides"	0.655	"Organic compounds; Lipids and lipid-like molecules; Amino acids, peptides, and analogues; Lactones; Alpha amino acids and derivatives; Alcohols and polyols; Organic acids and derivatives; Carboxylic acids and derivatives; Organonitrogen compounds; Organooxygen compounds; Fatty amides; Amino acids and derivatives; Alpha amino acid esters; Carboxylic acid amides; Carboxylic acid derivatives; N-acyl amines; Monocarboxylic acids and derivatives; N-acyl-alpha amino acids and derivatives; Carboxylic acid esters; Secondary alcohols; Secondary carboxylic acid amides; Peptidomimetics; Carbonyl compounds; Macrolide lactams; Depsipeptides; Fatty Acyls; Organic oxides; Hydrocarbon derivatives; Valine and derivatives; Organopnictogen compounds; Organic oxygen compounds; Organic nitrogen compounds; Chemical entities"	586.402	244	4.072	839408651098952576	839408490071229440	839408490071229440	339	NA	339
1	"C20H44N4O8"	"[M + H]+"	"C20H45N4O8+"	"Amino acids and Peptides"	0.724	"Small peptides"	0.641	"Tripeptides"	0.33	"Organic acids and derivatives"	1	"Carboxylic acids and derivatives"	0.998	"Amino acids, peptides, and analogues"	0.994	"Amino acids and derivatives"	0.993	"Alpha amino acid esters"	0.74	"Organic compounds; Lipids and lipid-like molecules; Amino acids, peptides, and analogues; Alpha amino acids and derivatives; Alcohols and polyols; Organic acids and derivatives; Carboxylic acids and derivatives; Organonitrogen compounds; Organooxygen compounds; Fatty acid esters; Fatty amides; Branched fatty acids; Amino acids and derivatives; Alpha amino acid esters; Carboxylic acid amides; Carboxylic acid derivatives; N-acyl amines; Monocarboxylic acids and derivatives; N-acyl-alpha amino acids and derivatives; Carboxylic acid esters; Secondary carboxylic acid amides; Carbonyl compounds; Alpha amino acid amides; Fatty Acyls; Organic oxides; Hydrocarbon derivatives; Valine and derivatives; Organopnictogen compounds; Organic oxygen compounds; Organic nitrogen compounds; Chemical entities"	469.323	244	4.073	839408683298625408	839408490230612992	839408490226418688	343	NA	343
1	"C56H102N10O11"	"[M + Na]+"	"C56H102N10NaO11+"	"Amino acids and Peptides"	0.91	"Oligopeptides"	0.999	"Lipopeptides"	0.765	"Organic acids and derivatives"	0.999	"Carboxylic acids and derivatives"	0.997	"Amino acids, peptides, and analogues"	0.993	"Amino acids and derivatives"	0.989	"N-acyl-alpha amino acids and derivatives"	0.732	"Organic compounds; Organoheterocyclic compounds; Lipids and lipid-like molecules; Amino acids, peptides, and analogues; Alpha amino acids and derivatives; Alcohols and polyols; Pyrrolidines; Organic acids and derivatives; Carboxylic acids and derivatives; Organonitrogen compounds; Organooxygen compounds; Fatty amides; Amino acids and derivatives; Carboxylic acid amides; Carboxylic acid derivatives; N-acyl amines; Monocarboxylic acids and derivatives; N-acyl-alpha amino acids and derivatives; Carboxylic acids; Primary carboxylic acid amides; Secondary carboxylic acid amides; Tertiary carboxylic acid amides; Peptidomimetics; Carbonyl compounds; Alpha amino acid amides; Fatty Acyls; Organic oxides; Azacyclic compounds; Hydrocarbon derivatives; Organopnictogen compounds; Organic oxygen compounds; Organic nitrogen compounds; Chemical entities"	1113.759	244	4.074	839408694711327232	839408490381607936	839408490381607936	347	NA	347
3	"C56H103N11O14"	"[M + H3N + H]+"	"C56H107N12O14+"	"Amino acids and Peptides"	0.899	"Oligopeptides"	1	"Lipopeptides"	0.95	"Organic acids and derivatives"	1	"Peptidomimetics"	0.925	"Depsipeptides"	0.932	"Cyclic depsipeptides"	0.934	"Cyclic depsipeptides"	0.934	"Organic compounds; Organoheterocyclic compounds; Lipids and lipid-like molecules; Amino acids, peptides, and analogues; Lactones; Alpha amino acids and derivatives; Macrolactams; Alcohols and polyols; Lactams; Phenylpropanoids and polyketides; Organic acids and derivatives; Carboxylic acids and derivatives; Organonitrogen compounds; Organooxygen compounds; Fatty amides; Amino acids and derivatives; Alpha amino acid esters; Carboxylic acid amides; Carboxylic acid derivatives; N-acyl amines; N-acyl-alpha amino acids and derivatives; Carboxylic acids; Carboxylic acid esters; Secondary alcohols; Secondary carboxylic acid amides; Tertiary carboxylic acid amides; Peptidomimetics; Carbonyl compounds; Macrolide lactams; Depsipeptides; Cyclic depsipeptides; Fatty Acyls; Organic oxides; Azacyclic compounds; Oxacyclic compounds; Hydrocarbon derivatives; Organopnictogen compounds; Organic oxygen compounds; Organic nitrogen compounds; Chemical entities"	1171.797	244	4.075	839408675081983744	839408490268361728	839408490268361728	344	NA	344
10	"C67H96N2O25"	"[M + K]+"	"C67H96KN2O25+"	"Polyketides"	0.892	"Macrolides"	0.95	"Spirotetronate macrolides"	0.747	"Organic oxygen compounds"	0.998	"Organooxygen compounds"	0.996	"Carbohydrates and carbohydrate conjugates"	0.934	"Aminosaccharides"	0.866	"Aminoglycosides"	0.727	"Organic compounds; Organoheterocyclic compounds; Carbohydrates and carbohydrate conjugates; Lipids and lipid-like molecules; Amino acids, peptides, and analogues; Lactones; Alcohols and polyols; Macrolides and analogues; Ethers; Organic acids and derivatives; Carboxylic acids and derivatives; Organonitrogen compounds; Aminoglycosides; Organooxygen compounds; Amino acids and derivatives; Carboxylic acid derivatives; Carboxylic acid esters; Acetals; Secondary alcohols; Carbonyl compounds; 1,2-aminoalcohols; Oxanes; Glycosyl compounds; O-glycosyl compounds; Polyols; Amines; Alkanolamines; Aminosaccharides; Organic oxides; Oxacyclic compounds; Hydrocarbon derivatives; Organopnictogen compounds; Organic oxygen compounds; Organic nitrogen compounds; Chemical entities"	1367.596	245	4.076	839409154964895744	839408490150921216	839408490150921216	341	NA	341
2	"C21H43NO9"	"[M + H3N + H]+"	"C21H47N2O9+"	"Fatty acids"	0.522	"Fatty amides"	0.209	"N-acyl amines"	0.282	"Organic acids and derivatives"	0.98	"Carboxylic acids and derivatives"	0.959	"Amino acids, peptides, and analogues"	0.735	"Amino acids and derivatives"	0.733	"Valine and derivatives"	0.573	"Organic compounds; Carbohydrates and carbohydrate conjugates; Lipids and lipid-like molecules; Amino acids, peptides, and analogues; Alcohols and polyols; Ethers; Organic acids and derivatives; Carboxylic acids and derivatives; Organonitrogen compounds; Organooxygen compounds; Fatty acid esters; Amino acids and derivatives; Carboxylic acid derivatives; Carboxylic acid esters; Monosaccharides; Secondary alcohols; Carbonyl compounds; Fatty Acyls; Organic oxides; Hydrocarbon derivatives; Valine and derivatives; Organopnictogen compounds; Organic oxygen compounds; Organic nitrogen compounds; Chemical entities"	471.329	245	4.076	839408669235123584	839408490465494016	839408490465494016	349	NA	349
2	"C40H77N5O12"	"[M + H]+"	"C40H78N5O12+"	"Amino acids and Peptides"	0.503	"Oligopeptides"	0.999	"Lipopeptides"	0.899	"Organic acids and derivatives"	1	"Peptidomimetics"	0.979	"Depsipeptides"	0.957	"Cyclic depsipeptides"	0.965	"Cyclic depsipeptides"	0.965	"Organic compounds; Organoheterocyclic compounds; Amino acids, peptides, and analogues; Lactones; Alpha amino acids and derivatives; Macrolactams; Alcohols and polyols; Macrolides and analogues; Lactams; Phenylpropanoids and polyketides; Organic acids and derivatives; Carboxylic acids and derivatives; Organonitrogen compounds; Organooxygen compounds; Amino acids and derivatives; Alpha amino acid esters; Carboxylic acid amides; Carboxylic acid derivatives; Carboxylic acid esters; Secondary alcohols; Secondary carboxylic acid amides; Peptidomimetics; Carbonyl compounds; Macrolide lactams; Depsipeptides; Cyclic depsipeptides; Organic oxides; Azacyclic compounds; Oxacyclic compounds; Hydrocarbon derivatives; Organopnictogen compounds; Organic oxygen compounds; Organic nitrogen compounds; Chemical entities"	820.56	245	4.076	839408670606660992	839408490507437056	839408490503242752	350	NA	350
5	"C34H56N2O7"	"[M - H2O + H]+"	"C34H55N2O6+"	"Amino acids and Peptides"	0.347	"Macrolides"	0.417	"Open-chain polyketides"	0.234	"Lipids and lipid-like molecules"	0.841	"Fatty Acyls"	0.658	"Fatty amides"	0.582	NA	NA	"Fatty amides"	0.582	"Organic compounds; Organoheterocyclic compounds; Lipids and lipid-like molecules; Alcohols and polyols; Organic acids and derivatives; Carboxylic acids and derivatives; Organonitrogen compounds; Organooxygen compounds; Fatty amides; Carboxylic acid amides; Carboxylic acid derivatives; Monocarboxylic acids and derivatives; Carboxylic acid esters; Secondary alcohols; Secondary carboxylic acid amides; Carbonyl compounds; Fatty Acyls; Organic oxides; Hydrocarbon derivatives; Organopnictogen compounds; Organic oxygen compounds; Organic nitrogen compounds; Chemical entities"	587.406	245	4.077	839408690928064896	839408489559524352	839408489559524352	325	NA	325
1	"C15H33N3O6"	"[M + H]+"	"C15H34N3O6+"	"Amino acids and Peptides"	0.831	"Small peptides"	0.895	"Tripeptides"	0.242	"Organic acids and derivatives"	0.999	"Carboxylic acids and derivatives"	0.995	"Amino acids, peptides, and analogues"	0.979	"Amino acids and derivatives"	0.977	"Alpha amino acid esters"	0.62	"Organic compounds; Lipids and lipid-like molecules; Amino acids, peptides, and analogues; Alpha amino acids and derivatives; Organic acids and derivatives; Carboxylic acids and derivatives; Organonitrogen compounds; Organooxygen compounds; Fatty acid esters; Amino acids and derivatives; Alpha amino acid esters; Carboxylic acid amides; Carboxylic acid derivatives; N-acyl amines; Monocarboxylic acids and derivatives; N-acyl-alpha amino acids and derivatives; Carboxylic acid esters; Secondary carboxylic acid amides; Carbonyl compounds; Fatty Acyls; Organic oxides; Hydrocarbon derivatives; Valine and derivatives; Organopnictogen compounds; Organic oxygen compounds; Organic nitrogen compounds; Chemical entities"	352.244	245	4.077	839408694107347456	839408490666820736	839408490666820736	354	NA	354
1	"C30H55N5O5"	"[M + Na]+"	"C30H55N5NaO5+"	"Amino acids and Peptides"	0.989	"Oligopeptides"	0.882	"Tripeptides"	0.27	"Organic acids and derivatives"	0.999	"Carboxylic acids and derivatives"	0.997	"Amino acids, peptides, and analogues"	0.99	"Peptides"	0.81	"Dipeptides"	0.529	"Organic compounds; Lipids and lipid-like molecules; Amino acids, peptides, and analogues; Alpha amino acids and derivatives; Organic acids and derivatives; Carboxylic acids and derivatives; Organonitrogen compounds; Organooxygen compounds; Fatty amides; Amino acids and derivatives; Peptides; Carboxylic acid amides; Carboxylic acid derivatives; N-acyl amines; N-acyl-alpha amino acids and derivatives; Secondary carboxylic acid amides; Tertiary carboxylic acid amides; Carbonyl compounds; Alpha amino acid amides; N-acylpyrrolidines; Fatty Acyls; Organic oxides; Hydrocarbon derivatives; Valine and derivatives; Organopnictogen compounds; Organic oxygen compounds; Organic nitrogen compounds; Dipeptides; Chemical entities"	588.408	245	4.082	839408660594857088	839408490926867584	839408490926867584	361	NA	361
2	"C70H127N13O16"	"[M + H]+"	"C70H128N13O16+"	"Amino acids and Peptides"	0.928	"Oligopeptides"	1	"Lipopeptides"	0.933	"Organic acids and derivatives"	1	"Peptidomimetics"	0.926	"Depsipeptides"	0.898	"Cyclic depsipeptides"	0.91	"Cyclic depsipeptides"	0.91	"Organic compounds; Organoheterocyclic compounds; Lipids and lipid-like molecules; Amino acids, peptides, and analogues; Lactones; Alpha amino acids and derivatives; Macrolactams; Alcohols and polyols; Lactams; Phenylpropanoids and polyketides; Organic acids and derivatives; Carboxylic acids and derivatives; Organonitrogen compounds; Organooxygen compounds; Fatty amides; Amino acids and derivatives; Alpha amino acid esters; Carboxylic acid amides; Carboxylic acid derivatives; N-acyl amines; N-acyl-alpha amino acids and derivatives; Carboxylic acids; Carboxylic acid esters; Secondary alcohols; Secondary carboxylic acid amides; Tertiary carboxylic acid amides; Peptidomimetics; Carbonyl compounds; Macrolide lactams; Depsipeptides; Cyclic depsipeptides; Alpha amino acid amides; Fatty Acyls; Organic oxides; Azacyclic compounds; Oxacyclic compounds; Hydrocarbon derivatives; Organopnictogen compounds; Organic oxygen compounds; Organic nitrogen compounds; Chemical entities"	1406.958	245	4.09	839408672158553728	839408490855564416	839408490855564416	359	NA	359
1	"C7H16N3O3PS"	"[M - H2O + H]+"	"C7H15N3O2PS+"	"Amino acids and Peptides"	0.335	"Small peptides"	0.363	"Aminoacids"	0.173	"Organosulfur compounds"	0.724	"Sulfenyl compounds"	0.523	NA	NA	NA	NA	"Sulfenyl compounds"	0.523	"Organic compounds; Organosulfur compounds; Organic acids and derivatives; Organonitrogen compounds; Organooxygen compounds; Sulfenyl compounds; Organic oxides; Hydrocarbon derivatives; Organopnictogen compounds; Organic oxygen compounds; Organic nitrogen compounds; Chemical entities"	236.062	246	4.098	839408702605007744	839408491170137216	839408491165942912	368	NA	368
1	"C13H20FN3"	"[M + H]+"	"C13H21FN3+"	"Alkaloids"	0.696	"Pseudoalkaloids (transamidation)"	0.201	"Phenylalanine-derived alkaloids"	0.082	"Benzenoids"	0.889	"Benzene and substituted derivatives"	0.837	"Halobenzenes"	0.394	"Fluorobenzenes"	0.548	"Fluorobenzenes"	0.548	"Organic compounds; Organohalogen compounds; Organonitrogen compounds; Aryl fluorides; Fluorobenzenes; Organofluorides; Benzene and substituted derivatives; Benzenoids; Hydrocarbon derivatives; Organopnictogen compounds; Organic nitrogen compounds; Chemical entities"	238.171	246	4.107	839408686536628352	839408491031725184	839408491031725184	364	NA	364
1	"C6H15NO5S"	"[M + Na]+"	"C6H15NNaO5S+"	"Fatty acids"	0.384	"Spingolipids"	0.077	"Sphingoid bases"	0.27	"Organic acids and derivatives"	0.986	"Organic sulfonic acids and derivatives"	0.944	"Organosulfonic acids and derivatives"	0.944	"Alkanesulfonic acids and derivatives"	0.968	"Alkanesulfonic acids"	0.943	"Organic compounds; Organosulfur compounds; Alcohols and polyols; Organic acids and derivatives; Organosulfonic acids and derivatives; Organonitrogen compounds; Organooxygen compounds; Sulfonyls; Organosulfonic acids; 1,2-aminoalcohols; Amines; Alkanolamines; Alkanesulfonic acids and derivatives; Alkanesulfonic acids; Organic oxides; Hydrocarbon derivatives; Organic sulfonic acids and derivatives; Organopnictogen compounds; Organic oxygen compounds; Organic nitrogen compounds; Chemical entities"	236.059	247	4.123	839408663728002304	839408491308549248	839408491308549248	372	NA	372
3	"C56H102N18O15"	"[M - H2O + H]+"	"C56H101N18O14+"	"Amino acids and Peptides"	0.922	"Oligopeptides"	1	"Lipopeptides"	0.941	"Organic acids and derivatives"	1	"Peptidomimetics"	0.868	"Depsipeptides"	0.842	"Cyclic depsipeptides"	0.848	"Cyclic depsipeptides"	0.848	"Organic compounds; Organoheterocyclic compounds; Lipids and lipid-like molecules; Amino acids, peptides, and analogues; Lactones; Alpha amino acids and derivatives; Macrolactams; Alcohols and polyols; Lactams; Phenylpropanoids and polyketides; Organic acids and derivatives; Carboxylic acids and derivatives; Organonitrogen compounds; Primary alcohols; Organooxygen compounds; Fatty amides; Amino acids and derivatives; Alpha amino acid esters; Carboxylic acid amides; Carboxylic acid derivatives; N-acyl amines; N-acyl-alpha amino acids and derivatives; Carboxylic acids; Carboxylic acid esters; Secondary alcohols; Secondary carboxylic acid amides; Tertiary carboxylic acid amides; Peptidomimetics; Carbonyl compounds; Macrolide lactams; Depsipeptides; Cyclic depsipeptides; Alpha amino acid amides; Amines; Primary amines; Fatty Acyls; Organic oxides; Azacyclic compounds; Hydrocarbon derivatives; Organopnictogen compounds; Organic oxygen compounds; Organic nitrogen compounds; Chemical entities"	1249.774	247	4.123	839408746213188864	839408491237246080	839408491237246080	370	NA	370
15	"C61H93N7O13"	"[M + H]+"	"C61H94N7O13+"	"Amino acids and Peptides"	0.705	"Oligopeptides"	0.999	"Lipopeptides"	0.959	"Organic acids and derivatives"	1	"Peptidomimetics"	0.978	"Depsipeptides"	0.956	"Cyclic depsipeptides"	0.964	"Cyclic depsipeptides"	0.964	"Organic compounds; Organoheterocyclic compounds; Lipids and lipid-like molecules; Amino acids, peptides, and analogues; Lactones; Alpha amino acids and derivatives; Macrolactams; Alcohols and polyols; Lactams; Phenylpropanoids and polyketides; Organic acids and derivatives; Carboxylic acids and derivatives; Organonitrogen compounds; Organooxygen compounds; Amino acids and derivatives; Alpha amino acid esters; Carboxylic acid amides; Carboxylic acid derivatives; Carboxylic acids; Carboxylic acid esters; Secondary alcohols; Secondary carboxylic acid amides; Peptidomimetics; Carbonyl compounds; Macrolide lactams; Depsipeptides; Cyclic depsipeptides; Fatty Acyls; Organic oxides; Azacyclic compounds; Oxacyclic compounds; Hydrocarbon derivatives; Organopnictogen compounds; Organic oxygen compounds; Organic nitrogen compounds; Chemical entities"	1132.695	248	4.132	839408733458309632	839408491274994816	839408491270800512	371	NA	371
6	"C50H84N10O13"	"[M - H2O + H]+"	"C50H83N10O12+"	"Amino acids and Peptides"	0.925	"Oligopeptides"	1	"Lipopeptides"	0.994	"Organic acids and derivatives"	1	"Peptidomimetics"	0.977	"Depsipeptides"	0.974	"Cyclic depsipeptides"	0.978	"Cyclic depsipeptides"	0.978	"Organic compounds; Organoheterocyclic compounds; Lipids and lipid-like molecules; Amino acids, peptides, and analogues; Lactones; Alpha amino acids and derivatives; Macrolactams; Alcohols and polyols; Lactams; Phenylpropanoids and polyketides; Organic acids and derivatives; Carboxylic acids and derivatives; Organonitrogen compounds; Primary alcohols; Organooxygen compounds; Fatty amides; Amino acids and derivatives; Alpha amino acid esters; Carboxylic acid amides; Carboxylic acid derivatives; N-acyl amines; Carboxylic acids; Carboxylic acid esters; Secondary alcohols; Secondary carboxylic acid amides; Peptidomimetics; Carbonyl compounds; Macrolide lactams; Depsipeptides; Cyclic depsipeptides; Fatty Acyls; Organic oxides; Azacyclic compounds; Oxacyclic compounds; Hydrocarbon derivatives; Organopnictogen compounds; Organic oxygen compounds; Organic nitrogen compounds; Chemical entities"	1015.617	248	4.138	839408668396262656	839408491384046720	839408491379852416	374	NA	374
3	"C45H73N9O11"	"[M - H2O + H]+"	"C45H72N9O10+"	"Amino acids and Peptides"	0.88	"Oligopeptides"	1	"Lipopeptides"	0.987	"Organic acids and derivatives"	1	"Peptidomimetics"	0.957	"Depsipeptides"	0.954	"Cyclic depsipeptides"	0.961	"Cyclic depsipeptides"	0.961	"Organic compounds; Organoheterocyclic compounds; Lipids and lipid-like molecules; Amino acids, peptides, and analogues; Lactones; Alpha amino acids and derivatives; Macrolactams; Alcohols and polyols; Lactams; Phenylpropanoids and polyketides; Organic acids and derivatives; Carboxylic acids and derivatives; Organonitrogen compounds; Organooxygen compounds; Fatty amides; Amino acids and derivatives; Alpha amino acid esters; Carboxylic acid amides; Carboxylic acid derivatives; N-acyl amines; Monocarboxylic acids and derivatives; Carboxylic acids; Carboxylic acid esters; Secondary alcohols; Secondary carboxylic acid amides; Peptidomimetics; Carbonyl compounds; Macrolide lactams; Depsipeptides; Cyclic depsipeptides; Fatty Acyls; Organic oxides; Azacyclic compounds; Oxacyclic compounds; Hydrocarbon derivatives; Organopnictogen compounds; Organic oxygen compounds; Organic nitrogen compounds; Chemical entities"	898.538	248	4.14	839408671160309248	839408491417601152	839408491417601152	375	NA	375
3	"C49H93N19O14"	"[M + K]+"	"C49H93KN19O14+"	"Amino acids and Peptides"	0.95	"Oligopeptides"	1	"Lipopeptides"	0.993	"Organic acids and derivatives"	1	"Peptidomimetics"	0.935	"Depsipeptides"	0.924	"Cyclic depsipeptides"	0.934	"Cyclic depsipeptides"	0.934	"Organic compounds; Organoheterocyclic compounds; Lipids and lipid-like molecules; Amino acids, peptides, and analogues; Lactones; Alpha amino acids and derivatives; Macrolactams; Alcohols and polyols; Lactams; Phenylpropanoids and polyketides; Organic acids and derivatives; Carboxylic acids and derivatives; Organonitrogen compounds; Primary alcohols; Organooxygen compounds; Fatty amides; Amino acids and derivatives; Alpha amino acid esters; Carboxylic acid amides; Carboxylic acid derivatives; N-acyl amines; N-acyl-alpha amino acids and derivatives; Carboxylic acids; Carboxylic acid esters; Secondary alcohols; Secondary carboxylic acid amides; Peptidomimetics; Carbonyl compounds; Macrolide lactams; Depsipeptides; Cyclic depsipeptides; Primary amines; Fatty Acyls; Organic oxides; Azacyclic compounds; Oxacyclic compounds; Hydrocarbon derivatives; Organopnictogen compounds; Organic oxygen compounds; Organic nitrogen compounds; Chemical entities"	1210.673	249	4.142	839408688763803904	839408491493098624	839408491488904320	377	NA	377
3	"C40H60N8O8"	"[M + H]+"	"C40H61N8O8+"	"Amino acids and Peptides"	0.951	"Oligopeptides"	0.989	"Linear peptides"	0.488	"Organic acids and derivatives"	1	"Carboxylic acids and derivatives"	0.998	"Amino acids, peptides, and analogues"	0.995	"Peptides"	0.778	"Peptides"	0.778	"Organic compounds; Lipids and lipid-like molecules; Amino acids, peptides, and analogues; Alpha amino acids and derivatives; Alcohols and polyols; Organic acids and derivatives; Carboxylic acids and derivatives; Organonitrogen compounds; Organooxygen compounds; Fatty amides; Branched fatty acids; Amino acids and derivatives; Peptides; Carboxylic acid amides; Carboxylic acid derivatives; N-acyl amines; Monocarboxylic acids and derivatives; N-acyl-alpha amino acids and derivatives; Carboxylic acids; Secondary carboxylic acid amides; Tertiary carboxylic acid amides; Carbonyl compounds; Alpha amino acid amides; N-acylpyrrolidines; Fatty Acyls; Organic oxides; Hydrocarbon derivatives; Valine and derivatives; Organopnictogen compounds; Organic oxygen compounds; Organic nitrogen compounds; Chemical entities"	781.459	249	4.142	839408964925174144	839408491530847360	839408491530847360	378	NA	378
1	"C52H84N6O9"	"[M + H]+"	"C52H85N6O9+"	"Amino acids and Peptides"	0.818	"Oligopeptides"	0.999	"Microcolins and mirabimids"	0.788	"Organic acids and derivatives"	1	"Peptidomimetics"	0.781	"Depsipeptides"	0.645	"Cyclic depsipeptides"	0.507	"Cyclic depsipeptides"	0.507	"Organic compounds; Organoheterocyclic compounds; Lipids and lipid-like molecules; Amino acids, peptides, and analogues; Alpha amino acids and derivatives; Pyrrolidines; Organic acids and derivatives; Carboxylic acids and derivatives; Organonitrogen compounds; Organooxygen compounds; Fatty amides; Amino acids and derivatives; Alpha amino acid esters; Carboxylic acid amides; Carboxylic acid derivatives; N-acyl amines; Monocarboxylic acids and derivatives; N-acyl-alpha amino acids and derivatives; Carboxylic acid esters; Secondary carboxylic acid amides; Tertiary carboxylic acid amides; Peptidomimetics; Carbonyl compounds; Depsipeptides; Cyclic depsipeptides; Alpha amino acid amides; N-acylpyrrolidines; Fatty Acyls; Organic oxides; Azacyclic compounds; Hydrocarbon derivatives; Valine and derivatives; Organopnictogen compounds; Organic oxygen compounds; Organic nitrogen compounds; Chemical entities"	937.639	249	4.143	839408738864767744	839408492180964608	839408492180964608	395	NA	395
3	"C15H13N5O2"	"[M + H3N + H]+"	"C15H17N6O2+"	"Alkaloids"	0.58	"Pseudoalkaloids (transamidation)"	0.202	"Purine alkaloids"	0.396	"Benzenoids"	0.972	"Benzene and substituted derivatives"	0.785	NA	NA	NA	NA	"Benzene and substituted derivatives"	0.785	"Organic compounds; Organoheterocyclic compounds; Organic acids and derivatives; Carboxylic acids and derivatives; Organonitrogen compounds; Organooxygen compounds; Azoles; Diazines; Benzene and substituted derivatives; Benzenoids; Amines; Organic oxides; Azacyclic compounds; Heteroaromatic compounds; Hydrocarbon derivatives; Organopnictogen compounds; Organic oxygen compounds; Organic nitrogen compounds; Chemical entities"	313.142	249	4.145	839408678559061760	839408491602150528	839408491602150528	380	NA	380
1	"C7H16N3O3PS"	"[M - H2O + H]+"	"C7H15N3O2PS+"	"Amino acids and Peptides"	0.503	"Small peptides"	0.337	"Aminoacids"	0.25	"Organic nitrogen compounds"	0.998	"Organonitrogen compounds"	0.986	NA	NA	NA	NA	"Organonitrogen compounds"	0.986	"Organic compounds; Organosulfur compounds; Organonitrogen compounds; Organooxygen compounds; Organic oxides; Hydrocarbon derivatives; Organopnictogen compounds; Organic oxygen compounds; Organic nitrogen compounds; Chemical entities"	236.062	249	4.145	839408742375400320	839408492071912704	839408492071912704	392	NA	392
2	"C35H51N7O7"	"[M - H2O + H]+"	"C35H50N7O6+"	"Amino acids and Peptides"	0.991	"Oligopeptides"	0.994	"Linear peptides"	0.668	"Organic acids and derivatives"	0.999	"Carboxylic acids and derivatives"	0.998	"Amino acids, peptides, and analogues"	0.994	"Peptides"	0.887	"Peptides"	0.887	"Organic compounds; Lipids and lipid-like molecules; Amino acids, peptides, and analogues; Alpha amino acids and derivatives; Alcohols and polyols; Phenethylamines; Amphetamines and derivatives; Organic acids and derivatives; Carboxylic acids and derivatives; Organonitrogen compounds; Organooxygen compounds; Fatty amides; Amino acids and derivatives; Peptides; Carboxylic acid amides; Carboxylic acid derivatives; N-acyl amines; Monocarboxylic acids and derivatives; N-acyl-alpha amino acids and derivatives; Carboxylic acids; Primary carboxylic acid amides; Secondary carboxylic acid amides; Tertiary carboxylic acid amides; Carbonyl compounds; Benzene and substituted derivatives; Alpha amino acid amides; Benzenoids; Fatty Acyls; Organic oxides; Hydrocarbon derivatives; Valine and derivatives; Organopnictogen compounds; Organic oxygen compounds; Organic nitrogen compounds; Chemical entities"	664.38	249	4.145	839408757500061312	839408491639899264	839408491639899264	381	NA	381
1	"C40H77N5O12"	"[M + H]+"	"C40H78N5O12+"	"Amino acids and Peptides"	0.719	"Oligopeptides"	0.998	"Lipopeptides"	0.884	"Organic acids and derivatives"	1	"Peptidomimetics"	0.975	"Depsipeptides"	0.919	"Cyclic depsipeptides"	0.937	"Cyclic depsipeptides"	0.937	"Organic compounds; Organoheterocyclic compounds; Amino acids, peptides, and analogues; Lactones; Alpha amino acids and derivatives; Macrolactams; Alcohols and polyols; Macrolides and analogues; Lactams; Phenylpropanoids and polyketides; Organic acids and derivatives; Carboxylic acids and derivatives; Organonitrogen compounds; Organooxygen compounds; Amino acids and derivatives; Alpha amino acid esters; Carboxylic acid amides; Carboxylic acid derivatives; Carboxylic acid esters; Secondary alcohols; Secondary carboxylic acid amides; Peptidomimetics; Carbonyl compounds; Macrolide lactams; Depsipeptides; Cyclic depsipeptides; Organic oxides; Azacyclic compounds; Oxacyclic compounds; Hydrocarbon derivatives; Organopnictogen compounds; Organic oxygen compounds; Organic nitrogen compounds; Chemical entities"	820.56	249	4.145	839408693780191744	839408492105467136	839408492105467136	393	NA	393
3	"C54H82N10O15"	"[M - H2O + H]+"	"C54H81N10O14+"	"Amino acids and Peptides"	0.927	"Oligopeptides"	1	"Lipopeptides"	0.994	"Organic acids and derivatives"	1	"Peptidomimetics"	0.976	"Depsipeptides"	0.975	"Cyclic depsipeptides"	0.979	"Cyclic depsipeptides"	0.979	"Organic compounds; Organoheterocyclic compounds; Lipids and lipid-like molecules; Amino acids, peptides, and analogues; Lactones; Alpha amino acids and derivatives; Macrolactams; Alcohols and polyols; Lactams; Phenylpropanoids and polyketides; Organic acids and derivatives; Carboxylic acids and derivatives; Organonitrogen compounds; Primary alcohols; Organooxygen compounds; Fatty amides; Amino acids and derivatives; Alpha amino acid esters; Carboxylic acid amides; Carboxylic acid derivatives; N-acyl amines; Carboxylic acids; Carboxylic acid esters; Secondary alcohols; Secondary carboxylic acid amides; Peptidomimetics; Carbonyl compounds; Macrolide lactams; Depsipeptides; Cyclic depsipeptides; Fatty Acyls; Organic oxides; Azacyclic compounds; Oxacyclic compounds; Hydrocarbon derivatives; Organopnictogen compounds; Organic oxygen compounds; Organic nitrogen compounds; Chemical entities"	1093.594	249	4.146	839408686700206208	839408491677648000	839408491677648000	382	NA	382
3	"C51H92N10O12"	"[M + H3N + H]+"	"C51H96N11O12+"	"Amino acids and Peptides"	0.848	"Oligopeptides"	0.999	"Lipopeptides"	0.823	"Organic acids and derivatives"	1	"Peptidomimetics"	0.916	"Depsipeptides"	0.865	"Cyclic depsipeptides"	0.843	"Cyclic depsipeptides"	0.843	"Organic compounds; Organoheterocyclic compounds; Lipids and lipid-like molecules; Amino acids, peptides, and analogues; Lactones; Alpha amino acids and derivatives; Macrolactams; Alcohols and polyols; Lactams; Phenylpropanoids and polyketides; Organic acids and derivatives; Carboxylic acids and derivatives; Organonitrogen compounds; Organooxygen compounds; Fatty amides; Amino acids and derivatives; Alpha amino acid esters; Carboxylic acid amides; Carboxylic acid derivatives; N-acyl amines; N-acyl-alpha amino acids and derivatives; Carboxylic acids; Carboxylic acid esters; Secondary alcohols; Secondary carboxylic acid amides; Tertiary carboxylic acid amides; Peptidomimetics; Carbonyl compounds; Macrolide lactams; Depsipeptides; Cyclic depsipeptides; Alpha amino acid amides; Fatty Acyls; Organic oxides; Azacyclic compounds; Hydrocarbon derivatives; Organopnictogen compounds; Organic oxygen compounds; Organic nitrogen compounds; Chemical entities"	1054.718	249	4.147	839408973028569600	839408492394874112	839408492394874112	401	NA	401
6	"C28H40N6O4"	"[M + Na]+"	"C28H40N6NaO4+"	"Amino acids and Peptides"	0.967	"Oligopeptides"	0.807	"Linear peptides"	0.181	"Organic acids and derivatives"	0.997	"Carboxylic acids and derivatives"	0.995	"Amino acids, peptides, and analogues"	0.987	"Peptides"	0.741	"Peptides"	0.741	"Organic compounds; Lipids and lipid-like molecules; Amino acids, peptides, and analogues; Alpha amino acids and derivatives; Phenethylamines; Amphetamines and derivatives; Organic acids and derivatives; Carboxylic acids and derivatives; Organonitrogen compounds; Organooxygen compounds; Fatty amides; Amino acids and derivatives; Peptides; Carboxylic acid amides; Carboxylic acid derivatives; N-acyl amines; Monocarboxylic acids and derivatives; N-acyl-alpha amino acids and derivatives; Secondary carboxylic acid amides; Carbonyl compounds; Benzene and substituted derivatives; Alpha amino acid amides; Benzenoids; Fatty Acyls; Organic oxides; Hydrocarbon derivatives; Valine and derivatives; Organopnictogen compounds; Organic oxygen compounds; Organic nitrogen compounds; Chemical entities"	547.301	249	4.149	839408690412165376	839408491723785344	839408491723785344	383	NA	383
1	"C56H102N10O11"	"[M + Na]+"	"C56H102N10NaO11+"	"Amino acids and Peptides"	0.956	"Oligopeptides"	0.999	"Linear peptides"	0.691	"Organic acids and derivatives"	0.999	"Carboxylic acids and derivatives"	0.997	"Amino acids, peptides, and analogues"	0.996	"Peptides"	0.618	"Peptides"	0.618	"Organic compounds; Organoheterocyclic compounds; Lipids and lipid-like molecules; Amino acids, peptides, and analogues; Alpha amino acids and derivatives; Alcohols and polyols; Pyrrolidines; Organic acids and derivatives; Carboxylic acids and derivatives; Organonitrogen compounds; Organooxygen compounds; Fatty amides; Amino acids and derivatives; Peptides; Carboxylic acid amides; Carboxylic acid derivatives; N-acyl amines; Monocarboxylic acids and derivatives; N-acyl-alpha amino acids and derivatives; Primary carboxylic acid amides; Secondary carboxylic acid amides; Tertiary carboxylic acid amides; Carbonyl compounds; Pyrrolidine carboxylic acids and derivatives; Pyrrolidinecarboxamides; Alpha amino acid amides; N-acylpyrrolidines; Fatty Acyls; Organic oxides; Azacyclic compounds; Hydrocarbon derivatives; Valine and derivatives; Proline and derivatives; Organopnictogen compounds; Organic oxygen compounds; Organic nitrogen compounds; Chemical entities"	1113.759	249	4.149	839408698658167552	839408492357125376	839408492357125376	400	NA	400
1	"C12H26N2O8S2"	"[M + H]+"	"C12H27N2O8S2+"	"Amino acids and Peptides"	0.601	"Small peptides"	0.2	"Aminoacids"	0.201	"Organic acids and derivatives"	0.985	"Organic sulfonic acids and derivatives"	0.762	"Organosulfonic acids and derivatives"	0.759	"Alkanesulfonic acids and derivatives"	0.806	"Alkanesulfonic acids"	0.797	"Organic compounds; Organosulfur compounds; Alcohols and polyols; Organic acids and derivatives; Organosulfonic acids and derivatives; Organonitrogen compounds; Organooxygen compounds; Sulfonyls; Organosulfonic acids; 1,2-aminoalcohols; Amines; Alkanolamines; Alkanesulfonic acids and derivatives; Alkanesulfonic acids; Organic oxides; Hydrocarbon derivatives; Organic sulfonic acids and derivatives; Organopnictogen compounds; Organic oxygen compounds; Organic nitrogen compounds; Chemical entities"	391.12	249	4.15	839408691670456704	839408491765728512	839408491761534208	384	NA	384
1	"C6H15NO5S"	"[M + Na]+"	"C6H15NNaO5S+"	"Amino acids and Peptides"	0.46	"Small peptides"	0.226	"Aminoacids"	0.402	"Organic acids and derivatives"	0.982	"Organic sulfonic acids and derivatives"	0.873	"Organosulfonic acids and derivatives"	0.872	"Alkanesulfonic acids and derivatives"	0.911	"Alkanesulfonic acids"	0.871	"Organic compounds; Organosulfur compounds; Alcohols and polyols; Organic acids and derivatives; Organosulfonic acids and derivatives; Organonitrogen compounds; Organooxygen compounds; Sulfonyls; Organosulfonic acids; 1,2-aminoalcohols; Amines; Alkanolamines; Alkanesulfonic acids and derivatives; Alkanesulfonic acids; Organic oxides; Hydrocarbon derivatives; Organic sulfonic acids and derivatives; Organopnictogen compounds; Organic oxygen compounds; Organic nitrogen compounds; Chemical entities"	236.056	249	4.15	839408756677977728	839408491455349888	839408491455349888	376	NA	376
1	"C6H15NO5S"	"[M - H2O + H]+"	"C6H14NO4S+"	"Fatty acids"	0.097	"Spingolipids"	0.021	"Sphingoid bases"	0.262	"Organic acids and derivatives"	0.996	"Organic sulfonic acids and derivatives"	0.997	"Organosulfonic acids and derivatives"	0.997	"Alkanesulfonic acids and derivatives"	0.992	"Alkanesulfonic acids"	0.994	"Organic compounds; Organosulfur compounds; Alcohols and polyols; Organic acids and derivatives; Organosulfonic acids and derivatives; Organonitrogen compounds; Primary alcohols; Organooxygen compounds; Sulfonyls; Organosulfonic acids; 1,2-aminoalcohols; Trialkylamines; Amines; Tertiary amines; Alkanolamines; Alkanesulfonic acids and derivatives; Alkanesulfonic acids; Organic oxides; Hydrocarbon derivatives; Organic sulfonic acids and derivatives; Organic oxygen compounds; Organic nitrogen compounds; Chemical entities"	196.064	249	4.151	839408755537127040	839408491803477248	839408491803477248	385	NA	385
2	"C70H127N13O16"	"[M + H]+"	"C70H128N13O16+"	"Amino acids and Peptides"	0.919	"Oligopeptides"	1	"Lipopeptides"	0.9	"Organic acids and derivatives"	1	"Peptidomimetics"	0.879	"Depsipeptides"	0.838	"Cyclic depsipeptides"	0.851	"Cyclic depsipeptides"	0.851	"Organic compounds; Organoheterocyclic compounds; Lipids and lipid-like molecules; Amino acids, peptides, and analogues; Lactones; Alpha amino acids and derivatives; Macrolactams; Alcohols and polyols; Lactams; Pyrrolidines; Phenylpropanoids and polyketides; Organic acids and derivatives; Carboxylic acids and derivatives; Organonitrogen compounds; Primary alcohols; Organooxygen compounds; Fatty amides; Amino acids and derivatives; Alpha amino acid esters; Carboxylic acid amides; Carboxylic acid derivatives; N-acyl amines; N-acyl-alpha amino acids and derivatives; Carboxylic acids; Carboxylic acid esters; Secondary alcohols; Secondary carboxylic acid amides; Tertiary carboxylic acid amides; Peptidomimetics; Carbonyl compounds; Macrolide lactams; Depsipeptides; Cyclic depsipeptides; Alpha amino acid amides; Fatty Acyls; Organic oxides; Azacyclic compounds; Hydrocarbon derivatives; Organopnictogen compounds; Organic oxygen compounds; Organic nitrogen compounds; Chemical entities"	1406.958	250	4.161	839408708577696896	839408492432622848	839408492432622848	402	NA	402
1	"C7H16N3O3PS"	"[M - H2O + H]+"	"C7H15N3O2PS+"	"Amino acids and Peptides"	0.336	"Small peptides"	0.321	"Aminoacids"	0.161	"Organic nitrogen compounds"	0.975	"Organonitrogen compounds"	0.859	NA	NA	NA	NA	"Organonitrogen compounds"	0.859	"Organic compounds; Organosulfur compounds; Organonitrogen compounds; Organooxygen compounds; Organic oxides; Hydrocarbon derivatives; Organopnictogen compounds; Organic oxygen compounds; Organic nitrogen compounds; Chemical entities"	236.06	252	4.197	839408719902318336	839408492248073472	839408492248073472	397	NA	397
3	"C9H8F2O2S"	"[M + H3N + H]+"	"C9H12F2NO2S+"	"Fatty acids"	0.103	"Monoterpenoids"	0.022	"Halogenated fatty acids"	0.022	"Benzenoids"	0.986	"Benzene and substituted derivatives"	0.951	"Benzenesulfonyl compounds"	0.704	NA	NA	"Benzenesulfonyl compounds"	0.704	"Organic compounds; Organosulfur compounds; Organohalogen compounds; Sulfones; Sulfonyls; Organofluorides; Benzene and substituted derivatives; Benzenoids; Organic oxides; Hydrocarbon derivatives; Benzenesulfonyl compounds; Organic oxygen compounds; Chemical entities"	236.055	253	4.214	839408710259612928	839408492034163968	839408492034163968	391	NA	391
3	"C9H8F2O2S"	"[M + H3N + H]+"	"C9H12F2NO2S+"	"Fatty acids"	0.425	"Fatty acyls"	0.091	"Halogenated fatty acids"	0.054	"Benzenoids"	0.861	"Benzene and substituted derivatives"	0.769	NA	NA	NA	NA	"Benzene and substituted derivatives"	0.769	"Organic compounds; Organosulfur compounds; Organohalogen compounds; Alkyl fluorides; Organofluorides; Benzene and substituted derivatives; Benzenoids; Alkyl halides; Organic oxides; Hydrocarbon derivatives; Organic oxygen compounds; Chemical entities"	236.055	254	4.238	839408690970007936	839408492743001344	839408492738807040	411	NA	411
1	"C6H15NO5S"	"[M + Na]+"	"C6H15NNaO5S+"	"Amino acids and Peptides"	0.439	"Small peptides"	0.21	"Aminoacids"	0.388	"Organic acids and derivatives"	0.983	"Organic sulfonic acids and derivatives"	0.905	"Organosulfonic acids and derivatives"	0.905	"Alkanesulfonic acids and derivatives"	0.941	"Alkanesulfonic acids"	0.912	"Organic compounds; Organosulfur compounds; Alcohols and polyols; Organic acids and derivatives; Organosulfonic acids and derivatives; Organonitrogen compounds; Organooxygen compounds; Sulfonyls; Organosulfonic acids; 1,2-aminoalcohols; Amines; Alkanolamines; Alkanesulfonic acids and derivatives; Alkanesulfonic acids; Organic oxides; Hydrocarbon derivatives; Organic sulfonic acids and derivatives; Organopnictogen compounds; Organic oxygen compounds; Organic nitrogen compounds; Chemical entities"	236.057	254	4.241	839408693373344128	839408492839470336	839408492839470336	414	NA	414
1	"C8H13NO5S"	"[M + H]+"	"C8H14NO5S+"	"Amino acids and Peptides"	0.802	"Small peptides"	0.306	"Aminoacids"	0.291	"Organosulfur compounds"	0.899	"Sulfonyls"	0.5	NA	NA	NA	NA	"Sulfonyls"	0.5	"Organic compounds; Organosulfur compounds; Organic acids and derivatives; Carboxylic acids and derivatives; Organonitrogen compounds; Organooxygen compounds; Carboxylic acid derivatives; Monocarboxylic acids and derivatives; Sulfonyls; Carboxylic acids; Carbonyl compounds; Organic oxides; Hydrocarbon derivatives; Organopnictogen compounds; Organic oxygen compounds; Organic nitrogen compounds; Chemical entities"	236.058	256	4.264	839408697081109120	839408492772361472	839408492772361472	412	NA	412
1	"C6H15NO5S"	"[M + Na]+"	"C6H15NNaO5S+"	"Amino acids and Peptides"	0.444	"Small peptides"	0.212	"Aminoacids"	0.394	"Organic acids and derivatives"	0.982	"Organic sulfonic acids and derivatives"	0.905	"Organosulfonic acids and derivatives"	0.905	"Alkanesulfonic acids and derivatives"	0.943	"Alkanesulfonic acids"	0.917	"Organic compounds; Organosulfur compounds; Alcohols and polyols; Organic acids and derivatives; Organosulfonic acids and derivatives; Organonitrogen compounds; Organooxygen compounds; Sulfonyls; Organosulfonic acids; 1,2-aminoalcohols; Amines; Alkanolamines; Alkanesulfonic acids and derivatives; Alkanesulfonic acids; Organic oxides; Hydrocarbon derivatives; Organic sulfonic acids and derivatives; Organopnictogen compounds; Organic oxygen compounds; Organic nitrogen compounds; Chemical entities"	236.055	256	4.273	839408713111739648	839408492935939456	839408492935939456	417	NA	417
1	"C7H16N3O3PS"	"[M - H2O + H]+"	"C7H15N3O2PS+"	"Amino acids and Peptides"	0.491	"Small peptides"	0.332	"Aminoacids"	0.242	"Organic nitrogen compounds"	0.998	"Organonitrogen compounds"	0.985	NA	NA	NA	NA	"Organonitrogen compounds"	0.985	"Organic compounds; Organosulfur compounds; Organonitrogen compounds; Organooxygen compounds; Organic oxides; Hydrocarbon derivatives; Organopnictogen compounds; Organic oxygen compounds; Organic nitrogen compounds; Chemical entities"	236.062	259	4.324	8.39408685379e+17	839408492969493888	839408492965299584	418	NA	418
4	"C42H71N15O13S"	"[M + H]+"	"C42H72N15O13S+"	"Amino acids and Peptides"	0.239	"Oligopeptides"	0.452	"Lipopeptides"	0.161	"Organic oxygen compounds"	0.999	"Organooxygen compounds"	0.988	"Carbohydrates and carbohydrate conjugates"	0.941	"Glycosyl compounds"	0.846	"Glycosylamines"	0.529	"Organic compounds; Organoheterocyclic compounds; Organosulfur compounds; Carbohydrates and carbohydrate conjugates; Lipids and lipid-like molecules; Alcohols and polyols; Ethers; Organic acids and derivatives; Organonitrogen compounds; Organooxygen compounds; Monoalkylamines; Monosaccharides; Acetals; Secondary alcohols; Oxanes; Glycosyl compounds; Glycosylamines; O-glycosyl compounds; Polyols; Amines; Primary amines; Fatty Acyls; Organic oxides; Azacyclic compounds; Oxacyclic compounds; Heteroaromatic compounds; Hydrocarbon derivatives; Organopnictogen compounds; Organic oxygen compounds; Organic nitrogen compounds; Chemical entities"	1026.512	264	4.398	839409478513508096	839408493003048320	839408493003048320	419	NA	419
1	"C7H16N3O3PS"	"[M - H2O + H]+"	"C7H15N3O2PS+"	"Amino acids and Peptides"	0.495	"Small peptides"	0.388	"Aminoacids"	0.265	"Organic nitrogen compounds"	0.997	"Organonitrogen compounds"	0.98	NA	NA	NA	NA	"Organonitrogen compounds"	0.98	"Organic compounds; Organosulfur compounds; Organonitrogen compounds; Organooxygen compounds; Organic oxides; Hydrocarbon derivatives; Organopnictogen compounds; Organic oxygen compounds; Organic nitrogen compounds; Chemical entities"	236.062	264	4.404	839409447358217856	839408493133071744	839408493133071744	423	NA	423
1	"C6H15NO5S"	"[M + Na]+"	"C6H15NNaO5S+"	"Amino acids and Peptides"	0.939	"Small peptides"	0.873	"Aminoacids"	0.932	"Organic acids and derivatives"	0.991	"Organic sulfonic acids and derivatives"	0.773	"Organosulfonic acids and derivatives"	0.774	"Alkanesulfonic acids and derivatives"	0.885	"Alkanesulfonic acids"	0.801	"Organic compounds; Organosulfur compounds; Organic acids and derivatives; Organosulfonic acids and derivatives; Organonitrogen compounds; Organooxygen compounds; Sulfonyls; Organosulfonic acids; Amines; Alkanesulfonic acids and derivatives; Alkanesulfonic acids; Organic oxides; Hydrocarbon derivatives; Organic sulfonic acids and derivatives; Organopnictogen compounds; Organic oxygen compounds; Organic nitrogen compounds; Chemical entities"	236.057	268	4.469	839409449086271104	839408493166626176	839408493166626176	424	NA	424
1	"C6H15NO5S"	"[M + Na]+"	"C6H15NNaO5S+"	"Amino acids and Peptides"	0.831	"Small peptides"	0.589	"Aminoacids"	0.801	"Organic acids and derivatives"	0.989	"Organic sulfonic acids and derivatives"	0.882	"Organosulfonic acids and derivatives"	0.883	"Alkanesulfonic acids and derivatives"	0.952	"Alkanesulfonic acids"	0.928	"Organic compounds; Organosulfur compounds; Alcohols and polyols; Organic acids and derivatives; Organosulfonic acids and derivatives; Organonitrogen compounds; Organooxygen compounds; Sulfonyls; Organosulfonic acids; 1,2-aminoalcohols; Amines; Alkanolamines; Alkanesulfonic acids and derivatives; Alkanesulfonic acids; Organic oxides; Hydrocarbon derivatives; Organic sulfonic acids and derivatives; Organopnictogen compounds; Organic oxygen compounds; Organic nitrogen compounds; Chemical entities"	236.056	268	4.472	839409451611242112	839408493208569216	839408493208569216	425	NA	425
4	"C22H44N4O9"	"[M - H2O + H]+"	"C22H43N4O8+"	"Carbohydrates"	0.886	"Aminosugars and aminoglycosides"	0.742	"Aminoglycosides"	0.662	"Organic oxygen compounds"	1	"Organooxygen compounds"	0.999	"Carbohydrates and carbohydrate conjugates"	0.762	"Aminosaccharides"	0.703	"Aminoglycosides"	0.519	"Organic compounds; Organoheterocyclic compounds; Carbohydrates and carbohydrate conjugates; Lipids and lipid-like molecules; Alcohols and polyols; Ethers; Organic acids and derivatives; Carboxylic acids and derivatives; Organonitrogen compounds; Aminoglycosides; Organooxygen compounds; Carboxylic acid derivatives; N-acyl amines; Monosaccharides; Acetals; Secondary alcohols; Carbonyl compounds; Oxanes; Amines; Aminocyclitols and derivatives; Aminosaccharides; Fatty Acyls; Organic oxides; Oxacyclic compounds; Hydrocarbon derivatives; Organopnictogen compounds; Organic oxygen compounds; Organic nitrogen compounds; Chemical entities"	491.305	268	4.474	839408762101212928	839408493099517312	839408493099517312	422	NA	422
1	"C10H22N2O4"	"[M + K]+"	"C10H22KN2O4+"	"Amino acids and Peptides"	0.952	"Small peptides"	0.971	"Aminoacids"	0.931	"Organic acids and derivatives"	0.999	"Carboxylic acids and derivatives"	0.998	"Amino acids, peptides, and analogues"	0.988	"Amino acids and derivatives"	0.987	"Alpha amino acid esters"	0.661	"Organic compounds; Lipids and lipid-like molecules; Amino acids, peptides, and analogues; Alpha amino acids and derivatives; Organic acids and derivatives; Carboxylic acids and derivatives; Organonitrogen compounds; Organooxygen compounds; Fatty acid esters; Amino acids and derivatives; Alpha amino acid esters; Monoalkylamines; Carboxylic acid derivatives; Monocarboxylic acids and derivatives; Carboxylic acid esters; Carbonyl compounds; Amines; Primary amines; Fatty Acyls; Organic oxides; Hydrocarbon derivatives; Valine and derivatives; Organopnictogen compounds; Organic oxygen compounds; Organic nitrogen compounds; Chemical entities"	273.121	269	4.489	839408686603737216	839408493065962880	839408493065962880	421	NA	421
9	"C29H54N6O6"	"[M + Na]+"	"C29H54N6NaO6+"	"Amino acids and Peptides"	0.99	"Oligopeptides"	0.961	"Linear peptides"	0.41	"Organic acids and derivatives"	0.999	"Carboxylic acids and derivatives"	0.997	"Amino acids, peptides, and analogues"	0.992	"Peptides"	0.821	"Peptides"	0.821	"Organic compounds; Organoheterocyclic compounds; Lipids and lipid-like molecules; Amino acids, peptides, and analogues; Alpha amino acids and derivatives; Pyrrolidines; Organic acids and derivatives; Carboxylic acids and derivatives; Organonitrogen compounds; Organooxygen compounds; Fatty amides; Amino acids and derivatives; Peptides; Carboxylic acid amides; Carboxylic acid derivatives; N-acyl amines; Monocarboxylic acids and derivatives; N-acyl-alpha amino acids and derivatives; Secondary carboxylic acid amides; Tertiary carboxylic acid amides; Carbonyl compounds; Pyrrolidine carboxylic acids and derivatives; Pyrrolidinecarboxamides; Alpha amino acid amides; N-acylpyrrolidines; Fatty Acyls; Organic oxides; Azacyclic compounds; Hydrocarbon derivatives; Valine and derivatives; Organopnictogen compounds; Organic oxygen compounds; Organic nitrogen compounds; Chemical entities"	605.403	275	4.58	839408692853250432	839408493376341376	839408493372147072	430	NA	430
4	"C13H24N8O4"	"[M + H3N + H]+"	"C13H28N9O4+"	"Carbohydrates"	0.947	"Nucleosides"	0.953	"Purine nucleosides"	0.856	"Organic acids and derivatives"	0.732	"Carboxylic acids and derivatives"	0.57	"Amino acids, peptides, and analogues"	0.667	"Amino acids and derivatives"	0.661	"Amino acids and derivatives"	0.661	"Organic compounds; Organoheterocyclic compounds; Amino acids, peptides, and analogues; Pyrimidines and pyrimidine derivatives; Imidazoles; Alcohols and polyols; Purines and purine derivatives; Organic acids and derivatives; Carboxylic acids and derivatives; Organonitrogen compounds; Nucleosides, nucleotides, and analogues; Organooxygen compounds; Amino acids and derivatives; Azoles; Monoalkylamines; Aminopyrimidines and derivatives; Diazines; Imidazopyrimidines; Carbonyl compounds; Glycosylamines; Substituted imidazoles; N-substituted imidazoles; Amines; Primary amines; 6-aminopurines; Imidolactams; Organic oxides; Azacyclic compounds; Oxacyclic compounds; Heteroaromatic compounds; Hydrocarbon derivatives; Organopnictogen compounds; Organic oxygen compounds; Organic nitrogen compounds; Chemical entities"	374.226	275	4.587	839408714240007552	839408493242123648	839408493237929344	426	NA	426
3	"C13H24N8O4"	"[M + H3N + H]+"	"C13H28N9O4+"	"Carbohydrates"	0.692	"Nucleosides"	0.828	"Purine nucleosides"	0.601	"Organic acids and derivatives"	0.795	"Carboxylic acids and derivatives"	0.619	"Amino acids, peptides, and analogues"	0.663	"Amino acids and derivatives"	0.66	"Amino acids and derivatives"	0.66	"Organic compounds; Organoheterocyclic compounds; Amino acids, peptides, and analogues; Imidazoles; Purines and purine derivatives; Organic acids and derivatives; Carboxylic acids and derivatives; Organonitrogen compounds; Organooxygen compounds; Amino acids and derivatives; Azoles; Imidazopyrimidines; Carbonyl compounds; Substituted imidazoles; N-substituted imidazoles; Amines; Primary amines; Organic oxides; Azacyclic compounds; Heteroaromatic compounds; Hydrocarbon derivatives; Organopnictogen compounds; Organic oxygen compounds; Organic nitrogen compounds; Chemical entities"	374.226	275	4.59	839408698448452352	839408493405701504	839408493405701504	431	NA	431
4	"C22H44N4O9"	"[M - H2O + H]+"	"C22H43N4O8+"	"Carbohydrates"	0.853	"Aminosugars and aminoglycosides"	0.706	"Aminoglycosides"	0.604	"Lipids and lipid-like molecules"	0.657	"Fatty Acyls"	0.661	"Fatty amides"	0.471	"N-acyl amines"	0.582	"N-acyl amines"	0.582	"Organic compounds; Organoheterocyclic compounds; Carbohydrates and carbohydrate conjugates; Lipids and lipid-like molecules; Alcohols and polyols; Ethers; Organic acids and derivatives; Carboxylic acids and derivatives; Organonitrogen compounds; Organooxygen compounds; Carboxylic acid derivatives; N-acyl amines; Monosaccharides; Acetals; Secondary alcohols; Carbonyl compounds; Oxanes; Amines; Aminocyclitols and derivatives; Aminosaccharides; Fatty Acyls; Organic oxides; Oxacyclic compounds; Hydrocarbon derivatives; Organopnictogen compounds; Organic oxygen compounds; Organic nitrogen compounds; Chemical entities"	491.305	276	4.605	839408694040238592	839408493275678080	839408493275678080	427	NA	427
1	"C10H22N2O4"	"[M + K]+"	"C10H22KN2O4+"	"Amino acids and Peptides"	0.979	"Small peptides"	0.99	"Dipeptides"	0.587	"Organic acids and derivatives"	0.999	"Carboxylic acids and derivatives"	0.994	"Amino acids, peptides, and analogues"	0.968	"Amino acids and derivatives"	0.967	"Alpha amino acids and derivatives"	0.863	"Organic compounds; Lipids and lipid-like molecules; Amino acids, peptides, and analogues; Alpha amino acids and derivatives; Fatty acids and conjugates; Organic acids and derivatives; Carboxylic acids and derivatives; Organonitrogen compounds; Organooxygen compounds; Amino acids and derivatives; Monoalkylamines; Carboxylic acid amides; Carboxylic acid derivatives; Monocarboxylic acids and derivatives; Carboxylic acids; Secondary carboxylic acid amides; Carbonyl compounds; Amines; Primary amines; Fatty Acyls; Organic oxides; Hydrocarbon derivatives; Amino acids; Organopnictogen compounds; Organic oxygen compounds; Organic nitrogen compounds; Chemical entities"	273.121	277	4.623	839408696418409088	839408493342786944	839408493342786944	429	NA	429
1	"C10H22N2O4"	"[M + K]+"	"C10H22KN2O4+"	"Amino acids and Peptides"	0.979	"Small peptides"	0.991	"Dipeptides"	0.609	"Organic acids and derivatives"	0.999	"Carboxylic acids and derivatives"	0.994	"Amino acids, peptides, and analogues"	0.969	"Amino acids and derivatives"	0.967	"Alpha amino acids and derivatives"	0.868	"Organic compounds; Lipids and lipid-like molecules; Amino acids, peptides, and analogues; Alpha amino acids and derivatives; Fatty acids and conjugates; Organic acids and derivatives; Carboxylic acids and derivatives; Organonitrogen compounds; Organooxygen compounds; Amino acids and derivatives; Monoalkylamines; Carboxylic acid amides; Carboxylic acid derivatives; Monocarboxylic acids and derivatives; Carboxylic acids; Secondary carboxylic acid amides; Carbonyl compounds; Amines; Primary amines; Fatty Acyls; Organic oxides; Hydrocarbon derivatives; Amino acids; Organopnictogen compounds; Organic oxygen compounds; Organic nitrogen compounds; Chemical entities"	273.121	278	4.639	839408715926117888	839408493447644544	839408493447644544	432	NA	432
1	"C20H44N4O8"	"[M + Na]+"	"C20H44N4NaO8+"	"Carbohydrates"	0.379	"Aminosugars and aminoglycosides"	0.311	"N-acyl amines"	0.304	"Organic acids and derivatives"	0.883	"Carboxylic acids and derivatives"	0.787	"Amino acids, peptides, and analogues"	0.737	"Amino acids and derivatives"	0.728	"Valine and derivatives"	0.592	"Organic compounds; Carbohydrates and carbohydrate conjugates; Lipids and lipid-like molecules; Amino acids, peptides, and analogues; Alcohols and polyols; Organic acids and derivatives; Carboxylic acids and derivatives; Organonitrogen compounds; Organooxygen compounds; Amino acids and derivatives; Monoalkylamines; Carboxylic acid derivatives; Monosaccharides; Secondary alcohols; Carbonyl compounds; Amines; Primary amines; Fatty Acyls; Organic oxides; Hydrocarbon derivatives; Valine and derivatives; Organopnictogen compounds; Organic oxygen compounds; Organic nitrogen compounds; Chemical entities"	491.305	280	4.673	839408693658556928	839408493489587584	839408493489587584	433	NA	433
1	"C20H44N4O8"	"[M + Na]+"	"C20H44N4NaO8+"	"Amino acids and Peptides"	0.589	"Small peptides"	0.517	"Tripeptides"	0.23	"Organic acids and derivatives"	0.994	"Carboxylic acids and derivatives"	0.987	"Amino acids, peptides, and analogues"	0.953	"Amino acids and derivatives"	0.948	"N-acyl-alpha amino acids and derivatives"	0.771	"Organic compounds; Lipids and lipid-like molecules; Amino acids, peptides, and analogues; Alpha amino acids and derivatives; Alcohols and polyols; Organic acids and derivatives; Carboxylic acids and derivatives; Organonitrogen compounds; Organooxygen compounds; Fatty amides; Branched fatty acids; Amino acids and derivatives; Monoalkylamines; Carboxylic acid amides; Carboxylic acid derivatives; N-acyl amines; Monocarboxylic acids and derivatives; N-acyl-alpha amino acids and derivatives; Secondary carboxylic acid amides; Carbonyl compounds; Alpha amino acid amides; Primary amines; Fatty Acyls; Organic oxides; Hydrocarbon derivatives; Valine and derivatives; Organopnictogen compounds; Organic oxygen compounds; Organic nitrogen compounds; Chemical entities"	491.305	286	4.759	839408704538582016	839408493594445184	839408493594445184	436	NA	436
1	"C10H22N2O4"	"[M + Na]+"	"C10H22N2NaO4+"	"Amino acids and Peptides"	0.949	"Small peptides"	0.977	"Aminoacids"	0.554	"Organic acids and derivatives"	1	"Carboxylic acids and derivatives"	0.999	"Amino acids, peptides, and analogues"	0.998	"Amino acids and derivatives"	0.998	"Carbamate esters"	0.906	"Organic compounds; Lipids and lipid-like molecules; Amino acids, peptides, and analogues; Alpha amino acids and derivatives; Fatty acids and conjugates; Organic acids and derivatives; Carboxylic acids and derivatives; Organonitrogen compounds; Carbamic acids and derivatives; Organooxygen compounds; Fatty acid esters; Branched fatty acids; Amino acids and derivatives; Organic carbonic acids and derivatives; Carboxylic acid derivatives; Monocarboxylic acids and derivatives; Carbamate esters; Carboxylic acids; Carbonyl compounds; Methyl-branched fatty acids; Fatty Acyls; Organic oxides; Hydrocarbon derivatives; Valine and derivatives; Organopnictogen compounds; Organic oxygen compounds; Organic nitrogen compounds; Chemical entities"	257.147	289	4.817	839408714269367808	839408493523142016	839408493523142016	434	NA	434
1	"C5H11NO2"	"[M + Na]+"	"C5H11NNaO2+"	"Amino acids and Peptides"	0.349	"Fatty esters"	0.609	"Aminoacids"	0.403	"Organic acids and derivatives"	0.977	"Carboxylic acids and derivatives"	0.973	"Amino acids, peptides, and analogues"	0.661	"Amino acids and derivatives"	0.657	"Alpha amino acids and derivatives"	0.674	"Organic compounds; Amino acids, peptides, and analogues; Alpha amino acids and derivatives; Organic acids and derivatives; Carboxylic acids and derivatives; Organonitrogen compounds; Organooxygen compounds; Amino acids and derivatives; Acyl cholines; Quaternary ammonium salts; Carboxylic acid derivatives; Monocarboxylic acids and derivatives; Carboxylic acid esters; Carbonyl compounds; Amines; Organic cations; Organic salts; Organic oxides; Hydrocarbon derivatives; Tetraalkylammonium salts; Organopnictogen compounds; Organic oxygen compounds; Organic nitrogen compounds; Chemical entities"	140.068	290	4.829	839408697743809280	839408493560890752	839408493560890752	435	NA	435
1	"C7H14ClNO2"	"[M + Na]+"	"C7H14ClNNaO2+"	"Alkaloids"	0.357	"Ornithine alkaloids"	0.138	"Halogenated fatty acids"	0.492	"Organohalogen compounds"	0.959	"Alkyl halides"	0.812	"Alkyl chlorides"	0.778	NA	NA	"Alkyl chlorides"	0.778	"Organic compounds; Organohalogen compounds; Organonitrogen compounds; Organooxygen compounds; Alkyl chlorides; Organochlorides; Alkyl halides; Hydrocarbon derivatives; Organopnictogen compounds; Organic oxygen compounds; Organic nitrogen compounds; Chemical entities"	202.06	290	4.835	839408695529216640	839408493707691392	839408493703497088	439	NA	439
1	"C6H15NO5S"	"[M - H2O + H]+"	"C6H14NO4S+"	"Fatty acids"	0.103	"Spingolipids"	0.023	"Sphingoid bases"	0.278	"Organic acids and derivatives"	0.996	"Organic sulfonic acids and derivatives"	0.997	"Organosulfonic acids and derivatives"	0.997	"Alkanesulfonic acids and derivatives"	0.992	"Alkanesulfonic acids"	0.994	"Organic compounds; Organosulfur compounds; Alcohols and polyols; Organic acids and derivatives; Organosulfonic acids and derivatives; Organonitrogen compounds; Primary alcohols; Organooxygen compounds; Sulfonyls; Organosulfonic acids; 1,2-aminoalcohols; Trialkylamines; Amines; Tertiary amines; Alkanolamines; Alkanesulfonic acids and derivatives; Alkanesulfonic acids; Organic oxides; Hydrocarbon derivatives; Organic sulfonic acids and derivatives; Organic oxygen compounds; Organic nitrogen compounds; Chemical entities"	196.064	290	4.835	839408697051748992	839408493636388224	839408493636388224	437	NA	437
1	"C7H12N2O3"	"[M + K]+"	"C7H12KN2O3+"	"Amino acids and Peptides"	0.608	"Nucleosides"	0.376	"Pyrimidine nucleosides"	0.23	"Organoheterocyclic compounds"	0.876	"Heteroaromatic compounds"	0.622	NA	NA	NA	NA	"Heteroaromatic compounds"	0.622	"Organic compounds; Organoheterocyclic compounds; Alcohols and polyols; Organonitrogen compounds; Primary alcohols; Organooxygen compounds; Secondary alcohols; Organic oxides; Azacyclic compounds; Heteroaromatic compounds; Hydrocarbon derivatives; Organopnictogen compounds; Organic oxygen compounds; Organic nitrogen compounds; Chemical entities"	211.046	291	4.843	839408722691530624	839408493674136960	839408493669942656	438	NA	438
1	"C6H13NO4S"	"[M + K]+"	"C6H13KNO4S+"	"Amino acids and Peptides"	0.998	"Small peptides"	0.99	"Aminoacids"	0.994	"Organic acids and derivatives"	0.995	"Carboxylic acids and derivatives"	0.975	"Amino acids, peptides, and analogues"	0.957	"Amino acids and derivatives"	0.956	"Alpha amino acids"	0.754	"Organic compounds; Organosulfur compounds; Lipids and lipid-like molecules; Amino acids, peptides, and analogues; Alpha amino acids and derivatives; Fatty acids and conjugates; Organic acids and derivatives; Carboxylic acids and derivatives; Organonitrogen compounds; Organooxygen compounds; Amino acids and derivatives; Monocarboxylic acids and derivatives; Carboxylic acids; Carbonyl compounds; Alpha amino acids; Amines; Sulfenyl compounds; Fatty Acyls; Organic oxides; Hydrocarbon derivatives; Amino acids; Organopnictogen compounds; Organic oxygen compounds; Organic nitrogen compounds; Chemical entities"	234.02	291	4.854	839408707097107584	839408493841909120	839408493841909120	443	NA	443
1	"C15H33N3O6"	"[M + K]+"	"C15H33KN3O6+"	"Amino acids and Peptides"	0.819	"Small peptides"	0.912	"Tripeptides"	0.188	"Organic acids and derivatives"	1	"Carboxylic acids and derivatives"	0.999	"Amino acids, peptides, and analogues"	0.997	"Amino acids and derivatives"	0.997	"Alpha amino acid esters"	0.87	"Organic compounds; Lipids and lipid-like molecules; Amino acids, peptides, and analogues; Alpha amino acids and derivatives; Organic acids and derivatives; Carboxylic acids and derivatives; Organonitrogen compounds; Organooxygen compounds; Fatty acid esters; Fatty amides; Amino acids and derivatives; Alpha amino acid esters; Carboxylic acid amides; Carboxylic acid derivatives; N-acyl amines; Monocarboxylic acids and derivatives; N-acyl-alpha amino acids and derivatives; Carboxylic acid esters; Secondary carboxylic acid amides; Carbonyl compounds; Fatty Acyls; Organic oxides; Hydrocarbon derivatives; Valine and derivatives; Organopnictogen compounds; Organic oxygen compounds; Organic nitrogen compounds; Chemical entities"	390.2	291	4.856	839408707772390528	839408493808354688	839408493804160384	442	NA	442
1	"C26H40N4O9"	"[M + K]+"	"C26H40KN4O9+"	"Amino acids and Peptides"	0.884	"Oligopeptides"	0.894	"Depsipeptides"	0.417	"Organic acids and derivatives"	1	"Carboxylic acids and derivatives"	0.999	"Amino acids, peptides, and analogues"	0.991	"Peptides"	0.63	"Peptides"	0.63	"Organic compounds; Lipids and lipid-like molecules; Amino acids, peptides, and analogues; Alpha amino acids and derivatives; Organic acids and derivatives; Carboxylic acids and derivatives; Organonitrogen compounds; Organooxygen compounds; Fatty amides; Amino acids and derivatives; Peptides; Alpha amino acid esters; Carboxylic acid amides; Carboxylic acid derivatives; N-acyl amines; Monocarboxylic acids and derivatives; N-acyl-alpha amino acids and derivatives; Carboxylic acids; Carboxylic acid esters; Secondary carboxylic acid amides; Peptidomimetics; Carbonyl compounds; Alpha amino acid amides; Fatty Acyls; Organic oxides; Hydrocarbon derivatives; Valine and derivatives; Organopnictogen compounds; Organic oxygen compounds; Organic nitrogen compounds; Chemical entities"	591.241	292	4.866	839408754132035072	839408493875463552	839408493875463552	444	NA	444
1	"C6H12O5"	"[M - H2O + H]+"	"C6H11O4+"	"Carbohydrates"	0.985	"Saccharides"	0.957	"Monosaccharides"	0.895	"Organic oxygen compounds"	1	"Organooxygen compounds"	1	"Carbohydrates and carbohydrate conjugates"	0.905	"Monosaccharides"	0.881	"Monosaccharides"	0.881	"Organic compounds; Carbohydrates and carbohydrate conjugates; Alcohols and polyols; Primary alcohols; Organooxygen compounds; Monosaccharides; Secondary alcohols; Polyols; Hydrocarbon derivatives; Organic oxygen compounds; Chemical entities"	147.065	292	4.87	839409131019613952	839408493913212288	839408493913212288	445	NA	445
2	"C6H14O6"	"[M - H2O + H]+"	"C6H13O5+"	"Fatty acids"	0.977	"Fatty acyls"	0.991	"Fatty alcohols"	0.996	"Organic oxygen compounds"	1	"Organooxygen compounds"	0.999	"Carbohydrates and carbohydrate conjugates"	0.934	"Monosaccharides"	0.907	"Monosaccharides"	0.907	"Organic compounds; Carbohydrates and carbohydrate conjugates; Alcohols and polyols; Primary alcohols; Organooxygen compounds; Monosaccharides; Secondary alcohols; Sugar alcohols; Polyols; Hydrocarbon derivatives; Organic oxygen compounds; Chemical entities"	165.076	292	4.871	839409132110132992	839408493950961024	839408493950961024	446	NA	446
1	"C6H14O6"	"[M + H]+"	"C6H15O6+"	"Fatty acids"	0.977	"Fatty acyls"	0.991	"Fatty alcohols"	0.996	"Organic oxygen compounds"	1	"Organooxygen compounds"	0.999	"Carbohydrates and carbohydrate conjugates"	0.933	"Monosaccharides"	0.908	"Monosaccharides"	0.908	"Organic compounds; Carbohydrates and carbohydrate conjugates; Alcohols and polyols; Primary alcohols; Organooxygen compounds; Monosaccharides; Secondary alcohols; Sugar alcohols; Polyols; Hydrocarbon derivatives; Organic oxygen compounds; Chemical entities"	183.086	292	4.871	839408709378808960	839408494060013056	839408494060013056	449	NA	449
2	"C6H8O3"	"[M + H]+"	"C6H9O3+"	"Polyketides"	0.656	"Cyclic polyketides"	0.788	"2-pyrone derivatives"	0.773	"Organoheterocyclic compounds"	0.979	"Lactones"	0.835	NA	NA	NA	NA	"Lactones"	0.835	"Organic compounds; Organoheterocyclic compounds; Lactones; Organic acids and derivatives; Organooxygen compounds; Monocarboxylic acids and derivatives; Carbonyl compounds; Organic oxides; Oxacyclic compounds; Hydrocarbon derivatives; Organic oxygen compounds; Chemical entities"	129.055	292	4.871	839409133355841408	839408494026458624	839408494022264320	448	NA	448
1	"C6H14O6"	"[M + H3N + H]+"	"C6H18NO6+"	"Fatty acids"	0.975	"Fatty acyls"	0.991	"Fatty alcohols"	0.996	"Organic oxygen compounds"	1	"Organooxygen compounds"	0.999	"Carbohydrates and carbohydrate conjugates"	0.935	"Monosaccharides"	0.91	"Monosaccharides"	0.91	"Organic compounds; Carbohydrates and carbohydrate conjugates; Alcohols and polyols; Primary alcohols; Organooxygen compounds; Monosaccharides; Secondary alcohols; Sugar alcohols; Polyols; Hydrocarbon derivatives; Organic oxygen compounds; Chemical entities"	200.113	292	4.871	839408717415095936	839408493988709760	839408493988709760	447	NA	447
1	"C2H9N3O2"	"[M + Na]+"	"C2H9N3NaO2+"	"Fatty acids"	0.586	"Fatty acyls"	0.23	"Aminoacids"	0.31	"Organic nitrogen compounds"	0.993	"Organonitrogen compounds"	0.924	NA	NA	NA	NA	"Organonitrogen compounds"	0.924	"Organic compounds; Organonitrogen compounds; Organic oxides; Hydrocarbon derivatives; Organopnictogen compounds; Organic oxygen compounds; Organic nitrogen compounds; Chemical entities"	130.058	293	4.876	839408725191335936	839408494122927616	839408494122927616	451	NA	451
2	"C8H10O4"	"[M + H3N + H]+"	"C8H14NO4+"	"Shikimates and Phenylpropanoids"	0.44	"Phenylpropanoids (C6-C3)"	0.508	"Cinnamic acids and derivatives"	0.435	"Benzenoids"	0.667	"Phenols"	0.637	"1-hydroxy-2-unsubstituted benzenoids"	0.512	NA	NA	"1-hydroxy-2-unsubstituted benzenoids"	0.512	"Organic compounds; Phenols; Ethers; Organic acids and derivatives; Organooxygen compounds; Carbonyl compounds; Benzene and substituted derivatives; Benzenoids; Organic oxides; Hydrocarbon derivatives; Organic oxygen compounds; 1-hydroxy-2-unsubstituted benzenoids; Chemical entities"	188.092	293	4.876	839408702164605824	839408494093567488	839408494089373184	450	NA	450
5	"C20H24O12"	"[M + H3N + H]+"	"C20H28NO12+"	"Shikimates and Phenylpropanoids"	0.951	"Phenolic acids (C6-C1)"	0.789	"Gallotannins"	0.327	"Benzenoids"	0.938	"Benzene and substituted derivatives"	0.894	"Benzoic acids and derivatives"	0.709	"Hydroxybenzoic acid derivatives"	0.532	"Gallic acid and derivatives"	0.527	"Organic compounds; Organoheterocyclic compounds; Carbohydrates and carbohydrate conjugates; Alcohols and polyols; Phenols; Benzoic acids and derivatives; Ethers; Organic acids and derivatives; Carboxylic acids and derivatives; Benzoyl derivatives; Organooxygen compounds; Carboxylic acid derivatives; Carboxylic acid esters; Hydroxybenzoic acid derivatives; Gallic acid and derivatives; Benzoic acid esters; Monosaccharides; Acetals; Secondary alcohols; Oxanes; Glycosyl compounds; O-glycosyl compounds; Benzene and substituted derivatives; Polyols; Phenol ethers; Benzenoids; Organic oxides; Oxacyclic compounds; Hydrocarbon derivatives; Organic oxygen compounds; 1-hydroxy-2-unsubstituted benzenoids; 1-hydroxy-4-unsubstituted benzenoids; Chemical entities"	474.162	293	4.887	839408717691920000	839408494227785216	839408494227785216	454	NA	454
1	"C25H24F3N3O6"	"[M + K]+"	"C25H24F3KN3O6+"	"Amino acids and Peptides"	0.32	"Small peptides"	0.054	"Simple coumarins"	0.014	"Benzenoids"	0.995	"Phenol ethers"	0.63	NA	NA	NA	NA	"Phenol ethers"	0.63	"Organic compounds; Halobenzenes; Ethers; Organic acids and derivatives; Carboxylic acids and derivatives; Organohalogen compounds; Organonitrogen compounds; Organooxygen compounds; Carboxylic acid amides; Alkyl fluorides; Aryl fluorides; Carboxylic acid derivatives; Fluorobenzenes; Monocarboxylic acids and derivatives; Organofluorides; Secondary carboxylic acid amides; Carbonyl compounds; Benzene and substituted derivatives; Phenol ethers; Benzenoids; Aryl halides; Alkyl halides; Organic oxides; Hydrocarbon derivatives; Organopnictogen compounds; Organic oxygen compounds; Organic nitrogen compounds; Phenoxy compounds; Chemical entities"	558.123	293	4.887	839408809400380160	839408494261339648	839408494261339648	455	NA	455
3	"C9H10O5"	"[M + Na]+"	"C9H10NaO5+"	"Fatty acids"	0.43	"Fatty Acids and Conjugates"	0.311	"2-pyrone derivatives"	0.462	"Organic acids and derivatives"	0.736	"Carboxylic acids and derivatives"	0.679	"Carboxylic acids"	0.537	NA	NA	"Carboxylic acids"	0.537	"Organic compounds; Organic acids and derivatives; Carboxylic acids and derivatives; Organooxygen compounds; Carboxylic acids; Carbonyl compounds; Organic oxides; Hydrocarbon derivatives; Organic oxygen compounds; Chemical entities"	221.042	293	4.89	839408756757669504	839408494294894080	839408494294894080	456	NA	456
7	"C7H14N2S3"	"[M + H]+"	"C7H15N2S3+"	"Fatty acids"	0.598	"Monoterpenoids"	0.144	"Primary amides"	0.134	"Organosulfur compounds"	0.974	"Organic disulfides"	0.587	NA	NA	NA	NA	"Organic disulfides"	0.587	"Organic compounds; Organosulfur compounds; Organonitrogen compounds; Organic disulfides; Sulfenyl compounds; Hydrocarbon derivatives; Organopnictogen compounds; Organic nitrogen compounds; Chemical entities"	223.04	293	4.89	839408703527754752	839408494328448512	839408494328448512	457	NA	457
2	"C7H13NO3S2"	"[M + H]+"	"C7H14NO3S2+"	"Amino acids and Peptides"	0.674	"Small peptides"	0.167	"Aminoacids"	0.22	"Organic acids and derivatives"	0.891	"Organic sulfonic acids and derivatives"	0.546	"Organosulfonic acids and derivatives"	0.54	NA	NA	"Organosulfonic acids and derivatives"	0.54	"Organic compounds; Organosulfur compounds; Organic acids and derivatives; Organosulfonic acids and derivatives; Organonitrogen compounds; Sulfonyls; Organic oxides; Hydrocarbon derivatives; Organic sulfonic acids and derivatives; Organopnictogen compounds; Organic oxygen compounds; Organic nitrogen compounds; Chemical entities"	224.043	293	4.891	839408712205769984	839408494362002944	839408494362002944	458	NA	458
4	"C12H16F2O2Si"	"[M + H3N + H]+"	"C12H20F2NO2Si+"	"Terpenoids"	0.205	"Sesquiterpenoids"	0.078	"Halogenated fatty acids"	0.209	"Benzenoids"	0.911	"Benzene and substituted derivatives"	0.847	"Halobenzenes"	0.601	"Fluorobenzenes"	0.652	"Fluorobenzenes"	0.652	"Organic compounds; Halobenzenes; Organic acids and derivatives; Carboxylic acids and derivatives; Organohalogen compounds; Organooxygen compounds; Alkyl fluorides; Aryl fluorides; Fluorobenzenes; Monocarboxylic acids and derivatives; Organofluorides; Carbonyl compounds; Benzene and substituted derivatives; Benzenoids; Alkyl halides; Organic oxides; Hydrocarbon derivatives; Organic oxygen compounds; Chemical entities"	276.122	294	4.908	839408723270344576	839408494429111808	839408494429111808	460	NA	460
2	"C14H17F3N2O3"	"[M + K]+"	"C14H17F3KN2O3+"	"Amino acids and Peptides"	0.571	"Small peptides"	0.738	"Aminoacids"	0.195	"Organic acids and derivatives"	0.998	"Carboxylic acids and derivatives"	0.994	"Amino acids, peptides, and analogues"	0.96	"Amino acids and derivatives"	0.96	"Alpha amino acids"	0.549	"Organic compounds; Amino acids, peptides, and analogues; Alpha amino acids and derivatives; Organic acids and derivatives; Carboxylic acids and derivatives; Organohalogen compounds; Organonitrogen compounds; Organooxygen compounds; Amino acids and derivatives; Alkyl fluorides; Carboxylic acid derivatives; Monocarboxylic acids and derivatives; Carboxylic acids; Organofluorides; Carbonyl compounds; Benzene and substituted derivatives; Alpha amino acids; Benzenoids; Amines; Alkyl halides; Aralkylamines; Organic oxides; Hydrocarbon derivatives; Amino acids; Trifluoromethylbenzenes; Organopnictogen compounds; Organic oxygen compounds; Organic nitrogen compounds; Phenoxy compounds; Chemical entities"	357.082	294	4.908	839408979622015488	839408494462666240	839408494462666240	461	NA	461
1	"C6H15NO6S"	"[M - H2O + H]+"	"C6H14NO5S+"	"Fatty acids"	0.627	"Fatty acyls"	0.121	"Fatty alcohols"	0.432	"Organic acids and derivatives"	0.983	"Organic sulfuric acids and derivatives"	0.646	NA	NA	NA	NA	"Organic sulfuric acids and derivatives"	0.646	"Organic compounds; Organosulfur compounds; Alcohols and polyols; Organic acids and derivatives; Primary alcohols; Organooxygen compounds; Organic sulfuric acids and derivatives; Sulfonyls; Organic oxides; Hydrocarbon derivatives; Organic oxygen compounds; Organic nitrogen compounds; Chemical entities"	212.059	295	4.91	839408763518887808	839408494500414976	839408494500414976	462	NA	462
5	"C7H12ClN3O3S2"	"[M + K]+"	"C7H12ClKN3O3S2+"	"Amino acids and Peptides"	0.16	"Histidine alkaloids"	0.1	"Imidazole alkaloids"	0.099	"Organoheterocyclic compounds"	0.814	"Azoles"	0.632	"Thiadiazoles"	0.84	NA	NA	"Thiadiazoles"	0.84	"Organic compounds; Organoheterocyclic compounds; Organosulfur compounds; Thiadiazoles; Organic acids and derivatives; Organohalogen compounds; Organosulfonic acids and derivatives; Organonitrogen compounds; Organooxygen compounds; Azoles; Alkyl chlorides; Sulfonyls; Organochlorides; Alkyl halides; Aminosulfonyl compounds; Organic oxides; Azacyclic compounds; Heteroaromatic compounds; Hydrocarbon derivatives; Organic sulfonic acids and derivatives; Organopnictogen compounds; Organic oxygen compounds; Organic nitrogen compounds; Chemical entities"	323.965	297	4.95	839408703947185152	839408494601078272	839408494601078272	465	NA	465
1	"C6H11NO3P"	"[M - H2O + H]+"	"C6H10NO2P+"	"Fatty acids"	0.215	"Small peptides"	0.128	"Aminoacids"	0.192	"Organic acids and derivatives"	0.873	"Carboxylic acids and derivatives"	0.552	NA	NA	NA	NA	"Carboxylic acids and derivatives"	0.552	"Organic compounds; Organic acids and derivatives; Carboxylic acids and derivatives; Organonitrogen compounds; Organooxygen compounds; Organophosphorus compounds; Carbonyl compounds; Organic oxides; Hydrocarbon derivatives; Organopnictogen compounds; Organic oxygen compounds; Organic nitrogen compounds; Chemical entities"	159.043	298	4.959	839408707566869632	839408494634632704	839408494634632704	466	NA	466
3	"C8H14N2O4S2"	"[M + K]+"	"C8H14KN2O4S2+"	"Amino acids and Peptides"	0.655	"Fatty Acids and Conjugates"	0.244	"Aminoacids"	0.134	"Lipids and lipid-like molecules"	0.482	"Fatty Acyls"	0.531	"Fatty acids and conjugates"	0.638	NA	NA	"Fatty acids and conjugates"	0.638	"Organic compounds; Organosulfur compounds; Fatty acids and conjugates; Organic acids and derivatives; Carboxylic acids and derivatives; Organonitrogen compounds; Organooxygen compounds; Monocarboxylic acids and derivatives; Carboxylic acids; Carbonyl compounds; Sulfenyl compounds; Fatty Acyls; Dithiocarbamic acids and derivatives; Dithiocarbamic acid esters; Organic oxides; Hydrocarbon derivatives; Organopnictogen compounds; Organic oxygen compounds; Organic nitrogen compounds; Chemical entities"	305.003	298	4.96	839408723744300928	839408494739490304	839408494739490304	469	NA	469
5	"C6H8ClNO3S2"	"[M + H3N + H]+"	"C6H12ClN2O3S2+"	"Fatty acids"	0.463	"Fatty acyls"	0.209	"Simple phenolic acids"	0.161	"Organohalogen compounds"	0.956	"Aryl halides"	0.391	"Aryl chlorides"	0.516	NA	NA	"Aryl chlorides"	0.516	"Organic compounds; Organosulfur compounds; Organic acids and derivatives; Organohalogen compounds; Organosulfonic acids and derivatives; Sulfonyl halides; Aryl chlorides; Organochlorides; Organic oxides; Hydrocarbon derivatives; Organic sulfonic acids and derivatives; Organic oxygen compounds; Chemical entities"	258.998	298	4.96	839408759135840000	839408494773044736	839408494773044736	470	NA	470
1	"C10H22N2O4"	"[M + K]+"	"C10H22KN2O4+"	"Amino acids and Peptides"	0.922	"Small peptides"	0.967	"Aminoacids"	0.71	"Organic acids and derivatives"	1	"Carboxylic acids and derivatives"	0.999	"Amino acids, peptides, and analogues"	0.998	"Amino acids and derivatives"	0.998	"Alpha amino acid esters"	0.565	"Organic compounds; Lipids and lipid-like molecules; Amino acids, peptides, and analogues; Alpha amino acids and derivatives; Fatty acids and conjugates; Organic acids and derivatives; Carboxylic acids and derivatives; Organonitrogen compounds; Carbamic acids and derivatives; Organooxygen compounds; Fatty acid esters; Branched fatty acids; Amino acids and derivatives; Organic carbonic acids and derivatives; Alpha amino acid esters; Carboxylic acid derivatives; Monocarboxylic acids and derivatives; Carbamate esters; Carboxylic acids; Carboxylic acid esters; Carbonyl compounds; Methyl-branched fatty acids; Fatty Acyls; Organic oxides; Hydrocarbon derivatives; Valine and derivatives; Organopnictogen compounds; Organic oxygen compounds; Organic nitrogen compounds; Chemical entities"	273.121	298	4.964	839408708053408896	839408494533969408	839408494533969408	463	NA	463
1	"C2H5NO6"	"[M + H3N + H]+"	"C2H9N2O6+"	"Fatty acids"	0.817	"Fatty Acids and Conjugates"	0.913	"Halogenated fatty acids"	0.962	"Organic acids and derivatives"	0.962	"Carboxylic acids and derivatives"	0.902	"Carboxylic acids"	0.792	NA	NA	"Carboxylic acids"	0.792	"Organic compounds; Organic acids and derivatives; Carboxylic acids and derivatives; Organonitrogen compounds; Organooxygen compounds; Carboxylic acids; Carbonyl compounds; Organic oxides; Hydrocarbon derivatives; Organopnictogen compounds; Organic oxygen compounds; Organic nitrogen compounds; Chemical entities"	157.045	299	4.98	839408716471377408	839408496010364544	839408496010364544	503	NA	503
2	"C4H8ClOP"	"[M + H3N + H]+"	"C4H12ClNOP+"	"Fatty acids"	0.698	"Fatty acyls"	0.544	"Halogenated fatty acids"	0.745	"Organohalogen compounds"	0.907	"Alkyl halides"	0.602	"Alkyl chlorides"	0.608	NA	NA	"Alkyl chlorides"	0.608	"Organic compounds; Organohalogen compounds; Organooxygen compounds; Organophosphorus compounds; Alkyl chlorides; Organochlorides; Alkyl halides; Hydrocarbon derivatives; Organic oxygen compounds; Chemical entities"	156.035	299	4.99	839408722003664640	839408494567523840	839408494567523840	464	NA	464
5	"C5H12NP"	"[M + K]+"	"C5H12KNP+"	"Fatty acids"	0.653	"Fatty acyls"	0.48	"Acetate-derived alkaloids"	0.205	"Organic nitrogen compounds"	0.859	"Organonitrogen compounds"	0.864	NA	NA	NA	NA	"Organonitrogen compounds"	0.864	"Organic compounds; Organonitrogen compounds; Hydrocarbon derivatives; Organopnictogen compounds; Organic nitrogen compounds; Chemical entities"	156.035	300	4.998	839408716555263616	839408496043918976	839408496043918976	504	NA	504
1	"C5H11NO2"	"[M + K]+"	"C5H11KNO2+"	"Amino acids and Peptides"	0.966	"Small peptides"	0.96	"Aminoacids"	0.965	"Organic acids and derivatives"	0.964	"Carboxylic acids and derivatives"	0.95	"Amino acids, peptides, and analogues"	0.751	"Amino acids and derivatives"	0.751	"Amino acids and derivatives"	0.751	"Organic compounds; Amino acids, peptides, and analogues; Organic acids and derivatives; Carboxylic acids and derivatives; Organonitrogen compounds; Organooxygen compounds; Amino acids and derivatives; Monocarboxylic acids and derivatives; Carboxylic acids; Carbonyl compounds; Amines; Organic oxides; Hydrocarbon derivatives; Organopnictogen compounds; Organic oxygen compounds; Organic nitrogen compounds; Chemical entities"	156.042	300	5.003	839408704966401024	839408494907262464	839408494903068160	474	NA	474
1	"C6H6Cl6O3"	"[M + K]+"	"C6H6Cl6KO3+"	"Fatty acids"	0.719	"Fatty Acids and Conjugates"	0.631	"Halogenated fatty acids"	0.872	"Organohalogen compounds"	1	"Halohydrins"	0.474	"Chlorohydrins"	0.51	NA	NA	"Chlorohydrins"	0.51	"Organic compounds; Organohalogen compounds; Organooxygen compounds; Alkyl chlorides; Organochlorides; Chlorohydrins; Alkyl halides; Hydrocarbon derivatives; Organic oxygen compounds; Chemical entities"	374.809	300	5.004	839408722695724928	839408495179892352	839408495179892352	481	NA	481
1	"C12H11Cl11O3"	"[M + K]+"	"C12H11Cl11KO3+"	"Polyketides"	0.38	"Fatty Acids and Conjugates"	0.098	"Halogenated fatty acids"	0.243	"Benzenoids"	0.445	"Benzene and substituted derivatives"	0.591	"Halobenzenes"	0.738	"Chlorobenzenes"	0.621	"Chlorobenzenes"	0.621	"Organic compounds; Halobenzenes; Organohalogen compounds; Organooxygen compounds; Alkyl chlorides; Chlorobenzenes; Organochlorides; Benzene and substituted derivatives; Aryl halides; Alkyl halides; Hydrocarbon derivatives; Organic oxygen compounds; Chemical entities"	626.693	300	5.005	839408707671727232	839408495343470208	839408495339275904	485	NA	485
2	"C18H37NO5"	"[M + H3N + H]+"	"C18H41N2O5+"	"Fatty acids"	0.701	"Fatty amides"	0.228	"Open-chain polyketides"	0.099	"Lipids and lipid-like molecules"	0.789	"Fatty Acyls"	0.788	NA	NA	NA	NA	"Fatty Acyls"	0.788	"Organic compounds; Lipids and lipid-like molecules; Alcohols and polyols; Organic acids and derivatives; Carboxylic acids and derivatives; Organonitrogen compounds; Organooxygen compounds; Carboxylic acid derivatives; Monocarboxylic acids and derivatives; Carboxylic acid esters; Carbonyl compounds; Fatty Acyls; Organic oxides; Hydrocarbon derivatives; Organopnictogen compounds; Organic oxygen compounds; Organic nitrogen compounds; Chemical entities"	365.301	304	5.071	839408726348963968	839408496077473408	839408496077473408	505	NA	505
3	"C10H19NO5"	"[M + H3N + H]+"	"C10H23N2O5+"	"Fatty acids"	0.768	"Fatty amides"	0.5	"N-acyl amines"	0.272	"Lipids and lipid-like molecules"	0.807	"Fatty Acyls"	0.8	NA	NA	NA	NA	"Fatty Acyls"	0.8	"Organic compounds; Lipids and lipid-like molecules; Alcohols and polyols; Organic acids and derivatives; Carboxylic acids and derivatives; Organonitrogen compounds; Primary alcohols; Organooxygen compounds; Carboxylic acid derivatives; Monocarboxylic acids and derivatives; Carboxylic acids; Secondary alcohols; Carbonyl compounds; Fatty Acyls; Organic oxides; Hydrocarbon derivatives; Organopnictogen compounds; Organic oxygen compounds; Organic nitrogen compounds; Chemical entities"	251.16	305	5.075	839408718711135872	839408496106833536	839408496106833536	506	NA	506
1	"C10H22N2O4"	"[M + K]+"	"C10H22KN2O4+"	"Amino acids and Peptides"	0.881	"Small peptides"	0.942	"Aminoacids"	0.79	"Organic acids and derivatives"	1	"Carboxylic acids and derivatives"	0.999	"Amino acids, peptides, and analogues"	0.997	"Amino acids and derivatives"	0.997	"Alpha amino acid esters"	0.661	"Organic compounds; Lipids and lipid-like molecules; Amino acids, peptides, and analogues; Alpha amino acids and derivatives; Organic acids and derivatives; Carboxylic acids and derivatives; Organonitrogen compounds; Carbamic acids and derivatives; Organooxygen compounds; Fatty acid esters; Branched fatty acids; Amino acids and derivatives; Alpha amino acid esters; Carboxylic acid derivatives; Monocarboxylic acids and derivatives; Carbamate esters; Carboxylic acid esters; Carbonyl compounds; Fatty Acyls; Organic oxides; Hydrocarbon derivatives; Valine and derivatives; Organopnictogen compounds; Organic oxygen compounds; Organic nitrogen compounds; Chemical entities"	273.121	305	5.082	839408725967282176	839408496220079744	839408496220079744	509	NA	509
2	"C12H16F2N2O3"	"[M + H]+"	"C12H17F2N2O3+"	"Alkaloids"	0.218	"Small peptides"	0.368	"Aminoacids"	0.063	"Organic acids and derivatives"	0.964	"Carboxylic acids and derivatives"	0.641	"Amino acids, peptides, and analogues"	0.6	"Amino acids and derivatives"	0.599	"Amino acids and derivatives"	0.599	"Organic compounds; Amino acids, peptides, and analogues; Halobenzenes; Organic acids and derivatives; Carboxylic acids and derivatives; Organohalogen compounds; Organonitrogen compounds; Organooxygen compounds; Amino acids and derivatives; Organic carbonic acids and derivatives; Ureas; Aryl fluorides; Fluorobenzenes; Organofluorides; Carbonyl compounds; N-phenylureas; Benzene and substituted derivatives; Benzenoids; Aryl halides; Organic oxides; Hydrocarbon derivatives; Organopnictogen compounds; Organic oxygen compounds; Organic nitrogen compounds; Chemical entities"	275.119	305	5.083	839408730509713792	839408496253634176	839408496253634176	510	NA	510
10	"C32H56N4O4"	"[M + K]+"	"C32H56KN4O4+"	"Amino acids and Peptides"	0.872	"Oligopeptides"	0.793	"Microginins"	0.136	"Organic acids and derivatives"	0.999	"Carboxylic acids and derivatives"	0.998	"Amino acids, peptides, and analogues"	0.98	"Amino acids and derivatives"	0.977	"Alpha amino acid esters"	0.54	"Organic compounds; Lipids and lipid-like molecules; Amino acids, peptides, and analogues; Alpha amino acids and derivatives; Phenethylamines; Amphetamines and derivatives; Organic acids and derivatives; Carboxylic acids and derivatives; Organonitrogen compounds; Organooxygen compounds; Fatty amides; Amino acids and derivatives; Alpha amino acid esters; Carboxylic acid amides; Carboxylic acid derivatives; N-acyl amines; Monocarboxylic acids and derivatives; N-acyl-alpha amino acids and derivatives; Carboxylic acid esters; Secondary carboxylic acid amides; Tertiary carboxylic acid amides; Carbonyl compounds; Benzene and substituted derivatives; Alpha amino acid amides; Benzenoids; Fatty Acyls; Organic oxides; Hydrocarbon derivatives; Valine and derivatives; Organopnictogen compounds; Organic oxygen compounds; Organic nitrogen compounds; Chemical entities"	599.392	310	5.164	839408735891005952	839408496433989376	839408496433989376	515	NA	515
2	"C12H14N8O3"	"[M + K]+"	"C12H14KN8O3+"	"Carbohydrates"	0.983	"Nucleosides"	0.976	"Purine nucleosides"	0.975	"Nucleosides, nucleotides, and analogues"	0.658	"Purine nucleosides"	0.515	NA	NA	NA	NA	"Purine nucleosides"	0.515	"Organic compounds; Organoheterocyclic compounds; Pyrimidines and pyrimidine derivatives; Imidazoles; Pteridines and derivatives; Alcohols and polyols; Purines and purine derivatives; Organic acids and derivatives; Organonitrogen compounds; Nucleosides, nucleotides, and analogues; Organooxygen compounds; Azoles; Purine nucleosides; Aminopyrimidines and derivatives; Diazines; Imidazopyrimidines; Glycosylamines; Substituted imidazoles; N-substituted imidazoles; Amines; Primary amines; 6-aminopurines; Imidolactams; Organic oxides; Azacyclic compounds; Heteroaromatic compounds; Hydrocarbon derivatives; Organopnictogen compounds; Organic oxygen compounds; Organic nitrogen compounds; Chemical entities"	357.082	310	5.169	839408741784003456	839408496333326080	839408496333326080	512	NA	512
3	"C10H19NO4"	"[M + H3N + H]+"	"C10H23N2O4+"	"Amino acids and Peptides"	0.715	"Small peptides"	0.462	"Aminoacids"	0.156	"Organic acids and derivatives"	0.994	"Carboxylic acids and derivatives"	0.985	"Amino acids, peptides, and analogues"	0.752	"Amino acids and derivatives"	0.752	"Amino acids and derivatives"	0.752	"Organic compounds; Lipids and lipid-like molecules; Amino acids, peptides, and analogues; Fatty acids and conjugates; Organic acids and derivatives; Carboxylic acids and derivatives; Organonitrogen compounds; Organooxygen compounds; Branched fatty acids; Amino acids and derivatives; Carboxylic acid amides; Carboxylic acid derivatives; Monocarboxylic acids and derivatives; Carboxylic acids; Secondary carboxylic acid amides; Carbonyl compounds; Fatty Acyls; Organic oxides; Hydrocarbon derivatives; Organopnictogen compounds; Organic oxygen compounds; Organic nitrogen compounds; Chemical entities"	235.165	312	5.192	839408726210551936	839408496366880512	839408496366880512	513	NA	513
1	"C22H27F2N3O4"	"[M + K]+"	"C22H27F2KN3O4+"	"Amino acids and Peptides"	0.843	"Small peptides"	0.883	"Dipeptides"	0.177	"Organic acids and derivatives"	0.998	"Carboxylic acids and derivatives"	0.995	"Amino acids, peptides, and analogues"	0.983	"Amino acids and derivatives"	0.982	"Carbamate esters"	0.569	"Organic compounds; Lipids and lipid-like molecules; Amino acids, peptides, and analogues; Halobenzenes; Alpha amino acids and derivatives; Organic acids and derivatives; Carboxylic acids and derivatives; Organohalogen compounds; Organonitrogen compounds; Carbamic acids and derivatives; Organooxygen compounds; Fatty amides; Amino acids and derivatives; Carboxylic acid amides; Aryl fluorides; Carboxylic acid derivatives; Fluorobenzenes; Monocarboxylic acids and derivatives; Carbamate esters; N-acyl-alpha amino acids and derivatives; Carboxylic acid esters; Organofluorides; Secondary carboxylic acid amides; Carbonyl compounds; Benzene and substituted derivatives; Alpha amino acid amides; Benzenoids; Aryl halides; Fatty Acyls; Organic oxides; Hydrocarbon derivatives; Valine and derivatives; Organopnictogen compounds; Organic oxygen compounds; Organic nitrogen compounds; Chemical entities"	474.162	313	5.213	839408750789174656	839408496463349504	839408496463349504	516	NA	516
1	"C10H22N2O4"	"[M + H]+"	"C10H23N2O4+"	"Amino acids and Peptides"	0.968	"Small peptides"	0.983	"Dipeptides"	0.547	"Organic acids and derivatives"	1	"Carboxylic acids and derivatives"	0.999	"Amino acids, peptides, and analogues"	0.994	"Amino acids and derivatives"	0.994	"Alpha amino acid esters"	0.545	"Organic compounds; Lipids and lipid-like molecules; Amino acids, peptides, and analogues; Alpha amino acids and derivatives; Fatty acids and conjugates; Organic acids and derivatives; Carboxylic acids and derivatives; Organonitrogen compounds; Organooxygen compounds; Fatty acid esters; Branched fatty acids; Amino acids and derivatives; Alpha amino acid esters; Carboxylic acid amides; Carboxylic acid derivatives; N-acyl amines; Monocarboxylic acids and derivatives; N-acyl-alpha amino acids and derivatives; Carboxylic acids; Carboxylic acid esters; Secondary carboxylic acid amides; Carbonyl compounds; Methyl-branched fatty acids; Fatty Acyls; Organic oxides; Hydrocarbon derivatives; Valine and derivatives; Organopnictogen compounds; Organic oxygen compounds; Organic nitrogen compounds; Chemical entities"	235.165	317	5.281	839408719239618304	839408496530458368	839408496530458368	518	NA	518
2	"C11H22O2S"	"[M + H3N + H]+"	"C11H26NO2S+"	"Fatty acids"	0.882	"Monoterpenoids"	0.209	"Thia fatty acids"	0.19	"Organosulfur compounds"	0.986	"Thioethers"	0.808	NA	NA	NA	NA	"Thioethers"	0.808	"Organic compounds; Organosulfur compounds; Thioethers; Sulfenyl compounds; Hydrocarbon derivatives; Chemical entities"	236.168	318	5.293	839408729628909824	839408496564012800	839408496564012800	519	NA	519
4	"C25H28F3N3O2"	"[M + H3N + H]+"	"C25H32F3N4O2+"	"Alkaloids"	0.743	"Tryptophan alkaloids"	0.072	"Isoquinoline alkaloids"	0.019	"Benzenoids"	0.997	"Benzene and substituted derivatives"	0.9	"Trifluoromethylbenzenes"	0.567	NA	NA	"Trifluoromethylbenzenes"	0.567	"Organic compounds; Organoheterocyclic compounds; Alkyl aryl ethers; Piperazines; Ethers; Organohalogen compounds; Organonitrogen compounds; Organooxygen compounds; Alkyl fluorides; Aryl fluorides; Fluorobenzenes; Organofluorides; Trialkylamines; Benzene and substituted derivatives; Phenol ethers; Diazinanes; Benzenoids; Amines; Tertiary amines; Aryl halides; Alkyl halides; N-alkylpiperazines; Aralkylamines; Azacyclic compounds; Hydrocarbon derivatives; Trifluoromethylbenzenes; Organopnictogen compounds; Organic oxygen compounds; Organic nitrogen compounds; Phenoxy compounds; Chemical entities"	477.248	318	5.3	839408765557319552	839408496496903936	839408496496903936	517	NA	517
1	"C14H22FN3O3"	"[M + Na]+"	"C14H22FN3NaO3+"	"Amino acids and Peptides"	0.522	"Small peptides"	0.785	"Dipeptides"	0.087	"Organic acids and derivatives"	0.9	"Carboxylic acids and derivatives"	0.846	"Amino acids, peptides, and analogues"	0.834	"Amino acids and derivatives"	0.832	"Alpha amino acids and derivatives"	0.551	"Organic compounds; Amino acids, peptides, and analogues; Halobenzenes; Alpha amino acids and derivatives; Organic acids and derivatives; Carboxylic acids and derivatives; Organohalogen compounds; Organonitrogen compounds; Organooxygen compounds; Amino acids and derivatives; Carboxylic acid amides; Aryl fluorides; Carboxylic acid derivatives; Fluorobenzenes; Organofluorides; Secondary carboxylic acid amides; Carbonyl compounds; Benzene and substituted derivatives; Benzenoids; Amines; Aryl halides; Organic oxides; Hydrocarbon derivatives; Organopnictogen compounds; Organic oxygen compounds; Organic nitrogen compounds; Chemical entities"	322.153	320	5.341	839408727229767808	839408496597567232	839408496597567232	520	NA	520
1	"C9H18O8"	"[M + K]+"	"C9H18KO8+"	"Carbohydrates"	0.613	"Phenolic acids (C6-C1)"	0.329	"Cyclitols"	0.354	"Organic oxygen compounds"	1	"Organooxygen compounds"	1	"Carbohydrates and carbohydrate conjugates"	0.585	"Monosaccharides"	0.568	"Monosaccharides"	0.568	"Organic compounds; Carbohydrates and carbohydrate conjugates; Alcohols and polyols; Ethers; Organic acids and derivatives; Carboxylic acids and derivatives; Organooxygen compounds; Monosaccharides; Secondary alcohols; Carbonyl compounds; Polyols; Organic oxides; Hydrocarbon derivatives; Organic oxygen compounds; Chemical entities"	293.063	321	5.357	839408726365741184	839408496631121664	839408496631121664	521	NA	521
1	"C20H31FN4O4"	"[M + Na]+"	"C20H31FN4NaO4+"	"Amino acids and Peptides"	0.611	"Small peptides"	0.686	"Tripeptides"	0.092	"Organic acids and derivatives"	0.973	"Carboxylic acids and derivatives"	0.96	"Amino acids, peptides, and analogues"	0.951	"Amino acids and derivatives"	0.948	"Carbamate esters"	0.741	"Organic compounds; Lipids and lipid-like molecules; Amino acids, peptides, and analogues; Halobenzenes; Alpha amino acids and derivatives; Organic acids and derivatives; Carboxylic acids and derivatives; Organohalogen compounds; Organonitrogen compounds; Carbamic acids and derivatives; Organooxygen compounds; Fatty amides; Amino acids and derivatives; Carboxylic acid amides; Aryl fluorides; Carboxylic acid derivatives; Fluorobenzenes; Carbamate esters; N-acyl-alpha amino acids and derivatives; Organofluorides; Secondary carboxylic acid amides; Carbonyl compounds; Benzene and substituted derivatives; Alpha amino acid amides; Benzenoids; Amines; Aryl halides; Fatty Acyls; Organic oxides; Azacyclic compounds; Hydrocarbon derivatives; Valine and derivatives; Organopnictogen compounds; Organic oxygen compounds; Organic nitrogen compounds; Chemical entities"	433.221	324	5.397	839408735593210368	839408496723396352	839408496723396352	523	NA	523
1	"C28H47N5O5"	"[M + H]+"	"C28H48N5O5+"	"Amino acids and Peptides"	0.968	"Oligopeptides"	0.772	"Tripeptides"	0.202	"Organic acids and derivatives"	0.997	"Carboxylic acids and derivatives"	0.993	"Amino acids, peptides, and analogues"	0.957	"Peptides"	0.68	"Peptides"	0.68	"Organic compounds; Lipids and lipid-like molecules; Amino acids, peptides, and analogues; Alpha amino acids and derivatives; Organic acids and derivatives; Carboxylic acids and derivatives; Organonitrogen compounds; Organooxygen compounds; Fatty amides; Amino acids and derivatives; Peptides; Carboxylic acid amides; Carboxylic acid derivatives; N-acyl amines; N-acyl-alpha amino acids and derivatives; Primary carboxylic acid amides; Secondary carboxylic acid amides; Carbonyl compounds; Alpha amino acid amides; Fatty Acyls; Organic oxides; Hydrocarbon derivatives; Organopnictogen compounds; Organic oxygen compounds; Organic nitrogen compounds; Chemical entities"	534.365	324	5.406	839408735307997696	839408496756950784	839408496756950784	524	NA	524
1	"C10H22N2O4"	"[M + Na]+"	"C10H22N2NaO4+"	"Amino acids and Peptides"	0.991	"Small peptides"	0.993	"Dipeptides"	0.904	"Organic acids and derivatives"	0.999	"Carboxylic acids and derivatives"	0.998	"Amino acids, peptides, and analogues"	0.979	"Peptides"	0.804	"Dipeptides"	0.504	"Organic compounds; Lipids and lipid-like molecules; Amino acids, peptides, and analogues; Alpha amino acids and derivatives; Fatty acids and conjugates; Organic acids and derivatives; Carboxylic acids and derivatives; Organonitrogen compounds; Organooxygen compounds; Fatty amides; Branched fatty acids; Amino acids and derivatives; Peptides; Monoalkylamines; Carboxylic acid amides; Carboxylic acid derivatives; N-acyl amines; Monocarboxylic acids and derivatives; N-acyl-alpha amino acids and derivatives; Carboxylic acids; Secondary carboxylic acid amides; Carbonyl compounds; Alpha amino acid amides; N-acyl-alpha amino acids; Amines; Primary amines; Methyl-branched fatty acids; Fatty Acyls; Organic oxides; Hydrocarbon derivatives; Amino acids; Valine and derivatives; Organopnictogen compounds; Organic oxygen compounds; Organic nitrogen compounds; Dipeptides; Chemical entities"	257.147	334	5.567	839408728437727488	839408496790505216	839408496790505216	525	NA	525
1	"C20H34N4O4"	"[M + Na]+"	"C20H34N4NaO4+"	"Amino acids and Peptides"	0.828	"Small peptides"	0.629	"Dipeptides"	0.443	"Organic acids and derivatives"	0.998	"Carboxylic acids and derivatives"	0.993	"Amino acids, peptides, and analogues"	0.921	"Amino acids and derivatives"	0.913	"N-acyl-alpha amino acids and derivatives"	0.791	"Organic compounds; Lipids and lipid-like molecules; Amino acids, peptides, and analogues; Alpha amino acids and derivatives; Organic acids and derivatives; Carboxylic acids and derivatives; Organonitrogen compounds; Organooxygen compounds; Fatty amides; Amino acids and derivatives; Hydroxamic acids; Monoalkylamines; Carboxylic acid amides; Carboxylic acid derivatives; N-acyl amines; Monocarboxylic acids and derivatives; N-acyl-alpha amino acids and derivatives; Primary carboxylic acid amides; Secondary carboxylic acid amides; Carbonyl compounds; Alpha amino acid amides; Amines; Primary amines; Fatty Acyls; Organic oxides; Hydrocarbon derivatives; Organopnictogen compounds; Organic oxygen compounds; Organic nitrogen compounds; Chemical entities"	417.247	335	5.587	839408736838918784	839408496886974208	839408496886974208	528	NA	528
1	"C28H47N5O6"	"[M + Na]+"	"C28H47N5NaO6+"	"Amino acids and Peptides"	0.994	"Oligopeptides"	0.979	"Linear peptides"	0.601	"Organic acids and derivatives"	0.999	"Carboxylic acids and derivatives"	0.998	"Amino acids, peptides, and analogues"	0.989	"Peptides"	0.805	"Peptides"	0.805	"Organic compounds; Lipids and lipid-like molecules; Amino acids, peptides, and analogues; Alpha amino acids and derivatives; Alcohols and polyols; Phenethylamines; Amphetamines and derivatives; Organic acids and derivatives; Carboxylic acids and derivatives; Organonitrogen compounds; Organooxygen compounds; Fatty amides; Amino acids and derivatives; Peptides; Carboxylic acid amides; Carboxylic acid derivatives; N-acyl amines; Monocarboxylic acids and derivatives; N-acyl-alpha amino acids and derivatives; Secondary alcohols; Primary carboxylic acid amides; Secondary carboxylic acid amides; Carbonyl compounds; Benzene and substituted derivatives; Alpha amino acid amides; Benzenoids; Fatty Acyls; Organic oxides; Hydrocarbon derivatives; Valine and derivatives; Organopnictogen compounds; Organic oxygen compounds; Organic nitrogen compounds; Chemical entities"	572.342	341	5.677	839408741532345216	839408496949888768	839408496949888768	530	NA	530
1	"C26H43N5O5"	"[M + Na]+"	"C26H43N5NaO5+"	"Amino acids and Peptides"	0.984	"Oligopeptides"	0.854	"Tripeptides"	0.348	"Organic acids and derivatives"	0.999	"Carboxylic acids and derivatives"	0.997	"Amino acids, peptides, and analogues"	0.967	"Peptides"	0.762	"Peptides"	0.762	"Organic compounds; Lipids and lipid-like molecules; Amino acids, peptides, and analogues; Alpha amino acids and derivatives; Organic acids and derivatives; Carboxylic acids and derivatives; Organonitrogen compounds; Organooxygen compounds; Fatty amides; Amino acids and derivatives; Peptides; Carboxylic acid amides; Carboxylic acid derivatives; N-acyl amines; N-acyl-alpha amino acids and derivatives; Primary carboxylic acid amides; Secondary carboxylic acid amides; Carbonyl compounds; Alpha amino acid amides; Fatty Acyls; Organic oxides; Hydrocarbon derivatives; Valine and derivatives; Organopnictogen compounds; Organic oxygen compounds; Organic nitrogen compounds; Chemical entities"	528.316	343	5.712	839408743197484032	839408496916334336	839408496916334336	529	NA	529
1	"C25H45N5O6"	"[M + Na]+"	"C25H45N5NaO6+"	"Amino acids and Peptides"	0.97	"Oligopeptides"	0.672	"Tripeptides"	0.454	"Organic acids and derivatives"	0.999	"Carboxylic acids and derivatives"	0.996	"Amino acids, peptides, and analogues"	0.989	"Peptides"	0.881	"Peptides"	0.881	"Organic compounds; Lipids and lipid-like molecules; Amino acids, peptides, and analogues; Alpha amino acids and derivatives; Fatty acids and conjugates; Organic acids and derivatives; Carboxylic acids and derivatives; Organonitrogen compounds; Organooxygen compounds; Fatty amides; Branched fatty acids; Amino acids and derivatives; Peptides; Carboxylic acid amides; Carboxylic acid derivatives; N-acyl amines; Monocarboxylic acids and derivatives; N-acyl-alpha amino acids and derivatives; Carboxylic acids; Secondary carboxylic acid amides; Carbonyl compounds; Alpha amino acid amides; Methyl-branched fatty acids; Fatty Acyls; Organic oxides; Hydrocarbon derivatives; Valine and derivatives; Organopnictogen compounds; Organic oxygen compounds; Organic nitrogen compounds; Chemical entities"	534.327	343	5.718	839408763141400448	839408496979248896	839408496979248896	531	NA	531
1	"C19H40O9"	"[M - H2O + H]+"	"C19H39O8+"	"Fatty acids"	0.931	"Fatty acyls"	0.726	"Fatty alcohols"	0.467	"Organic oxygen compounds"	0.998	"Organooxygen compounds"	0.997	"Carbohydrates and carbohydrate conjugates"	0.756	"Glycosyl compounds"	0.383	"O-glycosyl compounds"	0.568	"Organic compounds; Carbohydrates and carbohydrate conjugates; Lipids and lipid-like molecules; Alcohols and polyols; Ethers; Primary alcohols; Organooxygen compounds; Monosaccharides; Secondary alcohols; O-glycosyl compounds; Polyols; Fatty Acyls; Oxacyclic compounds; Hydrocarbon derivatives; Organic oxygen compounds; Chemical entities"	395.265	343	5.723	839408727468843136	839408497016997632	839408497016997632	532	NA	532
1	"C20H34N4O4"	"[M + Na]+"	"C20H34N4NaO4+"	"Amino acids and Peptides"	0.89	"Small peptides"	0.742	"Tripeptides"	0.175	"Organic acids and derivatives"	0.997	"Carboxylic acids and derivatives"	0.996	"Amino acids, peptides, and analogues"	0.898	"Amino acids and derivatives"	0.889	"N-acyl-alpha amino acids and derivatives"	0.648	"Organic compounds; Organoheterocyclic compounds; Lipids and lipid-like molecules; Amino acids, peptides, and analogues; Alpha amino acids and derivatives; Organic acids and derivatives; Carboxylic acids and derivatives; Organonitrogen compounds; Organooxygen compounds; Fatty amides; Amino acids and derivatives; Carboxylic acid amides; Carboxylic acid derivatives; N-acyl amines; N-acyl-alpha amino acids and derivatives; Secondary carboxylic acid amides; Carbonyl compounds; Alpha amino acid amides; Benzenoids; Fatty Acyls; Organic oxides; Azacyclic compounds; Heteroaromatic compounds; Hydrocarbon derivatives; Organopnictogen compounds; Organic oxygen compounds; Organic nitrogen compounds; Chemical entities"	417.247	343	5.723	839408765347604352	839408497084106496	839408497084106496	534	NA	534
1	"C10H22N2O4"	"[M + Na]+"	"C10H22N2NaO4+"	"Amino acids and Peptides"	0.949	"Small peptides"	0.977	"Aminoacids"	0.546	"Organic acids and derivatives"	1	"Carboxylic acids and derivatives"	0.999	"Amino acids, peptides, and analogues"	0.998	"Amino acids and derivatives"	0.998	"Carbamate esters"	0.903	"Organic compounds; Lipids and lipid-like molecules; Amino acids, peptides, and analogues; Alpha amino acids and derivatives; Fatty acids and conjugates; Organic acids and derivatives; Carboxylic acids and derivatives; Organonitrogen compounds; Carbamic acids and derivatives; Organooxygen compounds; Fatty acid esters; Branched fatty acids; Amino acids and derivatives; Organic carbonic acids and derivatives; Carboxylic acid derivatives; Monocarboxylic acids and derivatives; Carbamate esters; Carboxylic acids; Carbonyl compounds; Methyl-branched fatty acids; Fatty Acyls; Organic oxides; Hydrocarbon derivatives; Valine and derivatives; Organopnictogen compounds; Organic oxygen compounds; Organic nitrogen compounds; Chemical entities"	257.147	346	5.763	839408736167830016	839408497117660928	839408497117660928	535	NA	535
1	"C31H49N5O7"	"[M - H2O + H]+"	"C31H48N5O6+"	"Amino acids and Peptides"	0.984	"Oligopeptides"	0.97	"Cyclic peptides"	0.306	"Organic acids and derivatives"	0.999	"Carboxylic acids and derivatives"	0.997	"Amino acids, peptides, and analogues"	0.984	"Peptides"	0.748	"Peptides"	0.748	"Organic compounds; Organoheterocyclic compounds; Lipids and lipid-like molecules; Amino acids, peptides, and analogues; Alpha amino acids and derivatives; Alcohols and polyols; Phenethylamines; Amphetamines and derivatives; Organic acids and derivatives; Carboxylic acids and derivatives; Organonitrogen compounds; Organooxygen compounds; Fatty amides; Amino acids and derivatives; Peptides; Carboxylic acid amides; Carboxylic acid derivatives; N-acyl amines; Monocarboxylic acids and derivatives; N-acyl-alpha amino acids and derivatives; Secondary carboxylic acid amides; Tertiary carboxylic acid amides; Carbonyl compounds; Benzene and substituted derivatives; Alpha amino acid amides; Benzenoids; Fatty Acyls; Organic oxides; Azacyclic compounds; Hydrocarbon derivatives; Valine and derivatives; Organopnictogen compounds; Organic oxygen compounds; Organic nitrogen compounds; Chemical entities"	586.36	347	5.792	839408740055950080	839408497046357760	839408497046357760	533	NA	533
2	"C8H12Cl4N2O2S"	"[M + Na]+"	"C8H12Cl4N2NaO2S+"	"Alkaloids"	0.226	"Oligopeptides"	0.104	"Imidazole alkaloids"	0.073	"Organoheterocyclic compounds"	0.574	"Azacyclic compounds"	0.598	NA	NA	NA	NA	"Azacyclic compounds"	0.598	"Organic compounds; Organoheterocyclic compounds; Organosulfur compounds; Organic acids and derivatives; Organohalogen compounds; Organonitrogen compounds; Organooxygen compounds; Alkyl chlorides; Organochlorides; Alkyl halides; Sulfenyl compounds; Organic oxides; Azacyclic compounds; Hydrocarbon derivatives; Organopnictogen compounds; Organic oxygen compounds; Organic nitrogen compounds; Chemical entities"	362.926	351	5.842	839408733143736704	839408497365124864	839408497365124864	542	NA	542
4	"C15H11BrCl2N4O3S"	"[M + Na]+"	"C15H11BrCl2N4NaO3S+"	"Alkaloids"	0.497	"Proline alkaloids"	0.22	"Pyrrole alkaloids"	0.217	"Organic acids and derivatives"	0.828	"Carboxylic acids and derivatives"	0.82	"Amino acids, peptides, and analogues"	0.574	"Amino acids and derivatives"	0.574	"Alpha amino acids and derivatives"	0.593	"Organic compounds; Organoheterocyclic compounds; Organosulfur compounds; Amino acids, peptides, and analogues; Halobenzenes; Alpha amino acids and derivatives; Organic acids and derivatives; Carboxylic acids and derivatives; Organohalogen compounds; Organonitrogen compounds; Organooxygen compounds; Amino acids and derivatives; Azoles; Aryl bromides; Aryl chlorides; Chlorobenzenes; Monocarboxylic acids and derivatives; Organobromides; Organochlorides; Carbonyl compounds; Benzene and substituted derivatives; Benzenoids; Dichlorobenzenes; Aryl halides; Organic oxides; Azacyclic compounds; Heteroaromatic compounds; Hydrocarbon derivatives; Organopnictogen compounds; Organic oxygen compounds; Organic nitrogen compounds; Chemical entities"	498.901	351	5.842	839408747421148416	839408497302210304	839408497302210304	540	NA	540
1	"C5H11NO2"	"[M + Na]+"	"C5H11NNaO2+"	"Amino acids and Peptides"	0.322	"Fatty esters"	0.6	"Aminoacids"	0.364	"Organic acids and derivatives"	0.979	"Carboxylic acids and derivatives"	0.976	"Amino acids, peptides, and analogues"	0.677	"Amino acids and derivatives"	0.674	"Alpha amino acids and derivatives"	0.703	"Organic compounds; Amino acids, peptides, and analogues; Alpha amino acids and derivatives; Organic acids and derivatives; Carboxylic acids and derivatives; Organonitrogen compounds; Organooxygen compounds; Amino acids and derivatives; Acyl cholines; Quaternary ammonium salts; Carboxylic acid derivatives; Monocarboxylic acids and derivatives; Carboxylic acid esters; Carbonyl compounds; Amines; Organic cations; Organic salts; Organic oxides; Hydrocarbon derivatives; Tetraalkylammonium salts; Organopnictogen compounds; Organic oxygen compounds; Organic nitrogen compounds; Chemical entities"	140.068	351	5.843	839408727103938688	839408497268655872	839408497268655872	539	NA	539
1	"C32H52N6O6"	"[M + Na]+"	"C32H52N6NaO6+"	"Amino acids and Peptides"	0.983	"Oligopeptides"	0.996	"Microginins"	0.353	"Organic acids and derivatives"	1	"Carboxylic acids and derivatives"	0.999	"Amino acids, peptides, and analogues"	0.997	"Peptides"	0.655	"Peptides"	0.655	"Organic compounds; Organoheterocyclic compounds; Lipids and lipid-like molecules; Amino acids, peptides, and analogues; Alpha amino acids and derivatives; Phenethylamines; Amphetamines and derivatives; Pyrrolidines; Organic acids and derivatives; Carboxylic acids and derivatives; Organonitrogen compounds; Organooxygen compounds; Fatty amides; Amino acids and derivatives; Peptides; Carboxylic acid amides; Carboxylic acid derivatives; N-acyl amines; N-acyl-alpha amino acids and derivatives; Primary carboxylic acid amides; Secondary carboxylic acid amides; Tertiary carboxylic acid amides; Carbonyl compounds; Pyrrolidine carboxylic acids and derivatives; Pyrrolidinecarboxamides; Benzene and substituted derivatives; Alpha amino acid amides; Benzenoids; N-acylpyrrolidines; Fatty Acyls; Organic oxides; Azacyclic compounds; Hydrocarbon derivatives; Valine and derivatives; Proline and derivatives; Organopnictogen compounds; Organic oxygen compounds; Organic nitrogen compounds; Chemical entities"	639.385	351	5.85	839408778836486272	839408497155409664	839408497155409664	536	NA	536
1	"C11H25NO8"	"[M - H2O + H]+"	"C11H24NO7+"	"Fatty acids"	0.645	"Fatty amides"	0.552	"N-acyl amines"	0.861	"Organic acids and derivatives"	0.73	"Carboxylic acids and derivatives"	0.487	"Amino acids, peptides, and analogues"	0.358	"Amino acids and derivatives"	0.359	"Valine and derivatives"	0.705	"Organic compounds; Carbohydrates and carbohydrate conjugates; Lipids and lipid-like molecules; Alcohols and polyols; Ethers; Organic acids and derivatives; Organonitrogen compounds; Primary alcohols; Organooxygen compounds; Monosaccharides; Secondary alcohols; Polyols; Fatty Acyls; Hydrocarbon derivatives; Valine and derivatives; Organopnictogen compounds; Organic oxygen compounds; Organic nitrogen compounds; Chemical entities"	282.155	353	5.89	839408729557606656	839408497495148416	839408497495148416	546	NA	546
6	"C3H7O4P"	"[M + H3N + H]+"	"C3H11NO4P+"	"Fatty acids"	0.823	"Fatty Acids and Conjugates"	0.42	"Halogenated fatty acids"	0.063	"Organic acids and derivatives"	0.94	"Carboxylic acids and derivatives"	0.486	"Monocarboxylic acids and derivatives"	0.512	NA	NA	"Monocarboxylic acids and derivatives"	0.512	"Organic compounds; Organic acids and derivatives; Organooxygen compounds; Organophosphorus compounds; Monocarboxylic acids and derivatives; Carbonyl compounds; Organic oxides; Hydrocarbon derivatives; Organic oxygen compounds; Chemical entities"	156.042	355	5.916	839408733886128640	839408497558062976	839408497558062976	548	NA	548
1	"C10H22N2O4"	"[M + H]+"	"C10H23N2O4+"	"Amino acids and Peptides"	0.994	"Small peptides"	0.994	"Dipeptides"	0.874	"Organic acids and derivatives"	1	"Carboxylic acids and derivatives"	0.999	"Amino acids, peptides, and analogues"	0.989	"Peptides"	0.609	"Peptides"	0.609	"Organic compounds; Lipids and lipid-like molecules; Amino acids, peptides, and analogues; Alpha amino acids and derivatives; Alcohols and polyols; Fatty acids and conjugates; Organic acids and derivatives; Carboxylic acids and derivatives; Organonitrogen compounds; Organooxygen compounds; Fatty amides; Branched fatty acids; Amino acids and derivatives; Peptides; Monoalkylamines; Carboxylic acid amides; Carboxylic acid derivatives; N-acyl amines; Monocarboxylic acids and derivatives; N-acyl-alpha amino acids and derivatives; Carboxylic acids; Secondary carboxylic acid amides; Carbonyl compounds; Alpha amino acid amides; N-acyl-alpha amino acids; Amines; Primary amines; Methyl-branched fatty acids; Fatty Acyls; Organic oxides; Hydrocarbon derivatives; Amino acids; Valine and derivatives; Organopnictogen compounds; Organic oxygen compounds; Organic nitrogen compounds; Chemical entities"	235.165	358	5.959	839408736432071296	839408497620977536	839408497616783232	550	NA	550
1	"C17H36N6O4"	"[M + Na]+"	"C17H36N6NaO4+"	"Amino acids and Peptides"	0.972	"Small peptides"	0.936	"Tripeptides"	0.524	"Organic acids and derivatives"	0.998	"Carboxylic acids and derivatives"	0.996	"Amino acids, peptides, and analogues"	0.989	"Peptides"	0.952	"Oligopeptides"	0.549	"Organic compounds; Lipids and lipid-like molecules; Amino acids, peptides, and analogues; Alpha amino acids and derivatives; Alcohols and polyols; Fatty acids and conjugates; Organic acids and derivatives; Carboxylic acids and derivatives; Organonitrogen compounds; Organooxygen compounds; Fatty amides; Branched fatty acids; Hydroxy fatty acids; Amino acids and derivatives; Peptides; Monoalkylamines; Carboxylic acid amides; Carboxylic acid derivatives; N-acyl amines; Monocarboxylic acids and derivatives; N-acyl-alpha amino acids and derivatives; Carboxylic acids; Secondary carboxylic acid amides; Carbonyl compounds; Alpha amino acid amides; N-acyl-alpha amino acids; Amines; Primary amines; Fatty Acyls; Organic oxides; Hydrocarbon derivatives; Amino acids; Valine and derivatives; Organopnictogen compounds; Organic oxygen compounds; Organic nitrogen compounds; Dipeptides; Oligopeptides; Chemical entities"	411.268	358	5.969	839408736260104832	839408497587423104	839408497587423104	549	NA	549
1	"C31H49N5O7"	"[M - H2O + H]+"	"C31H48N5O6+"	"Amino acids and Peptides"	0.945	"Oligopeptides"	0.993	"Cyclic peptides"	0.228	"Organic acids and derivatives"	0.999	"Carboxylic acids and derivatives"	0.997	"Amino acids, peptides, and analogues"	0.967	"Peptides"	0.508	"Peptides"	0.508	"Organic compounds; Organoheterocyclic compounds; Lipids and lipid-like molecules; Amino acids, peptides, and analogues; Alpha amino acids and derivatives; Pyrrolidines; Organic acids and derivatives; Carboxylic acids and derivatives; Organonitrogen compounds; Organooxygen compounds; Fatty amides; Amino acids and derivatives; Peptides; Carboxylic acid amides; Carboxylic acid derivatives; N-acyl amines; Monocarboxylic acids and derivatives; N-acyl-alpha amino acids and derivatives; Secondary carboxylic acid amides; Tertiary carboxylic acid amides; Carbonyl compounds; Benzene and substituted derivatives; Alpha amino acid amides; Benzenoids; Fatty Acyls; Organic oxides; Azacyclic compounds; Hydrocarbon derivatives; Valine and derivatives; Organopnictogen compounds; Organic oxygen compounds; Organic nitrogen compounds; Chemical entities"	586.36	358	5.969	839408746078971136	839408497524508544	839408497524508544	547	NA	547
1	"C6H15NO5S"	"[M - H2O + H]+"	"C6H14NO4S+"	"Amino acids and Peptides"	0.86	"Small peptides"	0.721	"Aminoacids"	0.825	"Organic acids and derivatives"	0.99	"Organic sulfonic acids and derivatives"	0.849	"Organosulfonic acids and derivatives"	0.85	"Alkanesulfonic acids and derivatives"	0.942	"Alkanesulfonic acids"	0.933	"Organic compounds; Organosulfur compounds; Alcohols and polyols; Organic acids and derivatives; Organosulfonic acids and derivatives; Organonitrogen compounds; Organooxygen compounds; Sulfonyls; Organosulfonic acids; Amines; Alkanesulfonic acids and derivatives; Alkanesulfonic acids; Organic oxides; Hydrocarbon derivatives; Organic sulfonic acids and derivatives; Organopnictogen compounds; Organic oxygen compounds; Organic nitrogen compounds; Chemical entities"	196.064	362	6.042	839408779796982016	839408497746806656	839408497746806656	554	NA	554
1	"C6H14O6"	"[M + Na]+"	"C6H14NaO6+"	"Fatty acids"	0.956	"Fatty acyls"	0.98	"Fatty alcohols"	0.99	"Organic oxygen compounds"	1	"Organooxygen compounds"	0.999	"Carbohydrates and carbohydrate conjugates"	0.917	"Monosaccharides"	0.893	"Monosaccharides"	0.893	"Organic compounds; Carbohydrates and carbohydrate conjugates; Alcohols and polyols; Primary alcohols; Organooxygen compounds; Monosaccharides; Secondary alcohols; Sugar alcohols; Polyols; Hydrocarbon derivatives; Organic oxygen compounds; Chemical entities"	205.068	363	6.05	839408780858140928	839408497683892096	839408497683892096	552	NA	552
1	"C6H12O5"	"[M - H2O + H]+"	"C6H11O4+"	"Carbohydrates"	0.964	"Saccharides"	0.938	"Monosaccharides"	0.909	"Organic oxygen compounds"	1	"Organooxygen compounds"	1	"Carbohydrates and carbohydrate conjugates"	0.913	"Monosaccharides"	0.903	"Monosaccharides"	0.903	"Organic compounds; Carbohydrates and carbohydrate conjugates; Alcohols and polyols; Primary alcohols; Organooxygen compounds; Monosaccharides; Secondary alcohols; Short-chain aldehydes; Polyols; Organic oxides; Hydrocarbon derivatives; Organic oxygen compounds; Chemical entities"	147.065	363	6.057	839408742723527552	839408497813915520	839408497813915520	556	NA	556
1	"C6H10O4"	"[M - H2O + H]+"	"C6H9O3+"	"Fatty acids"	0.877	"Fatty Acids and Conjugates"	0.459	"Dicarboxylic acids"	0.317	"Organic oxygen compounds"	1	"Organooxygen compounds"	0.999	"Alcohols and polyols"	0.718	NA	NA	"Alcohols and polyols"	0.718	"Organic compounds; Alcohols and polyols; Organooxygen compounds; Carbonyl compounds; Organic oxides; Hydrocarbon derivatives; Organic oxygen compounds; Chemical entities"	129.055	363	6.057	839408782590388480	839408497780361088	839408497780361088	555	NA	555
1	"C6H14O6"	"[M + H]+"	"C6H15O6+"	"Fatty acids"	0.977	"Fatty acyls"	0.991	"Fatty alcohols"	0.996	"Organic oxygen compounds"	1	"Organooxygen compounds"	0.999	"Carbohydrates and carbohydrate conjugates"	0.929	"Monosaccharides"	0.904	"Monosaccharides"	0.904	"Organic compounds; Carbohydrates and carbohydrate conjugates; Alcohols and polyols; Primary alcohols; Organooxygen compounds; Monosaccharides; Secondary alcohols; Sugar alcohols; Polyols; Hydrocarbon derivatives; Organic oxygen compounds; Chemical entities"	183.086	363	6.057	839408728752300288	839408497876830080	839408497876830080	558	NA	558
1	"C6H14O6"	"[M - H2O + H]+"	"C6H13O5+"	"Fatty acids"	0.978	"Fatty acyls"	0.991	"Fatty alcohols"	0.996	"Organic oxygen compounds"	1	"Organooxygen compounds"	0.999	"Carbohydrates and carbohydrate conjugates"	0.931	"Monosaccharides"	0.905	"Monosaccharides"	0.905	"Organic compounds; Carbohydrates and carbohydrate conjugates; Alcohols and polyols; Primary alcohols; Organooxygen compounds; Monosaccharides; Secondary alcohols; Sugar alcohols; Polyols; Hydrocarbon derivatives; Organic oxygen compounds; Chemical entities"	165.076	363	6.057	839408737514201728	839408497843275648	839408497843275648	557	NA	557
1	"C26H45N5O6"	"[M - H2O + H]+"	"C26H44N5O5+"	"Amino acids and Peptides"	0.92	"Oligopeptides"	0.815	"Linear peptides"	0.432	"Organic acids and derivatives"	0.997	"Carboxylic acids and derivatives"	0.99	"Amino acids, peptides, and analogues"	0.938	"Peptides"	0.773	"Peptides"	0.773	"Organic compounds; Lipids and lipid-like molecules; Amino acids, peptides, and analogues; Alpha amino acids and derivatives; Alcohols and polyols; Organic acids and derivatives; Carboxylic acids and derivatives; Organonitrogen compounds; Organooxygen compounds; Fatty amides; Amino acids and derivatives; Peptides; Monoalkylamines; Carboxylic acid amides; Carboxylic acid derivatives; N-acyl amines; Monocarboxylic acids and derivatives; N-acyl-alpha amino acids and derivatives; Secondary carboxylic acid amides; Carbonyl compounds; Alpha amino acid amides; Primary amines; Fatty Acyls; Organic oxides; Hydrocarbon derivatives; Organopnictogen compounds; Organic oxygen compounds; Organic nitrogen compounds; Chemical entities"	506.334	364	6.069	839408736213967488	839408497910384512	839408497910384512	559	NA	559
3	"C12H20O7"	"[M + H3N + H]+"	"C12H24NO7+"	"Carbohydrates"	0.815	"Saccharides"	0.542	"Monosaccharides"	0.251	"Organic oxygen compounds"	1	"Organooxygen compounds"	1	"Carbohydrates and carbohydrate conjugates"	0.811	"Monosaccharides"	0.757	"Monosaccharides"	0.757	"Organic compounds; Organoheterocyclic compounds; Carbohydrates and carbohydrate conjugates; Lipids and lipid-like molecules; Alcohols and polyols; Ethers; Primary alcohols; Organooxygen compounds; Monosaccharides; Secondary alcohols; Oxanes; Polyols; Fatty Acyls; Oxacyclic compounds; Hydrocarbon derivatives; Organic oxygen compounds; Chemical entities"	294.155	364	6.07	839408783064344832	839408497943938944	839408497943938944	560	NA	560
4	"C4H5N5O4"	"[M + H3N + H]+"	"C4H9N6O4+"	"Alkaloids"	0.805	"Pseudoalkaloids (transamidation)"	0.904	"Purine alkaloids"	0.945	"Organoheterocyclic compounds"	0.959	"Azoles"	0.568	NA	NA	NA	NA	"Azoles"	0.568	"Organic compounds; Organoheterocyclic compounds; Organic acids and derivatives; Carboxylic acids and derivatives; Organonitrogen compounds; Organooxygen compounds; Azoles; Organic oxides; Azacyclic compounds; Heteroaromatic compounds; Hydrocarbon derivatives; Organopnictogen compounds; Organic oxygen compounds; Organic nitrogen compounds; Chemical entities"	205.068	364	6.071	839408741331018624	839408497977493376	839408497977493376	561	NA	561
1	"C10H22N2O4"	"[M + H]+"	"C10H23N2O4+"	"Amino acids and Peptides"	0.971	"Small peptides"	0.986	"Dipeptides"	0.588	"Organic acids and derivatives"	1	"Carboxylic acids and derivatives"	0.999	"Amino acids, peptides, and analogues"	0.995	"Amino acids and derivatives"	0.994	"Alpha amino acid esters"	0.525	"Organic compounds; Lipids and lipid-like molecules; Amino acids, peptides, and analogues; Alpha amino acids and derivatives; Fatty acids and conjugates; Organic acids and derivatives; Carboxylic acids and derivatives; Organonitrogen compounds; Organooxygen compounds; Fatty acid esters; Fatty amides; Branched fatty acids; Amino acids and derivatives; Alpha amino acid esters; Carboxylic acid amides; Carboxylic acid derivatives; N-acyl amines; Monocarboxylic acids and derivatives; N-acyl-alpha amino acids and derivatives; Carboxylic acids; Carboxylic acid esters; Secondary carboxylic acid amides; Carbonyl compounds; Methyl-branched fatty acids; Fatty Acyls; Organic oxides; Hydrocarbon derivatives; Valine and derivatives; Organopnictogen compounds; Organic oxygen compounds; Organic nitrogen compounds; Chemical entities"	235.165	366	6.104	839408741813363584	839408498019436416	839408498015242112	562	NA	562
1	"C17H36N6O4"	"[M + Na]+"	"C17H36N6NaO4+"	"Amino acids and Peptides"	0.812	"Small peptides"	0.691	"Dipeptides"	0.362	"Organic acids and derivatives"	0.974	"Carboxylic acids and derivatives"	0.948	"Amino acids, peptides, and analogues"	0.913	"Peptides"	0.578	"Peptides"	0.578	"Organic compounds; Lipids and lipid-like molecules; Amino acids, peptides, and analogues; Alpha amino acids and derivatives; Alcohols and polyols; Fatty acids and conjugates; Organic acids and derivatives; Carboxylic acids and derivatives; Organonitrogen compounds; Organooxygen compounds; Fatty amides; Amino acids and derivatives; Peptides; Monoalkylamines; Carboxylic acid amides; Carboxylic acid derivatives; N-acyl amines; Monocarboxylic acids and derivatives; N-acyl-alpha amino acids and derivatives; Secondary carboxylic acid amides; Carbonyl compounds; Alpha amino acid amides; Amines; Primary amines; Fatty Acyls; Organic oxides; Hydrocarbon derivatives; Organopnictogen compounds; Organic oxygen compounds; Organic nitrogen compounds; Chemical entities"	411.268	369	6.146	839408731969331584	839408498082350976	839408498082350976	564	NA	564
1	"C10H22N2O4"	"[M + Na]+"	"C10H22N2NaO4+"	"Amino acids and Peptides"	0.998	"Small peptides"	0.998	"Dipeptides"	0.799	"Organic acids and derivatives"	1	"Carboxylic acids and derivatives"	1	"Amino acids, peptides, and analogues"	0.997	"Peptides"	0.982	"Dipeptides"	0.697	"Organic compounds; Lipids and lipid-like molecules; Amino acids, peptides, and analogues; Alpha amino acids and derivatives; Alcohols and polyols; Fatty acids and conjugates; Organic acids and derivatives; Carboxylic acids and derivatives; Organonitrogen compounds; Organooxygen compounds; Fatty amides; Branched fatty acids; Hydroxy fatty acids; Amino acids and derivatives; Peptides; Monoalkylamines; Carboxylic acid amides; Carboxylic acid derivatives; N-acyl amines; Monocarboxylic acids and derivatives; N-acyl-alpha amino acids and derivatives; Carboxylic acids; Secondary alcohols; Secondary carboxylic acid amides; Carbonyl compounds; Alpha amino acid amides; N-acyl-alpha amino acids; Amines; Primary amines; Methyl-branched fatty acids; Fatty Acyls; Organic oxides; Hydrocarbon derivatives; Amino acids; Valine and derivatives; Organopnictogen compounds; Organic oxygen compounds; Organic nitrogen compounds; Dipeptides; Chemical entities"	257.147	371	6.185	839408743080043392	839408498048796544	839408498048796544	563	NA	563
1	"C12H24O11"	"[M + Na]+"	"C12H24NaO11+"	"Carbohydrates"	0.987	"Saccharides"	0.993	"Disaccharides"	0.944	"Organic oxygen compounds"	1	"Organooxygen compounds"	1	"Carbohydrates and carbohydrate conjugates"	0.997	"Disaccharides"	0.57	"Disaccharides"	0.57	"Organic compounds; Organoheterocyclic compounds; Carbohydrates and carbohydrate conjugates; Alcohols and polyols; Ethers; Primary alcohols; Organooxygen compounds; Disaccharides; Acetals; Secondary alcohols; Oxanes; Glycosyl compounds; O-glycosyl compounds; Polyols; Oxacyclic compounds; Hydrocarbon derivatives; Organic oxygen compounds; Chemical entities"	367.121	373	6.213	839408746997523712	839408498187208576	839408498187208576	567	NA	567
1	"C10H22N2O4"	"[M + Na]+"	"C10H22N2NaO4+"	"Amino acids and Peptides"	0.993	"Small peptides"	0.992	"Dipeptides"	0.735	"Organic acids and derivatives"	1	"Carboxylic acids and derivatives"	1	"Amino acids, peptides, and analogues"	0.995	"Peptides"	0.931	"Dipeptides"	0.624	"Organic compounds; Lipids and lipid-like molecules; Amino acids, peptides, and analogues; Alpha amino acids and derivatives; Fatty acids and conjugates; Organic acids and derivatives; Carboxylic acids and derivatives; Organonitrogen compounds; Organooxygen compounds; Fatty amides; Branched fatty acids; Amino acids and derivatives; Peptides; Monoalkylamines; Carboxylic acid amides; Carboxylic acid derivatives; N-acyl amines; Monocarboxylic acids and derivatives; N-acyl-alpha amino acids and derivatives; Carboxylic acids; Secondary carboxylic acid amides; Carbonyl compounds; Alpha amino acid amides; N-acyl-alpha amino acids; Methyl-branched fatty acids; Fatty Acyls; Organic oxides; Hydrocarbon derivatives; Amino acids; Valine and derivatives; Organopnictogen compounds; Organic oxygen compounds; Organic nitrogen compounds; Dipeptides; Chemical entities"	257.147	373	6.219	839408743830823936	839408498254317440	839408498254317440	569	NA	569
1	"C5H11NO2"	"[M + Na]+"	"C5H11NNaO2+"	"Amino acids and Peptides"	0.334	"Fatty esters"	0.64	"Aminoacids"	0.348	"Organic acids and derivatives"	0.982	"Carboxylic acids and derivatives"	0.978	"Amino acids, peptides, and analogues"	0.67	"Amino acids and derivatives"	0.666	"Alpha amino acids and derivatives"	0.702	"Organic compounds; Amino acids, peptides, and analogues; Alpha amino acids and derivatives; Organic acids and derivatives; Carboxylic acids and derivatives; Organonitrogen compounds; Organooxygen compounds; Amino acids and derivatives; Acyl cholines; Quaternary ammonium salts; Carboxylic acid derivatives; Monocarboxylic acids and derivatives; Carboxylic acid esters; Carbonyl compounds; Amines; Organic cations; Organic salts; Organic oxides; Hydrocarbon derivatives; Tetraalkylammonium salts; Organopnictogen compounds; Organic oxygen compounds; Organic nitrogen compounds; Chemical entities"	140.068	373	6.22	839408743545611264	839408498220763008	839408498220763008	568	NA	568
2	"C7H16N2O3S"	"[M + H]+"	"C7H17N2O3S+"	"Alkaloids"	0.347	"Small peptides"	0.168	"Imidazole alkaloids"	0.076	"Organic acids and derivatives"	0.902	"Organic sulfonic acids and derivatives"	0.835	"Organosulfonic acids and derivatives"	0.832	"Organosulfonamides"	0.533	"Organosulfonamides"	0.533	"Organic compounds; Organosulfur compounds; Organic acids and derivatives; Organosulfonic acids and derivatives; Organonitrogen compounds; Organooxygen compounds; Sulfonyls; Organosulfonamides; Amines; Organic oxides; Hydrocarbon derivatives; Organic sulfonic acids and derivatives; Organic sulfonamides; Organopnictogen compounds; Organic oxygen compounds; Organic nitrogen compounds; Chemical entities"	209.096	378	6.296	839408744346723456	839408498350786432	839408498350786432	572	NA	572
1	"C12H25BN2O6"	"[M + Na]+"	"C12H25BN2NaO6+"	"Amino acids and Peptides"	0.984	"Small peptides"	0.983	"Tripeptides"	0.354	"Organic acids and derivatives"	0.999	"Carboxylic acids and derivatives"	0.99	"Amino acids, peptides, and analogues"	0.984	"Peptides"	0.697	"Peptides"	0.697	"Organic compounds; Lipids and lipid-like molecules; Amino acids, peptides, and analogues; Alpha amino acids and derivatives; Fatty acids and conjugates; Organic acids and derivatives; Carboxylic acids and derivatives; Organonitrogen compounds; Organooxygen compounds; Fatty amides; Amino acids and derivatives; Peptides; Boronic acids; Organometallic compounds; Monoalkylamines; Carboxylic acid amides; Boronic acid derivatives; Carboxylic acid derivatives; N-acyl amines; Monocarboxylic acids and derivatives; N-acyl-alpha amino acids and derivatives; Carboxylic acids; Organometalloid compounds; Secondary carboxylic acid amides; Carbonyl compounds; Alpha amino acid amides; Amines; Primary amines; Organoboron compounds; Organic salts; Fatty Acyls; Organic oxides; Organic metalloid salts; Organic metal salts; Hydrocarbon derivatives; Amino acids; Valine and derivatives; Organopnictogen compounds; Alkylboranes; Monoalkylboranes; Organic oxygen compounds; Organic nitrogen compounds; Chemical entities"	326.174	378	6.301	839408745797952640	839408498384340864	839408498384340864	573	NA	573
2	"C34H52N6O7"	"[M - H2O + H]+"	"C34H51N6O6+"	"Amino acids and Peptides"	0.988	"Oligopeptides"	0.995	"Linear peptides"	0.563	"Organic acids and derivatives"	0.999	"Carboxylic acids and derivatives"	0.996	"Amino acids, peptides, and analogues"	0.981	"Peptides"	0.696	"Peptides"	0.696	"Organic compounds; Organoheterocyclic compounds; Lipids and lipid-like molecules; Amino acids, peptides, and analogues; Alpha amino acids and derivatives; Phenethylamines; Amphetamines and derivatives; Organic acids and derivatives; Carboxylic acids and derivatives; Organonitrogen compounds; Organooxygen compounds; Fatty amides; Amino acids and derivatives; Peptides; Carboxylic acid amides; Carboxylic acid derivatives; N-acyl amines; Monocarboxylic acids and derivatives; N-acyl-alpha amino acids and derivatives; Primary carboxylic acid amides; Secondary carboxylic acid amides; Tertiary carboxylic acid amides; Carbonyl compounds; Benzene and substituted derivatives; Alpha amino acid amides; Benzenoids; Fatty Acyls; Organic oxides; Azacyclic compounds; Hydrocarbon derivatives; Valine and derivatives; Phenylalanine and derivatives; Organopnictogen compounds; Organic oxygen compounds; Organic nitrogen compounds; Chemical entities"	639.385	382	6.364	839408789238360448	839408498417895296	839408498417895296	574	NA	574
1	"C13H22N4O6"	"[M + Na]+"	"C13H22N4NaO6+"	"Amino acids and Peptides"	0.976	"Small peptides"	0.953	"Tripeptides"	0.49	"Organic acids and derivatives"	0.996	"Carboxylic acids and derivatives"	0.991	"Amino acids, peptides, and analogues"	0.968	"Peptides"	0.857	"Peptides"	0.857	"Organic compounds; Lipids and lipid-like molecules; Amino acids, peptides, and analogues; Alpha amino acids and derivatives; Alcohols and polyols; Fatty acids and conjugates; Organic acids and derivatives; Carboxylic acids and derivatives; Organonitrogen compounds; Organooxygen compounds; Fatty amides; Branched fatty acids; Amino acids and derivatives; Peptides; Monoalkylamines; Carboxylic acid amides; Carboxylic acid derivatives; N-acyl amines; Monocarboxylic acids and derivatives; N-acyl-alpha amino acids and derivatives; Carboxylic acids; Secondary carboxylic acid amides; Carbonyl compounds; Alpha amino acid amides; N-acyl-alpha amino acids; Amines; Primary amines; Fatty Acyls; Organic oxides; Hydrocarbon derivatives; Amino acids; Valine and derivatives; Organopnictogen compounds; Organic oxygen compounds; Organic nitrogen compounds; Chemical entities"	353.142	384	6.405	839408793596242432	839408498451449728	839408498451449728	575	NA	575
1	"C5H11NO2"	"[M + K]+"	"C5H11KNO2+"	"Amino acids and Peptides"	0.964	"Small peptides"	0.972	"Aminoacids"	0.974	"Organic acids and derivatives"	0.989	"Carboxylic acids and derivatives"	0.981	"Amino acids, peptides, and analogues"	0.839	"Amino acids and derivatives"	0.838	"Alpha amino acids and derivatives"	0.657	"Organic compounds; Lipids and lipid-like molecules; Amino acids, peptides, and analogues; Alpha amino acids and derivatives; Organic acids and derivatives; Carboxylic acids and derivatives; Organonitrogen compounds; Organooxygen compounds; Amino acids and derivatives; Quaternary ammonium salts; Carboxylic acid derivatives; Monocarboxylic acids and derivatives; Carboxylic acids; Carbonyl compounds; Amines; Organic cations; Organic salts; Fatty Acyls; Organic oxides; Hydrocarbon derivatives; Tetraalkylammonium salts; Organopnictogen compounds; Organic oxygen compounds; Organic nitrogen compounds; Chemical entities"	156.042	385	6.421	839408794229582336	839408498615027712	839408498615027712	580	NA	580
1	"C6H14O6"	"[M + H]+"	"C6H15O6+"	"Fatty acids"	0.944	"Fatty acyls"	0.984	"Fatty alcohols"	0.993	"Organic oxygen compounds"	1	"Organooxygen compounds"	0.999	"Carbohydrates and carbohydrate conjugates"	0.922	"Monosaccharides"	0.888	"Monosaccharides"	0.888	"Organic compounds; Carbohydrates and carbohydrate conjugates; Alcohols and polyols; Primary alcohols; Organooxygen compounds; Monosaccharides; Secondary alcohols; Sugar alcohols; Polyols; Hydrocarbon derivatives; Organic oxygen compounds; Chemical entities"	183.086	386	6.429	839408737954603776	839408498485004288	839408498485004288	576	NA	576
1	"C18H31N5O9"	"[M + Na]+"	"C18H31N5NaO9+"	"Carbohydrates"	0.711	"Aminosugars and aminoglycosides"	0.526	"Aminoglycosides"	0.544	"Organic acids and derivatives"	0.762	"Carboxylic acids and derivatives"	0.539	"Amino acids, peptides, and analogues"	0.674	"Amino acids and derivatives"	0.663	"Alpha amino acids and derivatives"	0.54	"Organic compounds; Organoheterocyclic compounds; Carbohydrates and carbohydrate conjugates; Lipids and lipid-like molecules; Amino acids, peptides, and analogues; Alpha amino acids and derivatives; Alcohols and polyols; Organic acids and derivatives; Carboxylic acids and derivatives; Organonitrogen compounds; Organooxygen compounds; Amino acids and derivatives; Monoalkylamines; Monosaccharides; Acetals; Secondary alcohols; Carbonyl compounds; Amines; Primary amines; Organic oxides; Oxacyclic compounds; Hydrocarbon derivatives; Organopnictogen compounds; Organic oxygen compounds; Organic nitrogen compounds; Chemical entities"	484.2	386	6.429	839408768094873600	839408498518558720	839408498518558720	577	NA	577
2	"C12H24O11"	"[M + K]+"	"C12H24KO11+"	"Carbohydrates"	0.985	"Saccharides"	0.993	"Disaccharides"	0.96	"Organic oxygen compounds"	1	"Organooxygen compounds"	1	"Carbohydrates and carbohydrate conjugates"	0.998	"Disaccharides"	0.629	"Disaccharides"	0.629	"Organic compounds; Organoheterocyclic compounds; Carbohydrates and carbohydrate conjugates; Alcohols and polyols; Ethers; Primary alcohols; Organooxygen compounds; Disaccharides; Acetals; Secondary alcohols; Oxanes; Glycosyl compounds; O-glycosyl compounds; Polyols; Oxacyclic compounds; Hydrocarbon derivatives; Organic oxygen compounds; Chemical entities"	383.095	386	6.431	839408756866721408	839408498585667584	839408498585667584	579	NA	579
1	"C5H11NO2"	"[M + Na]+"	"C5H11NNaO2+"	"Amino acids and Peptides"	0.8	"Small peptides"	0.879	"Aminoacids"	0.836	"Organic acids and derivatives"	0.986	"Carboxylic acids and derivatives"	0.984	"Amino acids, peptides, and analogues"	0.888	"Amino acids and derivatives"	0.886	"Alpha amino acids and derivatives"	0.797	"Organic compounds; Amino acids, peptides, and analogues; Alpha amino acids and derivatives; Organic acids and derivatives; Carboxylic acids and derivatives; Organonitrogen compounds; Organooxygen compounds; Amino acids and derivatives; Quaternary ammonium salts; Carboxylic acid derivatives; Monocarboxylic acids and derivatives; Carboxylic acid esters; Carbonyl compounds; Amines; Methyl esters; Organic cations; Organic oxides; Hydrocarbon derivatives; Tetraalkylammonium salts; Organopnictogen compounds; Organic oxygen compounds; Organic nitrogen compounds; Chemical entities"	140.068	387	6.442	839408739615548160	839408498686330880	839408498686330880	582	NA	582
1	"C13H18N4O7"	"[M + Na]+"	"C13H18N4NaO7+"	"Carbohydrates"	0.976	"Nucleosides"	0.823	"Pyrimidine nucleosides"	0.763	"Organic oxygen compounds"	1	"Organooxygen compounds"	0.998	"Carbohydrates and carbohydrate conjugates"	0.987	"Monosaccharides"	0.939	"Hexoses"	0.602	"Organic compounds; Organoheterocyclic compounds; Carbohydrates and carbohydrate conjugates; Pyrimidines and pyrimidine derivatives; Alcohols and polyols; Lactams; Organic acids and derivatives; Organonitrogen compounds; Primary alcohols; Nucleosides, nucleotides, and analogues; Pyrimidones; Organooxygen compounds; Organic carbonic acids and derivatives; Ureas; Diazines; Hexoses; Monosaccharides; Secondary alcohols; Oxanes; Glycosyl compounds; Glycosylamines; Polyols; Vinylogous amides; Organic oxides; Azacyclic compounds; Oxacyclic compounds; Heteroaromatic compounds; Hydrocarbon derivatives; Organopnictogen compounds; Organic oxygen compounds; Organic nitrogen compounds; Chemical entities"	365.106	387	6.457	839408793772403200	839408498652776448	839408498652776448	581	NA	581
3	"C25H36O5"	"[M + H3N + H]+"	"C25H40NO5+"	"Terpenoids"	0.533	"Diterpenoids"	0.32	"Eremophilane sesquiterpenoids"	0.054	"Benzenoids"	0.547	NA	NA	NA	NA	NA	NA	"Benzenoids"	0.547	"Organic compounds; Lipids and lipid-like molecules; Ketones; Ethers; Organic acids and derivatives; Organooxygen compounds; Carbonyl compounds; Benzenoids; Cyclic ketones; Organic oxides; Hydrocarbon derivatives; Organic oxygen compounds; Chemical entities"	434.289	389	6.476	839408747513423104	839408498753439744	839408498753439744	584	NA	584
6	"C8H15FN2O4S"	"[M + Na]+"	"C8H15FN2NaO4S+"	"Amino acids and Peptides"	0.568	"Small peptides"	0.823	"Aminoacids"	0.665	"Organic acids and derivatives"	0.95	"Carboxylic acids and derivatives"	0.753	"Amino acids, peptides, and analogues"	0.758	"Amino acids and derivatives"	0.76	"Amino acids and derivatives"	0.76	"Organic compounds; Organosulfur compounds; Amino acids, peptides, and analogues; Organic acids and derivatives; Carboxylic acids and derivatives; Organohalogen compounds; Organonitrogen compounds; Organooxygen compounds; Amino acids and derivatives; Alkyl fluorides; Organofluorides; Carbonyl compounds; Alkyl halides; Sulfenyl compounds; Organic oxides; Hydrocarbon derivatives; Organopnictogen compounds; Organic oxygen compounds; Organic nitrogen compounds; Chemical entities"	277.062	389	6.476	839408749065315712	839408498875074560	839408498875074560	588	NA	588
6	"C26H33FN2O2"	"[M + H3N + H]+"	"C26H37FN3O2+"	"Alkaloids"	0.973	"Tyrosine alkaloids"	0.592	"Isoquinoline alkaloids"	0.415	"Benzenoids"	1	"Phenol ethers"	0.93	"Anisoles"	0.871	NA	NA	"Anisoles"	0.871	"Organic compounds; Organoheterocyclic compounds; Halobenzenes; Alkyl aryl ethers; Anisoles; Ethers; Organohalogen compounds; Organonitrogen compounds; Organooxygen compounds; Aryl fluorides; Fluorobenzenes; Organofluorides; Trialkylamines; Benzene and substituted derivatives; Phenol ethers; Benzenoids; Amines; Tertiary amines; Aryl halides; Aralkylamines; Methoxybenzenes; Azacyclic compounds; Hydrocarbon derivatives; Organopnictogen compounds; Organic oxygen compounds; Organic nitrogen compounds; Phenoxy compounds; Chemical entities"	442.286	389	6.483	839408745042977920	839408498812160000	839408498812160000	586	NA	586
1	"C8H18N2O4S"	"[M + Na]+"	"C8H18N2NaO4S+"	"Alkaloids"	0.086	"Small peptides"	0.005	"Sphingoid bases"	0.028	"Organoheterocyclic compounds"	0.978	"Diazinanes"	0.996	"Piperazines"	0.997	"N-alkylpiperazines"	0.997	"N-alkylpiperazines"	0.997	"Organic compounds; Organoheterocyclic compounds; Organosulfur compounds; Alcohols and polyols; Piperazines; Organic acids and derivatives; Organosulfonic acids and derivatives; Organonitrogen compounds; Primary alcohols; Organooxygen compounds; Sulfonyls; Organosulfonic acids; 1,2-aminoalcohols; Trialkylamines; Diazinanes; Amines; Tertiary amines; Alkanolamines; Alkanesulfonic acids and derivatives; Alkanesulfonic acids; N-alkylpiperazines; Organic oxides; Azacyclic compounds; Hydrocarbon derivatives; Organic sulfonic acids and derivatives; Organopnictogen compounds; Organic oxygen compounds; Organic nitrogen compounds; Chemical entities"	261.088	389	6.49	839408743344284672	839408498946377728	839408498946377728	590	NA	590
4	"C24H24N6O3S2"	"[M + Na]+"	"C24H24N6NaO3S2+"	"Amino acids and Peptides"	0.989	"Oligopeptides"	0.949	"Cyclamides"	0.793	"Benzenoids"	0.92	"Benzene and substituted derivatives"	0.787	NA	NA	NA	NA	"Benzene and substituted derivatives"	0.787	"Organic compounds; Organoheterocyclic compounds; Organosulfur compounds; Thiazoles; Organic acids and derivatives; Carboxylic acids and derivatives; Organonitrogen compounds; Organooxygen compounds; Azoles; Carboxylic acid amides; Carboxylic acid derivatives; Secondary carboxylic acid amides; Benzene and substituted derivatives; Benzenoids; Organic oxides; Azacyclic compounds; Heteroaromatic compounds; Hydrocarbon derivatives; Organopnictogen compounds; Organic oxygen compounds; Organic nitrogen compounds; Chemical entities"	531.124	390	6.492	839408804253969152	839408498845714432	839408498845714432	587	NA	587
4	"C14H27O7P"	"[M + H3N + H]+"	"C14H31NO7P+"	"Fatty acids"	0.897	"Glycerophospholipids"	0.981	"Glycerophosphates"	0.817	"Organic acids and derivatives"	0.997	"Organic phosphoric acids and derivatives"	0.902	"Phosphate esters"	0.846	"Alkyl phosphates"	0.843	"Monoalkyl phosphates"	0.514	"Organic compounds; Lipids and lipid-like molecules; Organic acids and derivatives; Carboxylic acids and derivatives; Organooxygen compounds; Organic phosphoric acids and derivatives; Phosphate esters; Carboxylic acid derivatives; Monocarboxylic acids and derivatives; Carboxylic acid esters; Alkyl phosphates; Monoalkyl phosphates; Organic oxides; Hydrocarbon derivatives; Organic oxygen compounds; Chemical entities"	356.185	390	6.494	839408785136331136	839408498984126464	839408498984126464	591	NA	591
3	"C29H23NO6"	"[M + H3N + H]+"	"C29H27N2O6+"	"Alkaloids"	0.423	"Tyrosine alkaloids"	0.771	"Isoquinoline alkaloids"	0.09	"Benzenoids"	0.998	"Phenol ethers"	0.664	"Anisoles"	0.545	NA	NA	"Anisoles"	0.545	"Organic compounds; Alkyl aryl ethers; Anisoles; Ethers; Organic acids and derivatives; Carboxylic acids and derivatives; Organonitrogen compounds; Organooxygen compounds; Carboxylic acid amides; Carboxylic acid derivatives; Secondary carboxylic acid amides; Carbonyl compounds; Benzene and substituted derivatives; Phenol ethers; Benzenoids; Organic oxides; Hydrocarbon derivatives; Organopnictogen compounds; Organic oxygen compounds; Organic nitrogen compounds; Phenoxy compounds; Chemical entities"	499.187	390	6.494	839408808758651648	839408499017680896	839408499013486592	592	NA	592
3	"C18H18O2"	"[M + H3N + H]+"	"C18H22NO2+"	"Shikimates and Phenylpropanoids"	0.976	"Flavonoids"	0.561	"Neolignans"	0.36	"Organic oxygen compounds"	0.999	"Organooxygen compounds"	0.999	"Ethers"	0.591	"Alkyl aryl ethers"	0.544	"Alkyl aryl ethers"	0.544	"Organic compounds; Alkyl aryl ethers; Ethers; Phenylpropanoids and polyketides; Organooxygen compounds; Benzene and substituted derivatives; Benzenoids; Organic oxides; Hydrocarbon derivatives; Organic oxygen compounds; Chemical entities"	284.164	390	6.495	839408745068143744	839408499080595456	839408499080595456	594	NA	594
3	"C32H48O19"	"[M + H]+"	"C32H49O19+"	"Terpenoids"	0.942	"Monoterpenoids"	0.967	"Secoiridoid monoterpenoids"	0.856	"Lipids and lipid-like molecules"	0.878	"Prenol lipids"	0.714	"Terpene glycosides"	0.709	NA	NA	"Terpene glycosides"	0.709	"Organic compounds; Organoheterocyclic compounds; Carbohydrates and carbohydrate conjugates; Lipids and lipid-like molecules; Alcohols and polyols; Ethers; Prenol lipids; Organic acids and derivatives; Carboxylic acids and derivatives; Primary alcohols; Organooxygen compounds; Carboxylic acid derivatives; Carboxylic acid esters; Monosaccharides; Monoterpenoids; Iridoids and derivatives; Acetals; Secondary alcohols; Carbonyl compounds; Oxanes; Terpene glycosides; Glycosyl compounds; O-glycosyl compounds; Polyols; Benzenoids; Enoate esters; Alpha,beta-unsaturated carboxylic esters; Vinylogous esters; Organic oxides; Oxacyclic compounds; Hydrocarbon derivatives; Organic oxygen compounds; Chemical entities"	737.285	390	6.496	839409036563887104	839408499051235328	839408499051235328	593	NA	593
1	"C48H42O6"	"[M + K]+"	"C48H42KO6+"	"Terpenoids"	0.723	"Carotenoids (C40)"	0.633	"Selaginellins"	0.314	"Benzenoids"	0.992	"Benzene and substituted derivatives"	0.81	NA	NA	NA	NA	"Benzene and substituted derivatives"	0.81	"Organic compounds; Lipids and lipid-like molecules; Ketones; Prenol lipids; Organic acids and derivatives; Organooxygen compounds; Carbonyl compounds; Benzene and substituted derivatives; Benzenoids; Organic oxides; Hydrocarbon derivatives; Organic oxygen compounds; Chemical entities"	753.259	390	6.506	839408754622768640	839408498912823296	839408498912823296	589	NA	589
1	"C6H12ClN3O4S"	"[M - H2O + H]+"	"C6H11ClN3O3S+"	"Alkaloids"	0.484	"Histidine alkaloids"	0.051	"Imidazole alkaloids"	0.052	"Organic acids and derivatives"	0.993	"Organic carbonic acids and derivatives"	0.272	"Ureas"	0.234	"Nitrosoureas"	0.605	"Nitrosoureas"	0.605	"Organic compounds; Organosulfur compounds; Semicarbazides; Organic acids and derivatives; Organohalogen compounds; Organosulfonic acids and derivatives; Organonitrogen compounds; Organooxygen compounds; Organic sulfuric acids and derivatives; Alkyl chlorides; Sulfonyls; Nitrosoureas; Organochlorides; Alkyl halides; Organic oxides; Hydrocarbon derivatives; Organic sulfonic acids and derivatives; Organopnictogen compounds; Organic oxygen compounds; Organic nitrogen compounds; Organic N-nitroso compounds; Chemical entities"	240.02	392	6.527	839408751774836096	839408499948816512	839408499948816512	617	NA	617
4	"C9H9N3OS2"	"[M + H]+"	"C9H10N3OS2+"	"Amino acids and Peptides"	0.563	"Oligopeptides"	0.017	"Cyclamides"	0.028	"Organoheterocyclic compounds"	0.967	"Azoles"	0.842	"Thiazoles"	0.524	NA	NA	"Thiazoles"	0.524	"Organic compounds; Organoheterocyclic compounds; Organosulfur compounds; Thiazoles; Thiophenes; Organic acids and derivatives; Carboxylic acids and derivatives; Organonitrogen compounds; Organooxygen compounds; Azoles; Organic oxides; Azacyclic compounds; Heteroaromatic compounds; Hydrocarbon derivatives; Organopnictogen compounds; Organic oxygen compounds; Organic nitrogen compounds; Chemical entities"	240.026	392	6.529	839408798256114304	839408500435355776	839408500435355776	631	NA	631
1	"C8H15NO4S"	"[M + H3N + H]+"	"C8H19N2O4S+"	"Alkaloids"	0.152	"Monoterpenoids"	0.01	"Aminoacids"	0.009	"Organic acids and derivatives"	0.944	"Organic sulfonic acids and derivatives"	0.984	"Organosulfonic acids and derivatives"	0.984	"Alkanesulfonic acids and derivatives"	0.977	"Alkanesulfonic acids"	0.965	"Organic compounds; Organoheterocyclic compounds; Organosulfur compounds; Organic acids and derivatives; Organosulfonic acids and derivatives; Organonitrogen compounds; Organooxygen compounds; Sulfonyls; Organosulfonic acids; 1,2-aminoalcohols; Trialkylamines; Amines; Tertiary amines; Alkanolamines; Alkanesulfonic acids and derivatives; Alkanesulfonic acids; Organic oxides; Azacyclic compounds; Oxacyclic compounds; Hydrocarbon derivatives; Organic sulfonic acids and derivatives; Organopnictogen compounds; Organic oxygen compounds; Organic nitrogen compounds; Chemical entities"	239.106	392	6.531	839408751300879744	839408499328059392	839408499323865088	600	NA	600
2	"C7H17N5OS"	"[M + Na]+"	"C7H17N5NaOS+"	"Alkaloids"	0.497	"Histidine alkaloids"	0.03	"Imidazole alkaloids"	0.031	"Organoheterocyclic compounds"	0.989	"Oxazinanes"	0.74	"Morpholines"	0.745	NA	NA	"Morpholines"	0.745	"Organic compounds; Organoheterocyclic compounds; Organosulfur compounds; Triazines; Oxazinanes; Alcohols and polyols; Ethers; Organonitrogen compounds; Primary alcohols; Organooxygen compounds; Morpholines; Dialkyl ethers; Trialkylamines; Amines; Tertiary amines; Alkanolamines; Azacyclic compounds; Oxacyclic compounds; Heteroaromatic compounds; Hydrocarbon derivatives; Organopnictogen compounds; Organic oxygen compounds; Organic nitrogen compounds; Chemical entities"	242.104	392	6.531	839408772368869376	839408499290310656	839408499290310656	599	NA	599
1	"C6H12ClN3O4S"	"[M - H2O + H]+"	"C6H11ClN3O3S+"	"Alkaloids"	0.489	"Histidine alkaloids"	0.054	"Imidazole alkaloids"	0.055	"Organic acids and derivatives"	0.993	"Organic carbonic acids and derivatives"	0.267	"Ureas"	0.231	"Nitrosoureas"	0.61	"Nitrosoureas"	0.61	"Organic compounds; Organosulfur compounds; Semicarbazides; Organic acids and derivatives; Organohalogen compounds; Organosulfonic acids and derivatives; Organonitrogen compounds; Organooxygen compounds; Organic sulfuric acids and derivatives; Alkyl chlorides; Sulfonyls; Nitrosoureas; Organochlorides; Alkyl halides; Organic oxides; Hydrocarbon derivatives; Organic sulfonic acids and derivatives; Organopnictogen compounds; Organic oxygen compounds; Organic nitrogen compounds; Organic N-nitroso compounds; Chemical entities"	240.021	392	6.531	839408751237965184	839408499147704320	839408499147704320	596	NA	596
1	"C12H20BNO2"	"[M + H3N + H]+"	"C12H24BN2O2+"	"Terpenoids"	0.183	"Monoterpenoids"	0.368	"Pinane monoterpenoids"	0.347	"Organic nitrogen compounds"	0.96	"Organonitrogen compounds"	0.96	"Amines"	0.707	"Tertiary amines"	0.732	"Trialkylamines"	0.713	"Organic compounds; Organoheterocyclic compounds; Ethers; Organic acids and derivatives; Organonitrogen compounds; Organooxygen compounds; Organometallic compounds; Organometalloid compounds; Trialkylamines; Amines; Tertiary amines; Organoboron compounds; Organic salts; Organic metalloid salts; Organic metal salts; Azacyclic compounds; Oxacyclic compounds; Hydrocarbon derivatives; Alkylboranes; Organic oxygen compounds; Organic nitrogen compounds; Chemical entities"	238.197	392	6.532	839408753016350208	839408499181258752	839408499181258752	597	NA	597
1	"C55H66N6O15"	"[M + Na]+"	"C55H66N6NaO15+"	"Amino acids and Peptides"	0.802	"Oligopeptides"	0.998	"Depsipeptides"	0.258	"Organic acids and derivatives"	1	"Peptidomimetics"	0.715	"Depsipeptides"	0.768	"Cyclic depsipeptides"	0.755	"Cyclic depsipeptides"	0.755	"Organic compounds; Organoheterocyclic compounds; Lipids and lipid-like molecules; Amino acids, peptides, and analogues; Lactones; Alpha amino acids and derivatives; Macrolactams; Alcohols and polyols; Lactams; Pyrrolidines; Phenylpropanoids and polyketides; Organic acids and derivatives; Carboxylic acids and derivatives; Organonitrogen compounds; Organooxygen compounds; Fatty amides; Amino acids and derivatives; Alpha amino acid esters; Carboxylic acid amides; Carboxylic acid derivatives; N-acyl amines; N-acyl-alpha amino acids and derivatives; Carboxylic acid esters; Secondary carboxylic acid amides; Tertiary carboxylic acid amides; Peptidomimetics; Carbonyl compounds; Macrolide lactams; Depsipeptides; Cyclic depsipeptides; Benzene and substituted derivatives; Benzenoids; Fatty Acyls; Organic oxides; Azacyclic compounds; Oxacyclic compounds; Hydrocarbon derivatives; Organopnictogen compounds; Organic oxygen compounds; Organic nitrogen compounds; Chemical entities"	1073.451	392	6.532	839409509584912128	839408499428722688	839408499428722688	603	NA	603
1	"C51H59N3O15"	"[M + H]+"	"C51H60N3O15+"	"Polyketides"	0.768	"Macrolides"	0.875	"Ansa macrolides"	0.597	"Phenylpropanoids and polyketides"	0.582	"Macrolactams"	0.606	NA	NA	NA	NA	"Macrolactams"	0.606	"Organic compounds; Organoheterocyclic compounds; Macrolactams; Ketones; Alcohols and polyols; Ethers; Phenylpropanoids and polyketides; Organic acids and derivatives; Carboxylic acids and derivatives; Organonitrogen compounds; Organooxygen compounds; Carboxylic acid amides; Carboxylic acid derivatives; Carboxylic acid esters; Secondary alcohols; Secondary carboxylic acid amides; Carbonyl compounds; Benzene and substituted derivatives; Benzenoids; Organic oxides; Azacyclic compounds; Oxacyclic compounds; Hydrocarbon derivatives; Organopnictogen compounds; Organic oxygen compounds; Organic nitrogen compounds; Chemical entities"	954.403	392	6.532	839409170248939520	839408500221446272	839408500221446272	625	NA	625
4	"C20H30N8O5S"	"[M - H2O + H]+"	"C20H29N8O4S+"	"Amino acids and Peptides"	0.156	"Oligopeptides"	0.054	"Cyclamides"	0.197	"Organic nitrogen compounds"	1	"Organonitrogen compounds"	0.999	"Amines"	0.973	"Tertiary amines"	0.909	"Dialkylarylamines"	0.523	"Organic compounds; Organoheterocyclic compounds; Organosulfur compounds; Piperazines; Ethers; Organic acids and derivatives; Organosulfonic acids and derivatives; Organonitrogen compounds; Primary alcohols; Organooxygen compounds; Morpholines; Azoles; Sulfonyls; Dialkyl ethers; Organosulfonamides; Trialkylamines; Benzene and substituted derivatives; Diazinanes; Benzenoids; Amines; Tertiary amines; Tertiary alkylarylamines; N-alkylpiperazines; Dialkylarylamines; Organic oxides; Azacyclic compounds; Oxacyclic compounds; Heteroaromatic compounds; Hydrocarbon derivatives; Organic sulfonic acids and derivatives; Organic sulfonamides; Organopnictogen compounds; Organic oxygen compounds; Organic nitrogen compounds; Chemical entities"	477.204	392	6.533	839408761111357184	839408499575523328	839408499575523328	607	NA	607
1	"C75H76O11"	"[M + K]+"	"C75H76KO11+"	"Terpenoids"	0.962	"Carotenoids (C40)"	0.958	"Carotenoids (C40, β-β)"	0.82	"Lipids and lipid-like molecules"	0.913	"Prenol lipids"	0.852	"Tetraterpenoids"	0.584	"Carotenoids"	0.567	"Xanthophylls"	0.596	"Organic compounds; Lipids and lipid-like molecules; Alcohols and polyols; Ethers; Prenol lipids; Organooxygen compounds; Carotenoids; Xanthophylls; Tetraterpenoids; Secondary alcohols; Carbonyl compounds; Organic oxides; Hydrocarbon derivatives; Organic oxygen compounds; Chemical entities"	1191.5	392	6.533	839408798960757376	839408499651020928	839408499651020928	609	NA	609
16	"C76H74O14"	"[M - H2O + H]+"	"C76H73O13+"	"Polyketides"	0.922	"Macrolides"	0.793	"Spirotetronate macrolides"	0.438	"Lipids and lipid-like molecules"	0.566	NA	NA	NA	NA	NA	NA	"Lipids and lipid-like molecules"	0.566	"Organic compounds; Organoheterocyclic compounds; Lipids and lipid-like molecules; Alcohols and polyols; Ethers; Organic acids and derivatives; Carboxylic acids and derivatives; Organooxygen compounds; Carboxylic acid derivatives; Carboxylic acid esters; Secondary alcohols; Carbonyl compounds; Oxanes; Organic oxides; Oxacyclic compounds; Hydrocarbon derivatives; Organic oxygen compounds; Chemical entities"	1193.5	392	6.533	839408889993932672	839408499726518400	839408499726518400	611	NA	611
6	"C32H47N3O10S2"	"[M + H3N + H]+"	"C32H51N4O10S2+"	"Amino acids and Peptides"	0.81	"Oligopeptides"	0.978	"Depsipeptides"	0.243	"Organic acids and derivatives"	0.997	"Carboxylic acids and derivatives"	0.99	"Amino acids, peptides, and analogues"	0.788	"Amino acids and derivatives"	0.77	"Alpha amino acids and derivatives"	0.697	"Organic compounds; Organoheterocyclic compounds; Organosulfur compounds; Lipids and lipid-like molecules; Amino acids, peptides, and analogues; Lactones; Alpha amino acids and derivatives; Thiazoles; Alcohols and polyols; Organic acids and derivatives; Carboxylic acids and derivatives; Organonitrogen compounds; Organooxygen compounds; Amino acids and derivatives; Azoles; Carboxylic acid amides; Carboxylic acid derivatives; Carboxylic acid esters; Secondary alcohols; Secondary carboxylic acid amides; Carbonyl compounds; Thiazolecarboxylic acids and derivatives; 2,4-disubstituted thiazoles; Fatty Acyls; Organic oxides; Azacyclic compounds; Oxacyclic compounds; Hydrocarbon derivatives; Organopnictogen compounds; Organic oxygen compounds; Organic nitrogen compounds; Chemical entities"	715.303	392	6.534	839408759634962176	839408499764267136	839408499764267136	612	NA	612
6	"C44H57N9O10S2"	"[M + H3N + H]+"	"C44H61N10O10S2+"	"Amino acids and Peptides"	0.949	"Oligopeptides"	1	"Linear peptides"	0.596	"Organic acids and derivatives"	0.999	"Carboxylic acids and derivatives"	0.994	"Amino acids, peptides, and analogues"	0.995	"Peptides"	0.788	"Peptides"	0.788	"Organic compounds; Organoheterocyclic compounds; Organosulfur compounds; Lipids and lipid-like molecules; Amino acids, peptides, and analogues; Alpha amino acids and derivatives; Macrolactams; Lactams; Phenethylamines; Amphetamines and derivatives; Phenylpropanoids and polyketides; Organic acids and derivatives; Carboxylic acids and derivatives; Organonitrogen compounds; Organooxygen compounds; Fatty amides; Amino acids and derivatives; Peptides; Monoalkylamines; Carboxylic acid amides; Carboxylic acid derivatives; N-acyl amines; Monocarboxylic acids and derivatives; N-acyl-alpha amino acids and derivatives; Carboxylic acids; Secondary carboxylic acid amides; Tertiary carboxylic acid amides; Carbonyl compounds; Benzene and substituted derivatives; Alpha amino acid amides; Benzenoids; Amines; Primary amines; Dialkylthioethers; Fatty Acyls; Organic oxides; Azacyclic compounds; Hydrocarbon derivatives; Organopnictogen compounds; Organic oxygen compounds; Organic nitrogen compounds; Chemical entities"	953.401	392	6.534	839408771471288320	839408499806210176	839408499806210176	613	NA	613
3	"C63H63N5O10"	"[M + Na]+"	"C63H63N5NaO10+"	"Amino acids and Peptides"	0.639	"Oligopeptides"	0.994	"Depsipeptides"	0.383	"Organic acids and derivatives"	0.998	"Carboxylic acids and derivatives"	0.993	"Amino acids, peptides, and analogues"	0.981	"Amino acids and derivatives"	0.976	"Phenylalanine and derivatives"	0.549	"Organic compounds; Organoheterocyclic compounds; Lipids and lipid-like molecules; Amino acids, peptides, and analogues; Alpha amino acids and derivatives; Alkyl aryl ethers; Anisoles; Phenethylamines; Amphetamines and derivatives; Pyrrolidines; Ethers; Phenylpropanoids and polyketides; Organic acids and derivatives; Carboxylic acids and derivatives; Organonitrogen compounds; Organooxygen compounds; Fatty amides; Amino acids and derivatives; Carboxylic acid amides; Carboxylic acid derivatives; N-acyl amines; Monocarboxylic acids and derivatives; N-acyl-alpha amino acids and derivatives; Carboxylic acid esters; Secondary carboxylic acid amides; Tertiary carboxylic acid amides; Carbonyl compounds; Benzene and substituted derivatives; Alpha amino acid amides; Phenol ethers; Benzenoids; Fatty Acyls; Organic oxides; Methoxybenzenes; Azacyclic compounds; Hydrocarbon derivatives; Phenylalanine and derivatives; Organopnictogen compounds; Organic oxygen compounds; Organic nitrogen compounds; Phenoxy compounds; Chemical entities"	1072.45	392	6.534	839408893059969024	839408499843958912	839408499843958912	614	NA	614
2	"C68H80N2O23"	"[M + H3N + H]+"	"C68H84N3O23+"	"Fatty acids"	0.323	"Spingolipids"	0.551	"Neutral glycosphingolipids"	0.266	"Lipids and lipid-like molecules"	0.953	"Sphingolipids"	0.763	"Glycosphingolipids"	0.76	"Neutral glycosphingolipids"	0.762	"Glycosyl-N-acylsphingosines"	0.766	"Organic compounds; Organoheterocyclic compounds; Carbohydrates and carbohydrate conjugates; Lipids and lipid-like molecules; Pyrans; Alcohols and polyols; Oligosaccharides; Sugar acids and derivatives; Ethers; Sphingolipids; Organic acids and derivatives; Carboxylic acids and derivatives; Organonitrogen compounds; Primary alcohols; Organooxygen compounds; Fatty amides; Glucuronides; Carboxylic acid amides; Carboxylic acid derivatives; N-acyl amines; Carboxylic acids; Neuraminic acids and derivatives; Sugar amino acids and derivatives; Neutral glycosphingolipids; Simple glycosylceramides; Acetals; Secondary alcohols; Secondary carboxylic acid amides; Pyranoid amino acids and derivatives; Fatty acyl glycosides; Carbonyl compounds; Oxanes; Glucuronic acid derivatives; Glycosyl compounds; Alkyl glycosides; C-glycosyl compounds; O-glycosyl compounds; N-acyl-alpha-hexosamines; Polyols; C-glucuronides; Neuraminic acids; Glycosphingolipids; Aminosaccharides; Fatty Acyls; Acetamides; Organic oxides; Oxacyclic compounds; Hydrocarbon derivatives; Glycosyl-N-acylsphingosines; Ketals; Organopnictogen compounds; Organic oxygen compounds; Organic nitrogen compounds; Chemical entities"	1310.549	392	6.534	839408813305277312	839408500192086144	839408500192086144	624	NA	624
4	"C58H60O11"	"[M + Na]+"	"C58H60NaO11+"	"Terpenoids"	0.532	"Macrolides"	0.263	"Spirotetronate macrolides"	0.13	"Benzenoids"	0.825	"Benzene and substituted derivatives"	0.536	NA	NA	NA	NA	"Benzene and substituted derivatives"	0.536	"Organic compounds; Organoheterocyclic compounds; Lipids and lipid-like molecules; Alcohols and polyols; Ethers; Organic acids and derivatives; Carboxylic acids and derivatives; Organooxygen compounds; Secondary alcohols; Carbonyl compounds; Benzene and substituted derivatives; Benzenoids; Organic oxides; Oxacyclic compounds; Hydrocarbon derivatives; Organic oxygen compounds; Chemical entities"	955.4	392	6.534	839408792073709952	839408500120782976	839408500120782976	622	NA	622
6	"C6H6O7S"	"[M + H3N + H]+"	"C6H10NO7S+"	"Fatty acids"	0.196	"Phenolic acids (C6-C1)"	0.2	"Simple phenolic acids"	0.276	"Organic acids and derivatives"	0.978	"Carboxylic acids and derivatives"	0.58	NA	NA	NA	NA	"Carboxylic acids and derivatives"	0.58	"Organic compounds; Organic acids and derivatives; Carboxylic acids and derivatives; Organooxygen compounds; Carbonyl compounds; Organic oxides; Hydrocarbon derivatives; Organic oxygen compounds; Chemical entities"	240.019	392	6.535	839409179052783744	839408500259195008	839408500259195008	626	NA	626
6	"C43H54N8O16"	"[M + H3N + H]+"	"C43H58N9O16+"	"Amino acids and Peptides"	0.956	"Oligopeptides"	0.995	"Cyclic peptides"	0.731	"Organic acids and derivatives"	0.999	"Carboxylic acids and derivatives"	0.995	"Amino acids, peptides, and analogues"	0.98	"Peptides"	0.851	"Oligopeptides"	0.701	"Organic compounds; Organoheterocyclic compounds; Lipids and lipid-like molecules; Amino acids, peptides, and analogues; Alpha amino acids and derivatives; Alcohols and polyols; Phenols; Phenethylamines; Amphetamines and derivatives; Phenylpropanoids and polyketides; Organic acids and derivatives; Carboxylic acids and derivatives; Organonitrogen compounds; Organooxygen compounds; Fatty amides; Amino acids and derivatives; Peptides; Carboxylic acid amides; Carboxylic acid derivatives; N-acyl-alpha amino acids and derivatives; Carboxylic acids; Secondary carboxylic acid amides; Tertiary carboxylic acid amides; Carbonyl compounds; Benzene and substituted derivatives; Alpha amino acid amides; Benzenoids; Fatty Acyls; Organic oxides; Azacyclic compounds; Hydrocarbon derivatives; Phenylalanine and derivatives; Organopnictogen compounds; Organic oxygen compounds; 1-hydroxy-2-unsubstituted benzenoids; Organic nitrogen compounds; Oligopeptides; Chemical entities"	956.402	392	6.535	839408942414344448	839408500368246912	839408500368246912	629	NA	629
12	"C62H75N11O20"	"[M + H3N + H]+"	"C62H79N12O20+"	"Amino acids and Peptides"	0.827	"Oligopeptides"	0.999	"Lipopeptides"	0.32	"Organic acids and derivatives"	1	"Peptidomimetics"	0.74	"Depsipeptides"	0.786	"Cyclic depsipeptides"	0.784	"Cyclic depsipeptides"	0.784	"Organic compounds; Organoheterocyclic compounds; Lipids and lipid-like molecules; Amino acids, peptides, and analogues; Lactones; Alpha amino acids and derivatives; Macrolactams; Alcohols and polyols; Phenols; Lactams; Pyrrolidines; Phenylpropanoids and polyketides; Organic acids and derivatives; Carboxylic acids and derivatives; Organonitrogen compounds; Primary alcohols; Organooxygen compounds; Fatty amides; Amino acids and derivatives; Alpha amino acid esters; Carboxylic acid amides; Carboxylic acid derivatives; N-acyl amines; N-acyl-alpha amino acids and derivatives; Carboxylic acids; Carboxylic acid esters; Secondary alcohols; Secondary carboxylic acid amides; Tertiary carboxylic acid amides; Peptidomimetics; Carbonyl compounds; Macrolide lactams; Depsipeptides; Cyclic depsipeptides; Benzene and substituted derivatives; Benzenoids; Amines; Fatty Acyls; Organic oxides; Azacyclic compounds; Oxacyclic compounds; Hydrocarbon derivatives; Organopnictogen compounds; Organic oxygen compounds; 1-hydroxy-2-unsubstituted benzenoids; Organic nitrogen compounds; Chemical entities"	1311.549	392	6.535	839408853545430528	839408500401801344	839408500401801344	630	NA	630
1	"C13H20N2O"	"[M + H3N + H]+"	"C13H24N3O+"	"Alkaloids"	0.936	"Lysine alkaloids"	0.383	"Quinolizidine alkaloids"	0.278	"Organic nitrogen compounds"	1	"Organonitrogen compounds"	1	"Amines"	0.983	"Aralkylamines"	0.781	"Aralkylamines"	0.781	"Organic compounds; Organoheterocyclic compounds; Oxazinanes; Piperidines; Ethers; Organonitrogen compounds; Organooxygen compounds; Morpholines; Dialkyl ethers; Trialkylamines; Amines; Tertiary amines; Aralkylamines; Azacyclic compounds; Oxacyclic compounds; Hydrocarbon derivatives; Organopnictogen compounds; Organic oxygen compounds; Organic nitrogen compounds; Chemical entities"	238.191	392	6.535	839408762415785728	839408500573767808	839408500573767808	635	NA	635
8	"C80H118O12"	"[M + H]+"	"C80H119O12+"	"Terpenoids"	0.524	"Glycerolipids"	0.739	"Triacylglycerols"	0.57	"Lipids and lipid-like molecules"	0.957	"Glycerolipids"	0.586	"Triradylcglycerols"	0.667	"Triacylglycerols"	0.659	"Triacylglycerols"	0.659	"Organic compounds; Lipids and lipid-like molecules; Alcohols and polyols; Glycerolipids; Prenol lipids; Organooxygen compounds; Triacylglycerols; Fatty acyl glycosides; Carbonyl compounds; Alkyl glycosides; Triradylcglycerols; Fatty acyl glycosides of mono- and disaccharides; Fatty Acyls; Organic oxides; Hydrocarbon derivatives; Organic oxygen compounds; Chemical entities"	1271.866	392	6.536	839409038518432768	839408500154337408	839408500154337408	623	NA	623
1	"C13H20N2O"	"[M + H3N + H]+"	"C13H24N3O+"	"Alkaloids"	0.956	"Lysine alkaloids"	0.35	"Quinolizidine alkaloids"	0.259	"Benzenoids"	0.449	"Benzene and substituted derivatives"	0.652	"Phenylmethylamines"	0.782	NA	NA	"Phenylmethylamines"	0.782	"Organic compounds; Organoheterocyclic compounds; Phenylmethylamines; Piperidines; Organonitrogen compounds; Organooxygen compounds; Dialkyl ethers; Trialkylamines; Benzene and substituted derivatives; Amines; Tertiary amines; Benzylamines; Aralkylamines; Azacyclic compounds; Oxacyclic compounds; Hydrocarbon derivatives; Organopnictogen compounds; Organic oxygen compounds; Organic nitrogen compounds; Chemical entities"	238.194	392	6.539	839408763426613120	839408500473104512	839408500473104512	632	NA	632
1	"C10H24N2OS"	"[M + H3N + H]+"	"C10H28N3OS+"	"Fatty acids"	0.357	"Ornithine alkaloids"	0.267	"Monocyclic monoterpenoids"	0.079	"Organic nitrogen compounds"	0.982	"Organonitrogen compounds"	0.976	"Amines"	0.911	"Tertiary amines"	0.625	"Trialkylamines"	0.667	"Organic compounds; Organoheterocyclic compounds; Organosulfur compounds; Organonitrogen compounds; Organooxygen compounds; Dialkyl ethers; Trialkylamines; Amines; Tertiary amines; Hydrocarbon derivatives; Organopnictogen compounds; Organic oxygen compounds; Organic nitrogen compounds; Chemical entities"	238.198	392	6.54	839408834557816064	839408500540213376	839408500540213376	634	NA	634
1	"C45H60N8O14"	"[M + K]+"	"C45H60KN8O14+"	"Amino acids and Peptides"	0.973	"Oligopeptides"	0.999	"Linear peptides"	0.594	"Organic acids and derivatives"	0.999	"Carboxylic acids and derivatives"	0.997	"Amino acids, peptides, and analogues"	0.995	"Peptides"	0.798	"Oligopeptides"	0.555	"Organic compounds; Organoheterocyclic compounds; Lipids and lipid-like molecules; Amino acids, peptides, and analogues; Alpha amino acids and derivatives; Alcohols and polyols; Phenols; Phenethylamines; Amphetamines and derivatives; Pyrrolidines; Phenylpropanoids and polyketides; Organic acids and derivatives; Carboxylic acids and derivatives; Organonitrogen compounds; Primary alcohols; Organooxygen compounds; Fatty amides; Amino acids and derivatives; Peptides; Guanidines; Monoalkylamines; Carboxylic acid amides; Carboxylic acid derivatives; N-acyl amines; Monocarboxylic acids and derivatives; N-acyl-alpha amino acids and derivatives; Carboxylic acids; Secondary carboxylic acid amides; Tertiary carboxylic acid amides; Carbonyl compounds; Pyrrolidine carboxylic acids and derivatives; Benzene and substituted derivatives; Alpha amino acid amides; N-acyl-alpha amino acids; Benzenoids; Amines; Primary amines; N-acylpyrrolidines; Fatty Acyls; Organic oxides; Azacyclic compounds; Hydrocarbon derivatives; Amino acids; Phenylalanine and derivatives; Organopnictogen compounds; Organic oxygen compounds; 1-hydroxy-2-unsubstituted benzenoids; Organic nitrogen compounds; Oligopeptides; Chemical entities"	975.384	393	6.543	839409563662073728	839408499114149888	839408499114149888	595	NA	595
1	"C53H74N10O20S"	"[M + H]+"	"C53H75N10O20S+"	"Amino acids and Peptides"	0.979	"Oligopeptides"	1	"Linear peptides"	0.839	"Organic acids and derivatives"	1	"Carboxylic acids and derivatives"	0.995	"Amino acids, peptides, and analogues"	0.998	"Peptides"	0.754	"Peptides"	0.754	"Organic compounds; Organoheterocyclic compounds; Organosulfur compounds; Lipids and lipid-like molecules; Amino acids, peptides, and analogues; Alpha amino acids and derivatives; Alcohols and polyols; Phenols; Lactams; Phenethylamines; Amphetamines and derivatives; Phenylpropanoids and polyketides; Organic acids and derivatives; Carboxylic acids and derivatives; Organonitrogen compounds; Organooxygen compounds; Fatty amides; Amino acids and derivatives; Peptides; Organic carbonic acids and derivatives; Monoalkylamines; Carboxylic acid amides; Ureas; Carboxylic acid derivatives; N-acyl amines; Monocarboxylic acids and derivatives; Organosulfonic acids; N-acyl-alpha amino acids and derivatives; Thioethers; Carboxylic acids; N-carbamoyl-alpha amino acids and derivatives; Secondary alcohols; Secondary carboxylic acid amides; Tertiary carboxylic acid amides; Carbonyl compounds; Benzene and substituted derivatives; Alpha amino acid amides; N-carbamoyl-alpha amino acids; Benzenoids; Amines; Primary amines; Alkanesulfonic acids and derivatives; Sulfenyl compounds; Alkanesulfonic acids; Dialkylthioethers; Fatty Acyls; Organic oxides; Azacyclic compounds; Oxacyclic compounds; Methionine and derivatives; Hydrocarbon derivatives; Amino acids; Phenylalanine and derivatives; Organopnictogen compounds; Organic oxygen compounds; 1-hydroxy-2-unsubstituted benzenoids; Organic nitrogen compounds; Chemical entities"	1203.491	393	6.545	839409748505051264	839408500749928704	839408500749928704	640	NA	640
1	"C13H20N2O"	"[M + H3N + H]+"	"C13H24N3O+"	"Alkaloids"	0.963	"Lysine alkaloids"	0.297	"Tropane alkaloids"	0.324	"Benzenoids"	0.752	"Benzene and substituted derivatives"	0.835	"Phenylmethylamines"	0.781	NA	NA	"Phenylmethylamines"	0.781	"Organic compounds; Organoheterocyclic compounds; Phenylmethylamines; Piperidines; Ethers; Organonitrogen compounds; Organooxygen compounds; Dialkyl ethers; Trialkylamines; Benzene and substituted derivatives; Benzenoids; Amines; Tertiary amines; Benzylamines; Aralkylamines; Azacyclic compounds; Oxacyclic compounds; Hydrocarbon derivatives; Organopnictogen compounds; Organic oxygen compounds; Organic nitrogen compounds; Chemical entities"	238.191	393	6.545	839408778702268544	839408500607322240	839408500607322240	636	NA	636
12	"C54H66O22"	"[M + H3N + H]+"	"C54H70NO22+"	"Terpenoids"	0.79	"Triterpenoids"	0.873	"Limonoids"	0.464	"Lipids and lipid-like molecules"	0.917	"Prenol lipids"	0.798	"Triterpenoids"	0.743	NA	NA	"Triterpenoids"	0.743	"Organic compounds; Organoheterocyclic compounds; Carbohydrates and carbohydrate conjugates; Lipids and lipid-like molecules; Pyrans; Alcohols and polyols; Ethers; Steroids and steroid derivatives; Prenol lipids; Organic acids and derivatives; Carboxylic acids and derivatives; Primary alcohols; Organooxygen compounds; Carboxylic acid derivatives; Carboxylic acid esters; Triterpenoids; Acetals; Secondary alcohols; Carbonyl compounds; Oxanes; Terpene glycosides; Glycosyl compounds; O-glycosyl compounds; Polyols; Enoate esters; Alpha,beta-unsaturated carboxylic esters; Fatty Acyls; Organic oxides; Oxacyclic compounds; Hydrocarbon derivatives; Organic oxygen compounds; Chemical entities"	1084.442	393	6.547	839409575510982528	839408500917700864	839408500917700864	645	NA	645
3	"C52H68N8O15"	"[M + K]+"	"C52H68KN8O15+"	"Amino acids and Peptides"	0.866	"Oligopeptides"	0.999	"Linear peptides"	0.264	"Organic acids and derivatives"	0.999	"Peptidomimetics"	0.502	"Depsipeptides"	0.554	"Cyclic depsipeptides"	0.508	"Cyclic depsipeptides"	0.508	"Organic compounds; Organoheterocyclic compounds; Lipids and lipid-like molecules; Amino acids, peptides, and analogues; Alpha amino acids and derivatives; Alcohols and polyols; Lactams; Phenethylamines; Amphetamines and derivatives; Phenylpropanoids and polyketides; Organic acids and derivatives; Carboxylic acids and derivatives; Organonitrogen compounds; Primary alcohols; Organooxygen compounds; Fatty amides; Amino acids and derivatives; Alpha amino acid esters; Carboxylic acid amides; Carboxylic acid derivatives; N-acyl amines; Monocarboxylic acids and derivatives; N-acyl-alpha amino acids and derivatives; Carboxylic acid esters; Secondary carboxylic acid amides; Tertiary carboxylic acid amides; Peptidomimetics; Carbonyl compounds; Depsipeptides; Cyclic depsipeptides; Benzene and substituted derivatives; Alpha amino acid amides; Benzenoids; Fatty Acyls; Organic oxides; Azacyclic compounds; Hydrocarbon derivatives; Phenylalanine and derivatives; Organopnictogen compounds; Organic oxygen compounds; Organic nitrogen compounds; Chemical entities"	1083.441	394	6.56	839408887666093952	839408500884146432	839408500884146432	644	NA	644
11	"C66H72O20"	"[M + H3N + H]+"	"C66H76NO20+"	"Terpenoids"	0.69	"Triterpenoids"	0.699	"Spirotetronate macrolides"	0.237	"Lipids and lipid-like molecules"	0.896	"Prenol lipids"	0.743	"Terpene glycosides"	0.574	"Triterpene glycosides"	0.553	"Triterpene saponins"	0.553	"Organic compounds; Organoheterocyclic compounds; Carbohydrates and carbohydrate conjugates; Lipids and lipid-like molecules; Pyrans; Alcohols and polyols; Ethers; Prenol lipids; Organic acids and derivatives; Carboxylic acids and derivatives; Primary alcohols; Organooxygen compounds; Carboxylic acid derivatives; Carboxylic acid esters; Triterpenoids; Triterpene glycosides; Acetals; Secondary alcohols; Carbonyl compounds; Oxanes; Terpene glycosides; Glycosyl compounds; O-glycosyl compounds; Polyols; Triterpene saponins; Enoate esters; Alpha,beta-unsaturated carboxylic esters; Organic oxides; Oxacyclic compounds; Hydrocarbon derivatives; Organic oxygen compounds; Chemical entities"	1202.491	394	6.565	839409633354629120	839408500812843264	839408500812843264	642	NA	642
5	"C43H68O22"	"[M + K]+"	"C43H68KO22+"	"Polyketides"	0.549	"Macrolides"	0.363	"Open-chain polyketides"	0.248	"Lipids and lipid-like molecules"	0.793	"Prenol lipids"	0.494	"Terpene glycosides"	0.547	NA	NA	"Terpene glycosides"	0.547	"Organic compounds; Organoheterocyclic compounds; Carbohydrates and carbohydrate conjugates; Lipids and lipid-like molecules; Alcohols and polyols; Ethers; Organic acids and derivatives; Carboxylic acids and derivatives; Primary alcohols; Organooxygen compounds; Carboxylic acid derivatives; Carboxylic acid esters; Acetals; Secondary alcohols; Carbonyl compounds; Oxanes; Terpene glycosides; Glycosyl compounds; O-glycosyl compounds; Polyols; Enoate esters; Alpha,beta-unsaturated carboxylic esters; Fatty Acyls; Organic oxides; Oxacyclic compounds; Hydrocarbon derivatives; Organic oxygen compounds; Chemical entities"	975.384	395	6.591	839408949725016448	839408500955449600	839408500955449600	646	NA	646
1	"C38H38N2O14"	"[M + Na]+"	"C38H38N2NaO14+"	"Polyketides"	0.146	"Tyrosine alkaloids"	0.243	"Depsides and depsidones"	0.161	"Benzenoids"	0.992	"Benzene and substituted derivatives"	0.933	"Benzoic acids and derivatives"	0.57	NA	NA	"Benzoic acids and derivatives"	0.57	"Organic compounds; Organoheterocyclic compounds; Alkyl aryl ethers; Phenols; Anisoles; Benzoic acids and derivatives; Ethers; Phenylpropanoids and polyketides; Organic acids and derivatives; Carboxylic acids and derivatives; Organonitrogen compounds; Organooxygen compounds; Carboxylic acid amides; Carboxylic acid derivatives; Carboxylic acid esters; Carbonyl compounds; Benzene and substituted derivatives; Phenol ethers; Benzenoids; Organic oxides; Methoxybenzenes; Hydrocarbon derivatives; Organopnictogen compounds; Organic oxygen compounds; 1-hydroxy-2-unsubstituted benzenoids; Organic nitrogen compounds; Phenoxy compounds; Chemical entities"	769.223	396	6.597	839409360548707584	839408501030947072	839408501030947072	648	NA	648
1	"C30H50O19"	"[M + K]+"	"C30H50KO19+"	"Terpenoids"	0.835	"Monoterpenoids"	0.966	"Secoiridoid monoterpenoids"	0.936	"Lipids and lipid-like molecules"	0.882	"Prenol lipids"	0.489	"Terpene glycosides"	0.51	NA	NA	"Terpene glycosides"	0.51	"Organic compounds; Organoheterocyclic compounds; Carbohydrates and carbohydrate conjugates; Lipids and lipid-like molecules; Alcohols and polyols; Ethers; Organic acids and derivatives; Carboxylic acids and derivatives; Primary alcohols; Organooxygen compounds; Fatty acid esters; Carboxylic acid derivatives; Carboxylic acid esters; Monoterpenoids; Iridoids and derivatives; Acetals; Secondary alcohols; Carbonyl compounds; Oxanes; Terpene glycosides; Glycosyl compounds; O-glycosyl compounds; Polyols; Enoate esters; Alpha,beta-unsaturated carboxylic esters; Fatty Acyls; Organic oxides; Oxacyclic compounds; Hydrocarbon derivatives; Organic oxygen compounds; Chemical entities"	753.258	396	6.599	839409069761803392	839408500993198336	839408500993198336	647	NA	647
4	"C14H27O7P"	"[M + H3N + H]+"	"C14H31NO7P+"	"Fatty acids"	0.89	"Glycerophospholipids"	0.98	"Glycerophosphates"	0.819	"Organic acids and derivatives"	0.996	"Organic phosphoric acids and derivatives"	0.909	"Phosphate esters"	0.855	"Alkyl phosphates"	0.853	"Monoalkyl phosphates"	0.526	"Organic compounds; Lipids and lipid-like molecules; Organic acids and derivatives; Carboxylic acids and derivatives; Organooxygen compounds; Organic phosphoric acids and derivatives; Phosphate esters; Carboxylic acid derivatives; Monocarboxylic acids and derivatives; Carboxylic acid esters; Alkyl phosphates; Monoalkyl phosphates; Organic oxides; Hydrocarbon derivatives; Organic oxygen compounds; Chemical entities"	356.185	396	6.603	839408773769767040	839408501068695808	839408501068695808	649	NA	649
3	"C18H18O2"	"[M + H3N + H]+"	"C18H22NO2+"	"Shikimates and Phenylpropanoids"	0.99	"Flavonoids"	0.577	"Neolignans"	0.464	"Organic oxygen compounds"	1	"Organooxygen compounds"	1	"Ethers"	0.766	"Alkyl aryl ethers"	0.733	"Alkyl aryl ethers"	0.733	"Organic compounds; Alkyl aryl ethers; Ethers; Organooxygen compounds; Benzene and substituted derivatives; Benzenoids; Hydrocarbon derivatives; Organic oxygen compounds; Chemical entities"	284.164	397	6.611	839409315539631232	839408501139998976	839408501139998976	651	NA	651
6	"C17H23N9O5S2"	"[M + H3N + H]+"	"C17H27N10O5S2+"	"Amino acids and Peptides"	0.874	"Oligopeptides"	0.693	"Cyclamides"	0.956	"Organoheterocyclic compounds"	0.996	"Azoles"	0.66	"Thiazoles"	0.598	NA	NA	"Thiazoles"	0.598	"Organic compounds; Organoheterocyclic compounds; Organosulfur compounds; Thiazoles; Alcohols and polyols; Organic acids and derivatives; Organonitrogen compounds; Organooxygen compounds; Azoles; Amines; Organic oxides; Azacyclic compounds; Heteroaromatic compounds; Hydrocarbon derivatives; Organopnictogen compounds; Organic oxygen compounds; Organic nitrogen compounds; Chemical entities"	515.161	397	6.616	839409110220060160	839408501211302144	839408501207107840	653	NA	653
1	"C29H28N2O7"	"[M - H2O + H]+"	"C29H27N2O6+"	"Amino acids and Peptides"	0.527	"Tyrosine alkaloids"	0.149	"Dipeptides"	0.028	"Organic acids and derivatives"	0.994	"Carboxylic acids and derivatives"	0.977	"Amino acids, peptides, and analogues"	0.513	"Amino acids and derivatives"	0.511	"Amino acids and derivatives"	0.511	"Organic compounds; Amino acids, peptides, and analogues; Benzoic acids and derivatives; Organic acids and derivatives; Carboxylic acids and derivatives; Organonitrogen compounds; Organooxygen compounds; Amino acids and derivatives; Carboxylic acid amides; Carboxylic acid derivatives; Carboxylic acids; Secondary carboxylic acid amides; Carbonyl compounds; Benzene and substituted derivatives; Benzenoids; Organic oxides; Hydrocarbon derivatives; Organopnictogen compounds; Organic oxygen compounds; Organic nitrogen compounds; Chemical entities"	499.187	397	6.62	839408799371799168	839408501366491392	839408501366491392	657	NA	657
4	"C22H24N2O12"	"[M + Na]+"	"C22H24N2NaO12+"	"Carbohydrates"	0.978	"Aminosugars and aminoglycosides"	0.742	"Pyrimidine nucleosides"	0.541	"Organic oxygen compounds"	1	"Organooxygen compounds"	0.999	"Carbohydrates and carbohydrate conjugates"	0.954	"Sugar acids and derivatives"	0.502	"Glucuronides"	0.659	"Organic compounds; Organoheterocyclic compounds; Carbohydrates and carbohydrate conjugates; Pyrans; Alcohols and polyols; Sugar acids and derivatives; Ethers; Organic acids and derivatives; Carboxylic acids and derivatives; Organonitrogen compounds; Primary alcohols; Organooxygen compounds; Glucuronides; Carboxylic acid amides; Carboxylic acid derivatives; Monocarboxylic acids and derivatives; Monosaccharides; Acetals; Secondary alcohols; Carbonyl compounds; Oxanes; Glucuronic acid derivatives; Glycosyl compounds; Glycosylamines; O-glycosyl compounds; Benzene and substituted derivatives; Polyols; Phenol ethers; Benzenoids; Organic oxides; Oxacyclic compounds; Heteroaromatic compounds; Hydrocarbon derivatives; Organopnictogen compounds; Organic oxygen compounds; Organic nitrogen compounds; Phenoxy compounds; Chemical entities"	531.124	397	6.621	839408795445930624	839408501244856576	839408501244856576	654	NA	654
3	"C17H15NO2"	"[M + H3N + H]+"	"C17H19N2O2+"	"Shikimates and Phenylpropanoids"	0.437	"Flavonoids"	0.549	"Flavanones"	0.22	"Benzenoids"	0.998	"Phenol ethers"	0.787	"Anisoles"	0.764	NA	NA	"Anisoles"	0.764	"Organic compounds; Alkyl aryl ethers; Anisoles; Ethers; Phenylpropanoids and polyketides; Organonitrogen compounds; Organooxygen compounds; Nitriles; Benzene and substituted derivatives; Phenol ethers; Benzenoids; Hydrocarbon derivatives; Organic cyanides; Organopnictogen compounds; Organic oxygen compounds; Organic nitrogen compounds; Phenoxy compounds; Chemical entities"	283.143	397	6.621	839408764953339776	839408501433600256	839408501433600256	660	NA	660
2	"C25H26N4O5S"	"[M + K]+"	"C25H26KN4O5S+"	"Amino acids and Peptides"	0.794	"Oligopeptides"	0.204	"Cyclamides"	0.217	"Benzenoids"	0.987	"Benzene and substituted derivatives"	0.931	"Benzenesulfonamides"	0.523	NA	NA	"Benzenesulfonamides"	0.523	"Organic compounds; Organoheterocyclic compounds; Organosulfur compounds; Benzenesulfonamides; Ethers; Organic acids and derivatives; Carboxylic acids and derivatives; Organosulfonic acids and derivatives; Organonitrogen compounds; Organooxygen compounds; Carboxylic acid amides; Carboxylic acid derivatives; Sulfonyls; Secondary carboxylic acid amides; Carbonyl compounds; Benzene and substituted derivatives; Benzenoids; Organic oxides; Azacyclic compounds; Heteroaromatic compounds; Hydrocarbon derivatives; Organic sulfonic acids and derivatives; Organopnictogen compounds; Organic oxygen compounds; Organic nitrogen compounds; Chemical entities"	533.124	397	6.622	839409110161339904	839408501282605312	839408501282605312	655	NA	655
1	"C41H58N12O12S2"	"[M + Na]+"	"C41H58N12NaO12S2+"	"Amino acids and Peptides"	0.944	"Oligopeptides"	1	"Linear peptides"	0.885	"Organic acids and derivatives"	1	"Carboxylic acids and derivatives"	0.994	"Amino acids, peptides, and analogues"	0.996	"Peptides"	0.705	"Peptides"	0.705	"Organic compounds; Organoheterocyclic compounds; Organosulfur compounds; Lipids and lipid-like molecules; Amino acids, peptides, and analogues; Alpha amino acids and derivatives; Macrolactams; Pyrimidines and pyrimidine derivatives; Alcohols and polyols; Phenols; Lactams; Phenethylamines; Amphetamines and derivatives; Phenylpropanoids and polyketides; Organic acids and derivatives; Carboxylic acids and derivatives; Organonitrogen compounds; Pyrimidones; Organooxygen compounds; Fatty amides; Amino acids and derivatives; Peptides; Organic carbonic acids and derivatives; Monoalkylamines; Carboxylic acid amides; Ureas; Carboxylic acid derivatives; N-acyl amines; Monocarboxylic acids and derivatives; N-acyl-alpha amino acids and derivatives; Thioethers; Carboxylic acids; N-carbamoyl-alpha amino acids and derivatives; Diazines; Secondary alcohols; Secondary carboxylic acid amides; Tertiary carboxylic acid amides; Carbonyl compounds; Benzene and substituted derivatives; Alpha amino acid amides; N-carbamoyl-alpha amino acids; Benzenoids; Amines; Primary amines; Sulfenyl compounds; Alkanesulfonic acids; Dialkylthioethers; Fatty Acyls; Organic oxides; Azacyclic compounds; Oxacyclic compounds; Heteroaromatic compounds; Hydrocarbon derivatives; Amino acids; Organopnictogen compounds; Organic oxygen compounds; 1-hydroxy-2-unsubstituted benzenoids; Organic nitrogen compounds; Chemical entities"	997.366	397	6.624	839408810130189184	839408501328742656	839408501328742656	656	NA	656
1	"C24H49N3O10"	"[M - H2O + H]+"	"C24H48N3O9+"	"Amino acids and Peptides"	0.473	"Linear polyketides"	0.32	"Open-chain polyketides"	0.226	"Organic acids and derivatives"	0.99	"Carboxylic acids and derivatives"	0.973	"Amino acids, peptides, and analogues"	0.711	"Amino acids and derivatives"	0.702	"Amino acids and derivatives"	0.702	"Organic compounds; Lipids and lipid-like molecules; Amino acids, peptides, and analogues; Alcohols and polyols; Organic acids and derivatives; Carboxylic acids and derivatives; Organonitrogen compounds; Organooxygen compounds; Fatty amides; Amino acids and derivatives; Carboxylic acid amides; Carboxylic acid derivatives; N-acyl amines; Secondary alcohols; Secondary carboxylic acid amides; Carbonyl compounds; Amines; Fatty Acyls; Organic oxides; Hydrocarbon derivatives; Organopnictogen compounds; Organic oxygen compounds; Organic nitrogen compounds; Chemical entities"	522.336	398	6.63	839408779486603392	839408501714618624	839408501714618624	668	NA	668
5	"C42H48N6O14"	"[M - H2O + H]+"	"C42H47N6O13+"	"Amino acids and Peptides"	0.607	"Oligopeptides"	0.969	"Linear peptides"	0.465	"Organic acids and derivatives"	1	"Carboxylic acids and derivatives"	0.998	"Amino acids, peptides, and analogues"	0.956	"Peptides"	0.527	"Peptides"	0.527	"Organic compounds; Lipids and lipid-like molecules; Amino acids, peptides, and analogues; Alpha amino acids and derivatives; Alcohols and polyols; Phenols; Benzoic acids and derivatives; Phenylpropanoids and polyketides; Organic acids and derivatives; Carboxylic acids and derivatives; Organonitrogen compounds; Organooxygen compounds; Amino acids and derivatives; Peptides; Carboxylic acid amides; Cinnamic acids and derivatives; Carboxylic acid derivatives; N-acyl-alpha amino acids and derivatives; Carboxylic acids; Benzenediols; Secondary carboxylic acid amides; Carbonyl compounds; Benzene and substituted derivatives; Alpha amino acid amides; Benzenoids; Cinnamic acid amides; Fatty Acyls; Organic oxides; Hydrocarbon derivatives; Organopnictogen compounds; Organic oxygen compounds; 1-hydroxy-2-unsubstituted benzenoids; 1-hydroxy-4-unsubstituted benzenoids; Organic nitrogen compounds; Chemical entities"	843.319	398	6.632	839408997208732288	839408501467154688	839408501467154688	661	NA	661
1	"C6H14O6"	"[M + H]+"	"C6H15O6+"	"Fatty acids"	0.977	"Fatty acyls"	0.991	"Fatty alcohols"	0.996	"Organic oxygen compounds"	1	"Organooxygen compounds"	0.999	"Carbohydrates and carbohydrate conjugates"	0.929	"Monosaccharides"	0.903	"Monosaccharides"	0.903	"Organic compounds; Carbohydrates and carbohydrate conjugates; Alcohols and polyols; Primary alcohols; Organooxygen compounds; Monosaccharides; Secondary alcohols; Sugar alcohols; Polyols; Hydrocarbon derivatives; Organic oxygen compounds; Chemical entities"	183.086	398	6.632	839408998303445632	839408501567817984	839408501567817984	664	NA	664
1	"C17H22N4O3S"	"[M - H2O + H]+"	"C17H21N4O2S+"	"Alkaloids"	0.661	"Tryptophan alkaloids"	0.062	"Cyclamides"	0.063	"Benzenoids"	0.895	"Benzene and substituted derivatives"	0.807	NA	NA	NA	NA	"Benzene and substituted derivatives"	0.807	"Organic compounds; Organoheterocyclic compounds; Organosulfur compounds; Pyridines and derivatives; Organic acids and derivatives; Carboxylic acids and derivatives; Organosulfonic acids and derivatives; Organonitrogen compounds; Organooxygen compounds; Sulfonyls; Organosulfonamides; Benzene and substituted derivatives; Benzenoids; Aminosulfonyl compounds; Organic oxides; Azacyclic compounds; Heteroaromatic compounds; Hydrocarbon derivatives; Organic sulfonic acids and derivatives; Organic sulfonamides; Organopnictogen compounds; Organic oxygen compounds; Organic nitrogen compounds; Chemical entities"	345.139	398	6.635	839409002103485184	839408501534263552	839408501534263552	663	NA	663
3	"C28H38O13"	"[M + Na]+"	"C28H38NaO13+"	"Shikimates and Phenylpropanoids"	0.494	"Flavonoids"	0.165	"Secoiridoid monoterpenoids"	0.14	"Organic oxygen compounds"	1	"Organooxygen compounds"	1	"Carbohydrates and carbohydrate conjugates"	0.991	"Disaccharides"	0.626	"Disaccharides"	0.626	"Organic compounds; Organoheterocyclic compounds; Carbohydrates and carbohydrate conjugates; Lipids and lipid-like molecules; Alcohols and polyols; Phenols; Ethers; Primary alcohols; Organooxygen compounds; Disaccharides; Acetals; Secondary alcohols; Oxanes; Glycosyl compounds; O-glycosyl compounds; Benzene and substituted derivatives; Polyols; Benzenoids; Organic oxides; Oxacyclic compounds; Hydrocarbon derivatives; Organic oxygen compounds; 1-hydroxy-2-unsubstituted benzenoids; Chemical entities"	605.22	398	6.641	839408785547372928	839408501643315456	839408501643315456	666	NA	666
2	"C30H48N4O16"	"[M + K]+"	"C30H48KN4O16+"	"Carbohydrates"	0.997	"Nucleosides"	0.988	"Pyrimidine nucleosides"	0.995	"Nucleosides, nucleotides, and analogues"	0.7	"Pyrimidine nucleosides"	0.654	NA	NA	NA	NA	"Pyrimidine nucleosides"	0.654	"Organic compounds; Organoheterocyclic compounds; Carbohydrates and carbohydrate conjugates; Pyrimidines and pyrimidine derivatives; Alcohols and polyols; Lactams; Benzoic acids and derivatives; Organic acids and derivatives; Carboxylic acids and derivatives; Organonitrogen compounds; Primary alcohols; Nucleosides, nucleotides, and analogues; Pyrimidones; Organooxygen compounds; Organic carbonic acids and derivatives; Carboxylic acid amides; Pyrimidine nucleosides; Ureas; Carboxylic acid derivatives; Carboxylic acid esters; Diazines; Monosaccharides; Secondary alcohols; Carbonyl compounds; Glycosyl compounds; Hydropyrimidines; Glycosylamines; Benzene and substituted derivatives; Benzenoids; Vinylogous amides; Organic oxides; Methoxybenzenes; Azacyclic compounds; Oxacyclic compounds; Heteroaromatic compounds; Hydrocarbon derivatives; Organopnictogen compounds; Organic oxygen compounds; Organic nitrogen compounds; Phenoxy compounds; Chemical entities"	759.268	398	6.641	839408822511774720	839408501676869888	839408501676869888	667	NA	667
1	"C39H42N4O10S"	"[M + Na]+"	"C39H42N4NaO10S+"	"Amino acids and Peptides"	0.75	"Oligopeptides"	0.85	"Linear peptides"	0.342	"Organic acids and derivatives"	0.999	"Carboxylic acids and derivatives"	0.987	"Amino acids, peptides, and analogues"	0.929	"Amino acids and derivatives"	0.923	"Phenylalanine and derivatives"	0.772	"Organic compounds; Organoheterocyclic compounds; Organosulfur compounds; Amino acids, peptides, and analogues; Alpha amino acids and derivatives; Alkyl aryl ethers; Phenols; Anisoles; Benzoic acids and derivatives; Phenethylamines; Amphetamines and derivatives; Ethers; Organic acids and derivatives; Carboxylic acids and derivatives; Organosulfonic acids and derivatives; Organonitrogen compounds; Benzoyl derivatives; Organooxygen compounds; Amino acids and derivatives; Carboxylic acid amides; Carboxylic acid derivatives; Monocarboxylic acids and derivatives; Sulfonyls; Carboxylic acids; Secondary carboxylic acid amides; Carbonyl compounds; Benzene and substituted derivatives; Alpha amino acid amides; Phenol ethers; Benzenoids; Organic oxides; Methoxybenzenes; Azacyclic compounds; Hydrocarbon derivatives; Phenylalanine and derivatives; Organic sulfonic acids and derivatives; Organopnictogen compounds; Organic oxygen compounds; 1-hydroxy-2-unsubstituted benzenoids; Organic nitrogen compounds; Phenoxy compounds; Chemical entities"	781.25	399	6.643	839409681492656128	839408502087911808	839408502087911808	679	NA	679
6	"C29H45ClN6O9S"	"[M + Na]+"	"C29H45ClN6NaO9S+"	"Amino acids and Peptides"	0.879	"Oligopeptides"	1	"Depsipeptides"	0.701	"Organic acids and derivatives"	1	"Peptidomimetics"	0.624	"Depsipeptides"	0.466	"Cyclic depsipeptides"	0.537	"Cyclic depsipeptides"	0.537	"Organic compounds; Organoheterocyclic compounds; Organosulfur compounds; Lipids and lipid-like molecules; Amino acids, peptides, and analogues; Alpha amino acids and derivatives; Macrolactams; Lactams; Pyrrolidines; Phenylpropanoids and polyketides; Organic acids and derivatives; Carboxylic acids and derivatives; Organohalogen compounds; Organonitrogen compounds; Organooxygen compounds; Fatty amides; Amino acids and derivatives; Peptides; Carboxylic acid amides; Alkyl chlorides; Carboxylic acid derivatives; N-acyl amines; Monocarboxylic acids and derivatives; N-acyl-alpha amino acids and derivatives; Carboxylic acid esters; Organochlorides; Secondary carboxylic acid amides; Tertiary carboxylic acid amides; Peptidomimetics; Carbonyl compounds; Cyclic depsipeptides; Benzene and substituted derivatives; Alpha amino acid amides; Benzenoids; Alkyl halides; Fatty Acyls; Organic oxides; Azacyclic compounds; Hydrocarbon derivatives; Organopnictogen compounds; Organic oxygen compounds; Organic nitrogen compounds; Chemical entities"	711.253	399	6.645	839409203841120640	839408501743978752	839408501743978752	669	NA	669
1	"C8H18N2O4S"	"[M + K]+"	"C8H18KN2O4S+"	"Fatty acids"	0.801	"Fatty Acids and Conjugates"	0.25	"Dicarboxylic acids"	0.116	"Lipids and lipid-like molecules"	0.629	"Fatty Acyls"	0.601	NA	NA	NA	NA	"Fatty Acyls"	0.601	"Organic compounds; Organosulfur compounds; Lipids and lipid-like molecules; Organic acids and derivatives; Carboxylic acids and derivatives; Organonitrogen compounds; Organooxygen compounds; Carbonyl compounds; Fatty Acyls; Organic oxides; Hydrocarbon derivatives; Organic oxygen compounds; Organic nitrogen compounds; Chemical entities"	277.062	399	6.652	839408795219438208	839408501781727488	839408501781727488	670	NA	670
1	"C26H32N6O11"	"[M + Na]+"	"C26H32N6NaO11+"	"Amino acids and Peptides"	0.919	"Oligopeptides"	0.846	"Linear peptides"	0.338	"Organic acids and derivatives"	0.994	"Carboxylic acids and derivatives"	0.974	"Amino acids, peptides, and analogues"	0.875	"Peptides"	0.553	"Peptides"	0.553	"Organic compounds; Lipids and lipid-like molecules; Amino acids, peptides, and analogues; Alpha amino acids and derivatives; Anisoles; Phenethylamines; Amphetamines and derivatives; Organic acids and derivatives; Carboxylic acids and derivatives; Organonitrogen compounds; Organooxygen compounds; Fatty amides; Amino acids and derivatives; Peptides; Carboxylic acid amides; Carboxylic acid derivatives; N-acyl-alpha amino acids and derivatives; Secondary carboxylic acid amides; Carbonyl compounds; Benzene and substituted derivatives; Alpha amino acid amides; Phenol ethers; Benzenoids; Amines; Organic oxides; Methoxybenzenes; Hydrocarbon derivatives; Phenylalanine and derivatives; Organopnictogen compounds; Organic oxygen compounds; Organic nitrogen compounds; Phenoxy compounds; Chemical entities"	627.202	400	6.662	839409276696181632	839408502155020672	839408502155020672	681	NA	681
2	"C31H50N2O7"	"[M - H2O + H]+"	"C31H49N2O6+"	"Amino acids and Peptides"	0.518	"Linear polyketides"	0.506	"Open-chain polyketides"	0.302	"Organic acids and derivatives"	0.953	"Carboxylic acids and derivatives"	0.902	"Amino acids, peptides, and analogues"	0.525	"Amino acids and derivatives"	0.515	"Amino acids and derivatives"	0.515	"Organic compounds; Lipids and lipid-like molecules; Amino acids, peptides, and analogues; Alcohols and polyols; Organic acids and derivatives; Carboxylic acids and derivatives; Organonitrogen compounds; Organooxygen compounds; Fatty amides; Amino acids and derivatives; Carboxylic acid amides; Carboxylic acid derivatives; N-acyl amines; Secondary alcohols; Secondary carboxylic acid amides; Carbonyl compounds; Fatty Acyls; Organic oxides; Hydrocarbon derivatives; Organopnictogen compounds; Organic oxygen compounds; Organic nitrogen compounds; Chemical entities"	545.358	400	6.669	839409297751587840	839408501886585216	839408501886585088	673	NA	673
8	"C26H30N2O7"	"[M + K]+"	"C26H30KN2O7+"	"Amino acids and Peptides"	0.641	"Small peptides"	0.064	"Dipeptides"	0.048	"Organic acids and derivatives"	0.992	"Carboxylic acids and derivatives"	0.973	"Amino acids, peptides, and analogues"	0.546	"Amino acids and derivatives"	0.544	"Amino acids and derivatives"	0.544	"Organic compounds; Lipids and lipid-like molecules; Amino acids, peptides, and analogues; Alcohols and polyols; Organic acids and derivatives; Carboxylic acids and derivatives; Organonitrogen compounds; Organooxygen compounds; Amino acids and derivatives; Carboxylic acid amides; Carboxylic acid derivatives; Monocarboxylic acids and derivatives; Carboxylic acids; Secondary alcohols; Secondary carboxylic acid amides; Carbonyl compounds; Benzene and substituted derivatives; Benzenoids; Organic oxides; Hydrocarbon derivatives; Organopnictogen compounds; Organic oxygen compounds; Organic nitrogen compounds; Chemical entities"	521.169	400	6.671	839409175361796096	839408501957888384	839408501957888384	675	NA	675
3	"C18H20N2O6"	"[M + H3N + H]+"	"C18H24N3O6+"	"Amino acids and Peptides"	0.869	"Small peptides"	0.067	"Dipeptides"	0.03	"Organic acids and derivatives"	0.984	"Carboxylic acids and derivatives"	0.949	"Amino acids, peptides, and analogues"	0.613	"Amino acids and derivatives"	0.611	"Amino acids and derivatives"	0.611	"Organic compounds; Organoheterocyclic compounds; Amino acids, peptides, and analogues; Organic acids and derivatives; Carboxylic acids and derivatives; Organonitrogen compounds; Organooxygen compounds; Amino acids and derivatives; Carboxylic acid derivatives; Carbonyl compounds; Benzene and substituted derivatives; Benzenoids; Organic oxides; Hydrocarbon derivatives; Organopnictogen compounds; Organic oxygen compounds; Organic nitrogen compounds; Chemical entities"	378.167	401	6.683	839408794107947520	839408501815281920	839408501815281920	671	NA	671
6	"C28H28N2O7"	"[M + K]+"	"C28H28KN2O7+"	"Alkaloids"	0.311	"Tryptophan alkaloids"	0.295	"Pyrroloquinoline alkaloids"	0.093	"Organic acids and derivatives"	0.993	"Carboxylic acids and derivatives"	0.976	"Amino acids, peptides, and analogues"	0.594	"Amino acids and derivatives"	0.596	"Alpha amino acids and derivatives"	0.548	"Organic compounds; Organoheterocyclic compounds; Amino acids, peptides, and analogues; Alpha amino acids and derivatives; Organic acids and derivatives; Carboxylic acids and derivatives; Organonitrogen compounds; Organooxygen compounds; Amino acids and derivatives; Carboxylic acid amides; Carboxylic acid derivatives; Monocarboxylic acids and derivatives; Carboxylic acids; Carbonyl compounds; Benzene and substituted derivatives; Benzenoids; Organic oxides; Azacyclic compounds; Heteroaromatic compounds; Hydrocarbon derivatives; Organopnictogen compounds; Organic oxygen compounds; Organic nitrogen compounds; Chemical entities"	543.151	402	6.692	839408935938339072	839408502184380800	839408502184380800	682	NA	682
2	"C26H32N6O11"	"[M + H]+"	"C26H33N6O11+"	"Amino acids and Peptides"	0.682	"Oligopeptides"	0.693	"Linear peptides"	0.339	"Organic acids and derivatives"	0.992	"Carboxylic acids and derivatives"	0.954	"Amino acids, peptides, and analogues"	0.796	"Peptides"	0.512	"Peptides"	0.512	"Organic compounds; Organoheterocyclic compounds; Carbohydrates and carbohydrate conjugates; Lipids and lipid-like molecules; Amino acids, peptides, and analogues; Alpha amino acids and derivatives; Pyrimidines and pyrimidine derivatives; Alcohols and polyols; Phenols; Anisoles; Phenethylamines; Amphetamines and derivatives; Organic acids and derivatives; Carboxylic acids and derivatives; Organonitrogen compounds; Primary alcohols; Organooxygen compounds; Fatty amides; Amino acids and derivatives; Peptides; Monoalkylamines; Carboxylic acid amides; Carboxylic acid derivatives; N-acyl-alpha amino acids and derivatives; Monosaccharides; Secondary alcohols; Secondary carboxylic acid amides; Carbonyl compounds; Glycosyl compounds; Glycosylamines; Benzene and substituted derivatives; Alpha amino acid amides; Phenol ethers; Benzenoids; Amines; Primary amines; Organic oxides; Methoxybenzenes; Hydrocarbon derivatives; Phenylalanine and derivatives; Organopnictogen compounds; Organic oxygen compounds; 1-hydroxy-2-unsubstituted benzenoids; Organic nitrogen compounds; Phenoxy compounds; Chemical entities"	605.22	402	6.704	839409145993279360	839408502356347264	839408502356347264	687	NA	687
1	"C10H22N2O4"	"[M + H]+"	"C10H23N2O4+"	"Amino acids and Peptides"	0.997	"Small peptides"	0.997	"Dipeptides"	0.941	"Organic acids and derivatives"	1	"Carboxylic acids and derivatives"	1	"Amino acids, peptides, and analogues"	0.996	"Peptides"	0.918	"Dipeptides"	0.703	"Organic compounds; Lipids and lipid-like molecules; Amino acids, peptides, and analogues; Alpha amino acids and derivatives; Alcohols and polyols; Fatty acids and conjugates; Organic acids and derivatives; Carboxylic acids and derivatives; Organonitrogen compounds; Organooxygen compounds; Fatty amides; Branched fatty acids; Amino acids and derivatives; Peptides; Monoalkylamines; Carboxylic acid amides; Carboxylic acid derivatives; N-acyl amines; Monocarboxylic acids and derivatives; N-acyl-alpha amino acids and derivatives; Carboxylic acids; Secondary carboxylic acid amides; Carbonyl compounds; Alpha amino acid amides; N-acyl-alpha amino acids; Amines; Primary amines; Methyl-branched fatty acids; Fatty Acyls; Organic oxides; Hydrocarbon derivatives; Amino acids; Valine and derivatives; Organopnictogen compounds; Organic oxygen compounds; Organic nitrogen compounds; Dipeptides; Chemical entities"	235.166	403	6.717	839408794980362880	839408502285044096	839408502285044096	685	NA	685
1	"C37H65N3O11"	"[M + Na]+"	"C37H65N3NaO11+"	"Amino acids and Peptides"	0.629	"Oligopeptides"	0.992	"Microcolins and mirabimids"	0.828	"Organic acids and derivatives"	1	"Peptidomimetics"	0.857	"Depsipeptides"	0.836	"Cyclic depsipeptides"	0.633	"Cyclic depsipeptides"	0.633	"Organic compounds; Organoheterocyclic compounds; Lipids and lipid-like molecules; Amino acids, peptides, and analogues; Lactones; Alpha amino acids and derivatives; Macrolactams; Lactams; Pyrrolidines; Organic acids and derivatives; Carboxylic acids and derivatives; Organonitrogen compounds; Organooxygen compounds; Amino acids and derivatives; Alpha amino acid esters; Carboxylic acid amides; Carboxylic acid derivatives; Carboxylic acid esters; Secondary carboxylic acid amides; Tertiary carboxylic acid amides; Peptidomimetics; Carbonyl compounds; Macrolide lactams; Depsipeptides; Cyclic depsipeptides; N-acylpyrrolidines; Fatty Acyls; Organic oxides; Azacyclic compounds; Hydrocarbon derivatives; Valine and derivatives; Organopnictogen compounds; Organic oxygen compounds; Organic nitrogen compounds; Chemical entities"	750.453	404	6.726	839409271298112384	839408502217935232	839408502217935232	683	NA	683
1	"C5H11NO2"	"[M + Na]+"	"C5H11NNaO2+"	"Amino acids and Peptides"	0.917	"Small peptides"	0.965	"Aminoacids"	0.95	"Organic acids and derivatives"	0.987	"Carboxylic acids and derivatives"	0.981	"Amino acids, peptides, and analogues"	0.882	"Amino acids and derivatives"	0.88	"Alpha amino acids and derivatives"	0.745	"Organic compounds; Amino acids, peptides, and analogues; Alpha amino acids and derivatives; Organic acids and derivatives; Carboxylic acids and derivatives; Organonitrogen compounds; Organooxygen compounds; Amino acids and derivatives; Quaternary ammonium salts; Carboxylic acid derivatives; Monocarboxylic acids and derivatives; Carboxylic acids; Carbonyl compounds; Amines; Organic cations; Organic salts; Organic oxides; Hydrocarbon derivatives; Tetraalkylammonium salts; Organopnictogen compounds; Organic oxygen compounds; Organic nitrogen compounds; Chemical entities"	140.068	404	6.727	839409272501877632	839408502389901696	839408502389901696	688	NA	688
1	"C10H22N2O4"	"[M + Na]+"	"C10H22N2NaO4+"	"Amino acids and Peptides"	0.949	"Small peptides"	0.977	"Aminoacids"	0.557	"Organic acids and derivatives"	1	"Carboxylic acids and derivatives"	0.999	"Amino acids, peptides, and analogues"	0.998	"Amino acids and derivatives"	0.998	"Carbamate esters"	0.907	"Organic compounds; Lipids and lipid-like molecules; Amino acids, peptides, and analogues; Alpha amino acids and derivatives; Fatty acids and conjugates; Organic acids and derivatives; Carboxylic acids and derivatives; Organonitrogen compounds; Carbamic acids and derivatives; Organooxygen compounds; Fatty acid esters; Branched fatty acids; Amino acids and derivatives; Organic carbonic acids and derivatives; Carboxylic acid derivatives; Monocarboxylic acids and derivatives; Carbamate esters; Carboxylic acids; Carbonyl compounds; Methyl-branched fatty acids; Fatty Acyls; Organic oxides; Hydrocarbon derivatives; Valine and derivatives; Organopnictogen compounds; Organic oxygen compounds; Organic nitrogen compounds; Chemical entities"	257.147	404	6.733	839408936718479616	839408502322792832	839408502322792832	686	NA	686
1	"C5H11NO2"	"[M + Na]+"	"C5H11NNaO2+"	"Amino acids and Peptides"	0.69	"Small peptides"	0.833	"Aminoacids"	0.747	"Organic acids and derivatives"	0.979	"Carboxylic acids and derivatives"	0.971	"Amino acids, peptides, and analogues"	0.723	"Amino acids and derivatives"	0.72	"Alpha amino acids and derivatives"	0.686	"Organic compounds; Amino acids, peptides, and analogues; Alpha amino acids and derivatives; Organic acids and derivatives; Carboxylic acids and derivatives; Organonitrogen compounds; Organooxygen compounds; Amino acids and derivatives; Quaternary ammonium salts; Carboxylic acid derivatives; Monocarboxylic acids and derivatives; Carboxylic acid esters; Carbonyl compounds; Amines; Organic cations; Organic salts; Organic oxides; Hydrocarbon derivatives; Tetraalkylammonium salts; Organopnictogen compounds; Organic oxygen compounds; Organic nitrogen compounds; Chemical entities"	140.068	404	6.741	839408937158881536	839408502054357376	839408502054357376	678	NA	678
1	"C10H22N2O4"	"[M + Na]+"	"C10H22N2NaO4+"	"Amino acids and Peptides"	0.998	"Small peptides"	0.999	"Dipeptides"	0.976	"Organic acids and derivatives"	1	"Carboxylic acids and derivatives"	1	"Amino acids, peptides, and analogues"	0.996	"Peptides"	0.9	"Dipeptides"	0.788	"Organic compounds; Lipids and lipid-like molecules; Amino acids, peptides, and analogues; Alpha amino acids and derivatives; Fatty acids and conjugates; Organic acids and derivatives; Carboxylic acids and derivatives; Organonitrogen compounds; Organooxygen compounds; Fatty amides; Branched fatty acids; Amino acids and derivatives; Peptides; Monoalkylamines; Carboxylic acid amides; Carboxylic acid derivatives; N-acyl amines; Monocarboxylic acids and derivatives; N-acyl-alpha amino acids and derivatives; Carboxylic acids; Secondary carboxylic acid amides; Carbonyl compounds; Alpha amino acid amides; N-acyl-alpha amino acids; Amines; Primary amines; Methyl-branched fatty acids; Fatty Acyls; Organic oxides; Hydrocarbon derivatives; Amino acids; Valine and derivatives; Organopnictogen compounds; Organic oxygen compounds; Organic nitrogen compounds; Dipeptides; Chemical entities"	257.147	405	6.745	839408795924081280	839408502121466240	839408502121466240	680	NA	680
1	"C6H14O6"	"[M + H]+"	"C6H15O6+"	"Fatty acids"	0.949	"Fatty acyls"	0.978	"Fatty alcohols"	0.991	"Organic oxygen compounds"	0.999	"Organooxygen compounds"	0.997	"Carbohydrates and carbohydrate conjugates"	0.516	"Sugar alcohols"	0.862	"Sugar alcohols"	0.862	"Organic compounds; Carbohydrates and carbohydrate conjugates; Alcohols and polyols; Primary alcohols; Organooxygen compounds; Secondary alcohols; Sugar alcohols; Polyols; Hydrocarbon derivatives; Organic oxygen compounds; Chemical entities"	183.086	405	6.749	839408799363410560	839408502452816256	839408502452816256	690	NA	690
2	"C8H20NO6P"	"[M + H]+"	"C8H21NO6P+"	"Fatty acids"	0.967	"Glycerophospholipids"	0.875	"Glycerophosphocholines"	0.69	"Organic nitrogen compounds"	0.997	"Organonitrogen compounds"	0.994	"Quaternary ammonium salts"	0.938	"Cholines"	0.791	"Phosphocholines"	0.645	"Organic compounds; Alcohols and polyols; Glycerophospholipids; Organic acids and derivatives; Organonitrogen compounds; Primary alcohols; Organooxygen compounds; Organic phosphoric acids and derivatives; Phosphate esters; Quaternary ammonium salts; Cholines; Phosphocholines; Secondary alcohols; Polyols; Amines; 1,2-diols; Alkyl phosphates; Dialkyl phosphates; Organic cations; Organic oxides; Hydrocarbon derivatives; Tetraalkylammonium salts; Organopnictogen compounds; Organic oxygen compounds; Organic nitrogen compounds; Chemical entities"	258.11	407	6.785	839408799438908160	839408502519925120	839408502519925120	692	NA	692
1	"C8H20N2O6S"	"[M - H2O + H]+"	"C8H19N2O5S+"	"Fatty acids"	0.257	"Small peptides"	0.071	"Sphingoid bases"	0.075	"Organic acids and derivatives"	0.963	"Organic sulfonic acids and derivatives"	0.93	"Organosulfonic acids and derivatives"	0.93	"Alkanesulfonic acids and derivatives"	0.944	"Alkanesulfonic acids"	0.922	"Organic compounds; Organosulfur compounds; Alcohols and polyols; Organic acids and derivatives; Organosulfonic acids and derivatives; Organonitrogen compounds; Primary alcohols; Organooxygen compounds; Sulfonyls; Organosulfonic acids; 1,2-aminoalcohols; Amines; Alkanolamines; Alkanesulfonic acids and derivatives; Alkanesulfonic acids; Organic oxides; Hydrocarbon derivatives; Organic sulfonic acids and derivatives; Organopnictogen compounds; Organic oxygen compounds; Organic nitrogen compounds; Chemical entities"	255.101	409	6.815	839408804870531840	839408502553479552	839408502553479552	693	NA	693
2	"C12H22O11"	"[M + Na]+"	"C12H22NaO11+"	"Carbohydrates"	1	"Saccharides"	1	"Disaccharides"	0.999	"Organic oxygen compounds"	1	"Organooxygen compounds"	1	"Carbohydrates and carbohydrate conjugates"	1	"Glycosyl compounds"	0.991	"C-glycosyl compounds"	0.525	"Organic compounds; Organoheterocyclic compounds; Carbohydrates and carbohydrate conjugates; Alcohols and polyols; Ethers; Primary alcohols; Organooxygen compounds; Disaccharides; Acetals; Secondary alcohols; Oxanes; Glycosyl compounds; C-glycosyl compounds; O-glycosyl compounds; Polyols; Oxacyclic compounds; Hydrocarbon derivatives; Organic oxygen compounds; Chemical entities"	365.106	412	6.868	839408809991777152	839408502620588416	839408502620588416	695	NA	695
5	"C20H17Br2Cl2F3N2O3"	"[M - H2O + H]+"	"C20H16Br2Cl2F3N2O2+"	"Alkaloids"	0.32	"Proline alkaloids"	0.329	"Pyrrole alkaloids"	0.328	"Benzenoids"	0.996	"Benzene and substituted derivatives"	0.992	"Benzoic acids and derivatives"	0.697	"Halobenzoic acids and derivatives"	0.733	"3-halobenzoic acids and derivatives"	0.664	"Organic compounds; Halobenzenes; Alcohols and polyols; Benzoic acids and derivatives; Organic acids and derivatives; Carboxylic acids and derivatives; Organohalogen compounds; Organonitrogen compounds; Benzoyl derivatives; Organooxygen compounds; Alkyl fluorides; Aryl bromides; Aryl chlorides; Aryl fluorides; Bromobenzenes; Chlorobenzenes; Fluorobenzenes; Organobromides; Organochlorides; Organofluorides; Benzene and substituted derivatives; Phenol ethers; Benzenoids; Aryl halides; Alkyl halides; Halobenzoic acids and derivatives; 3-halobenzoic acids and derivatives; Organic oxides; Heteroaromatic compounds; Hydrocarbon derivatives; Organopnictogen compounds; Organic oxygen compounds; Organic nitrogen compounds; Phenoxy compounds; Chemical entities"	600.892	412	6.874	839408812625800064	839408502784166272	839408502784166272	701	NA	701
1	"C41H74N8O9"	"[M + K]+"	"C41H74KN8O9+"	"Amino acids and Peptides"	0.97	"Oligopeptides"	0.996	"Cyclic peptides"	0.39	"Organic acids and derivatives"	1	"Carboxylic acids and derivatives"	0.997	"Amino acids, peptides, and analogues"	0.996	"Peptides"	0.769	"Oligopeptides"	0.517	"Organic compounds; Organoheterocyclic compounds; Lipids and lipid-like molecules; Amino acids, peptides, and analogues; Alpha amino acids and derivatives; Alcohols and polyols; Phenethylamines; Amphetamines and derivatives; Pyrrolidines; Organic acids and derivatives; Carboxylic acids and derivatives; Organonitrogen compounds; Organooxygen compounds; Fatty amides; Amino acids and derivatives; Peptides; Carboxylic acid amides; Carboxylic acid derivatives; N-acyl amines; Monocarboxylic acids and derivatives; N-acyl-alpha amino acids and derivatives; Carboxylic acids; Secondary carboxylic acid amides; Tertiary carboxylic acid amides; Carbonyl compounds; Pyrrolidine carboxylic acids and derivatives; Pyrrolidinecarboxamides; Benzene and substituted derivatives; Alpha amino acid amides; Benzenoids; N-acylpyrrolidines; Fatty Acyls; Organic oxides; Azacyclic compounds; Hydrocarbon derivatives; Proline and derivatives; Organopnictogen compounds; Organic oxygen compounds; Organic nitrogen compounds; Oligopeptides; Chemical entities"	861.521	412	6.875	839408992586609280	839408502582839680	839408502582839680	694	NA	694
1	"C26H32N6O11"	"[M + Na]+"	"C26H32N6NaO11+"	"Amino acids and Peptides"	0.456	"Oligopeptides"	0.412	"Linear peptides"	0.161	"Organic acids and derivatives"	0.952	"Carboxylic acids and derivatives"	0.79	"Amino acids, peptides, and analogues"	0.572	"Amino acids and derivatives"	0.554	"Alpha amino acids and derivatives"	0.508	"Organic compounds; Organoheterocyclic compounds; Carbohydrates and carbohydrate conjugates; Amino acids, peptides, and analogues; Alpha amino acids and derivatives; Alcohols and polyols; Organic acids and derivatives; Carboxylic acids and derivatives; Organonitrogen compounds; Organooxygen compounds; Amino acids and derivatives; Carboxylic acid amides; Carboxylic acid derivatives; Secondary alcohols; Secondary carboxylic acid amides; Carbonyl compounds; Glycosylamines; Benzene and substituted derivatives; Benzenoids; Amines; Organic oxides; Hydrocarbon derivatives; Organopnictogen compounds; Organic oxygen compounds; Organic nitrogen compounds; Chemical entities"	627.202	413	6.88	839409439196102272	839408502683502976	839408502683502976	697	NA	697
4	"C28H38O13"	"[M + Na]+"	"C28H38NaO13+"	"Terpenoids"	0.698	"Monoterpenoids"	0.176	"Secoiridoid monoterpenoids"	0.285	"Lipids and lipid-like molecules"	0.735	"Prenol lipids"	0.497	"Terpene glycosides"	0.574	NA	NA	"Terpene glycosides"	0.574	"Organic compounds; Organoheterocyclic compounds; Carbohydrates and carbohydrate conjugates; Lipids and lipid-like molecules; Alcohols and polyols; Phenols; Ethers; Organic acids and derivatives; Primary alcohols; Organooxygen compounds; Disaccharides; Acetals; Secondary alcohols; Carbonyl compounds; Oxanes; Terpene glycosides; Glycosyl compounds; O-glycosyl compounds; Benzene and substituted derivatives; Polyols; Benzenoids; Organic oxides; Oxacyclic compounds; Hydrocarbon derivatives; Organic oxygen compounds; 1-hydroxy-2-unsubstituted benzenoids; Chemical entities"	605.221	413	6.889	839409189022644480	839408502754806144	839408502754806144	700	NA	700
1	"C18H31N5O9"	"[M + Na]+"	"C18H31N5NaO9+"	"Carbohydrates"	0.993	"Aminosugars and aminoglycosides"	0.957	"Aminoglycosides"	0.971	"Organic oxygen compounds"	1	"Organooxygen compounds"	0.999	"Carbohydrates and carbohydrate conjugates"	0.95	"Aminosaccharides"	0.973	"4,6-disubstituted 2-deoxystreptamines"	0.872	"Organic compounds; Organoheterocyclic compounds; Carbohydrates and carbohydrate conjugates; Alcohols and polyols; Ethers; Organonitrogen compounds; Aminoglycosides; Primary alcohols; Organooxygen compounds; Monoalkylamines; Cyclic alcohols and derivatives; Monosaccharides; Acetals; Secondary alcohols; Aminocyclitol glycosides; 1,2-aminoalcohols; Oxanes; Glycosyl compounds; O-glycosyl compounds; Amines; Primary amines; Alkanolamines; Cyclitols and derivatives; Aminocyclitols and derivatives; Cyclohexanols; Cyclohexylamines; Aminosaccharides; 4,6-disubstituted 2-deoxystreptamines; 2-deoxystreptamine aminoglycosides; Oxacyclic compounds; Hydrocarbon derivatives; Organopnictogen compounds; Organic oxygen compounds; Organic nitrogen compounds; Chemical entities"	484.2	414	6.894	839408811250068352	839408502926772608	839408502926772608	705	NA	705
4	"C34H38N4O13"	"[M + H]+"	"C34H39N4O13+"	"Amino acids and Peptides"	0.666	"Oligopeptides"	0.745	"Cyclic peptides"	0.448	"Organic acids and derivatives"	0.994	"Carboxylic acids and derivatives"	0.987	"Amino acids, peptides, and analogues"	0.717	"Amino acids and derivatives"	0.694	"Alpha amino acids and derivatives"	0.791	"Organic compounds; Organoheterocyclic compounds; Carbohydrates and carbohydrate conjugates; Amino acids, peptides, and analogues; Alpha amino acids and derivatives; Macrolactams; Alcohols and polyols; Phenols; Lactams; Ethers; Phenylpropanoids and polyketides; Organic acids and derivatives; Carboxylic acids and derivatives; Organonitrogen compounds; Primary alcohols; Organooxygen compounds; Amino acids and derivatives; Carboxylic acid amides; Carboxylic acid derivatives; Monosaccharides; Secondary alcohols; Secondary carboxylic acid amides; Carbonyl compounds; Oxanes; Glycosyl compounds; O-glycosyl compounds; Benzene and substituted derivatives; Polyols; Benzenoids; Organic oxides; Azacyclic compounds; Oxacyclic compounds; Heteroaromatic compounds; Hydrocarbon derivatives; Organopnictogen compounds; Organic oxygen compounds; 1-hydroxy-2-unsubstituted benzenoids; Organic nitrogen compounds; Chemical entities"	711.254	414	6.894	839408857974615552	839408503048407552	839408503048407552	708	NA	708
3	"C13H20N4O7"	"[M + H3N + H]+"	"C13H24N5O7+"	"Carbohydrates"	0.986	"Nucleosides"	0.892	"Purine nucleosides"	0.603	"Organic oxygen compounds"	1	"Organooxygen compounds"	0.999	"Carbohydrates and carbohydrate conjugates"	0.924	"Glycosyl compounds"	0.67	"Glycosylamines"	0.532	"Organic compounds; Organoheterocyclic compounds; Carbohydrates and carbohydrate conjugates; Pyrimidines and pyrimidine derivatives; Imidazoles; Alcohols and polyols; Organic acids and derivatives; Organonitrogen compounds; Primary alcohols; Pyrimidones; Organooxygen compounds; Diazines; Monosaccharides; Secondary alcohols; Glycosyl compounds; Glycosylamines; Polyols; Amines; Vinylogous amides; Organic oxides; Azacyclic compounds; Oxacyclic compounds; Heteroaromatic compounds; Hydrocarbon derivatives; Organopnictogen compounds; Organic oxygen compounds; Organic nitrogen compounds; Chemical entities"	362.167	414	6.895	839408822562106368	839408502889023872	839408502889023872	704	NA	704
1	"C6H14O6"	"[M - H2O + H]+"	"C6H13O5+"	"Fatty acids"	0.969	"Fatty acyls"	0.99	"Fatty alcohols"	0.995	"Organic oxygen compounds"	1	"Organooxygen compounds"	0.999	"Carbohydrates and carbohydrate conjugates"	0.901	"Monosaccharides"	0.861	"Monosaccharides"	0.861	"Organic compounds; Carbohydrates and carbohydrate conjugates; Alcohols and polyols; Primary alcohols; Organooxygen compounds; Monosaccharides; Secondary alcohols; Sugar alcohols; Polyols; Hydrocarbon derivatives; Organic oxygen compounds; Chemical entities"	165.076	414	6.895	839408823220612096	839408503115516416	839408503115516416	710	NA	710
4	"C12H24O11"	"[M + K]+"	"C12H24KO11+"	"Carbohydrates"	0.985	"Saccharides"	0.993	"Disaccharides"	0.978	"Lipids and lipid-like molecules"	0.634	"Fatty Acyls"	0.692	"Fatty acyl glycosides"	0.65	"Alkyl glycosides"	0.583	"Alkyl glycosides"	0.583	"Organic compounds; Organoheterocyclic compounds; Carbohydrates and carbohydrate conjugates; Lipids and lipid-like molecules; Alcohols and polyols; Ethers; Primary alcohols; Organooxygen compounds; Disaccharides; Acetals; Secondary alcohols; Fatty acyl glycosides; Oxanes; Glycosyl compounds; Alkyl glycosides; O-glycosyl compounds; Polyols; Fatty acyl glycosides of mono- and disaccharides; Fatty Acyls; Oxacyclic compounds; Hydrocarbon derivatives; Organic oxygen compounds; Chemical entities"	383.095	414	6.896	839409120080868864	839408502855469440	839408502855469440	703	NA	703
2	"C12H24O11"	"[M + H]+"	"C12H25O11+"	"Carbohydrates"	0.97	"Saccharides"	0.972	"Disaccharides"	0.872	"Lipids and lipid-like molecules"	0.691	"Fatty Acyls"	0.699	"Fatty acyl glycosides"	0.617	"Alkyl glycosides"	0.561	"Alkyl glycosides"	0.561	"Organic compounds; Organoheterocyclic compounds; Carbohydrates and carbohydrate conjugates; Lipids and lipid-like molecules; Alcohols and polyols; Ethers; Primary alcohols; Organooxygen compounds; Monosaccharides; Acetals; Secondary alcohols; Fatty acyl glycosides; Oxanes; Glycosyl compounds; Alkyl glycosides; O-glycosyl compounds; Polyols; Fatty acyl glycosides of mono- and disaccharides; Fatty Acyls; Oxacyclic compounds; Hydrocarbon derivatives; Organic oxygen compounds; Chemical entities"	345.139	414	6.896	839408828991974528	839408502956132864	839408502956132864	706	NA	706
1	"C6H14O6"	"[M + H]+"	"C6H15O6+"	"Fatty acids"	0.977	"Fatty acyls"	0.991	"Fatty alcohols"	0.996	"Organic oxygen compounds"	1	"Organooxygen compounds"	0.999	"Carbohydrates and carbohydrate conjugates"	0.926	"Monosaccharides"	0.901	"Monosaccharides"	0.901	"Organic compounds; Carbohydrates and carbohydrate conjugates; Alcohols and polyols; Primary alcohols; Organooxygen compounds; Monosaccharides; Secondary alcohols; Sugar alcohols; Polyols; Hydrocarbon derivatives; Organic oxygen compounds; Chemical entities"	183.086	414	6.896	839408823635848192	839408503014853120	839408503014853120	707	NA	707
6	"C24H34O5"	"[M + H3N + H]+"	"C24H38NO5+"	"Shikimates and Phenylpropanoids"	0.489	"Flavonoids"	0.283	"Chalcones"	0.277	"Organic oxygen compounds"	1	"Organooxygen compounds"	1	"Ethers"	0.571	"Alkyl aryl ethers"	0.508	"Alkyl aryl ethers"	0.508	"Organic compounds; Ketones; Alkyl aryl ethers; Phenols; Ethers; Phenylpropanoids and polyketides; Organic acids and derivatives; Organooxygen compounds; Carbonyl compounds; Benzene and substituted derivatives; Benzenoids; Organic oxides; Hydrocarbon derivatives; Organic oxygen compounds; Chemical entities"	420.273	415	6.908	839408823493241856	839408503081961984	839408503081961984	709	NA	709
3	"C23H48N6O9"	"[M + H]+"	"C23H49N6O9+"	"Amino acids and Peptides"	0.642	"Oligopeptides"	0.888	"Linear peptides"	0.72	"Organic acids and derivatives"	0.994	"Carboxylic acids and derivatives"	0.978	"Amino acids, peptides, and analogues"	0.779	"Amino acids and derivatives"	0.752	"Alpha amino acids and derivatives"	0.563	"Organic compounds; Lipids and lipid-like molecules; Amino acids, peptides, and analogues; Alpha amino acids and derivatives; Alcohols and polyols; Organic acids and derivatives; Carboxylic acids and derivatives; Organonitrogen compounds; Primary alcohols; Organooxygen compounds; Fatty amides; Amino acids and derivatives; Hydroxamic acids; Monoalkylamines; Carboxylic acid amides; Carboxylic acid derivatives; N-acyl amines; Monocarboxylic acids and derivatives; Carboxylic acids; Primary carboxylic acid amides; Secondary carboxylic acid amides; Carbonyl compounds; Amines; Primary amines; Acetohydroxamic acids; Fatty Acyls; Organic oxides; Hydrocarbon derivatives; Organopnictogen compounds; Organic oxygen compounds; Organic nitrogen compounds; Chemical entities"	553.354	415	6.911	839408837917453568	839408502717057408	839408502717057408	699	NA	699
2	"C12H24O11"	"[M + K]+"	"C12H24KO11+"	"Carbohydrates"	0.984	"Saccharides"	0.992	"Disaccharides"	0.957	"Lipids and lipid-like molecules"	0.623	"Fatty Acyls"	0.663	"Fatty acyl glycosides"	0.6	"Alkyl glycosides"	0.549	"Alkyl glycosides"	0.549	"Organic compounds; Organoheterocyclic compounds; Carbohydrates and carbohydrate conjugates; Lipids and lipid-like molecules; Alcohols and polyols; Ethers; Primary alcohols; Organooxygen compounds; Disaccharides; Acetals; Secondary alcohols; Fatty acyl glycosides; Oxanes; Glycosyl compounds; Alkyl glycosides; O-glycosyl compounds; Polyols; Fatty acyl glycosides of mono- and disaccharides; Fatty Acyls; Oxacyclic compounds; Hydrocarbon derivatives; Organic oxygen compounds; Chemical entities"	383.095	415	6.912	839408869479591680	839408503207791104	839408503207791104	713	NA	713
1	"C10H24N2O8S2"	"[M + H]+"	"C10H25N2O8S2+"	"Amino acids and Peptides"	0.652	"Small peptides"	0.379	"N-acyl amines"	0.25	"Organic acids and derivatives"	0.953	"Organic sulfonic acids and derivatives"	0.702	"Organosulfonic acids and derivatives"	0.704	"Alkanesulfonic acids and derivatives"	0.861	"Alkanesulfonic acids"	0.813	"Organic compounds; Organosulfur compounds; Alcohols and polyols; Organic acids and derivatives; Organosulfonic acids and derivatives; Organonitrogen compounds; Organooxygen compounds; Monoalkylamines; Sulfonyls; Organosulfonic acids; Amines; Alkanesulfonic acids and derivatives; Alkanesulfonic acids; Organic oxides; Hydrocarbon derivatives; Organic sulfonic acids and derivatives; Organopnictogen compounds; Organic oxygen compounds; Organic nitrogen compounds; Chemical entities"	365.106	420	7	839408829293964416	839408503270705664	839408503270705664	715	NA	715
2	"C28H47N3O7"	"[M + H]+"	"C28H48N3O7+"	"Amino acids and Peptides"	0.556	"Oligopeptides"	0.91	"Depsipeptides"	0.464	"Organic acids and derivatives"	0.961	"Carboxylic acids and derivatives"	0.926	"Amino acids, peptides, and analogues"	0.825	"Amino acids and derivatives"	0.811	"Alpha amino acids and derivatives"	0.772	"Organic compounds; Organoheterocyclic compounds; Amino acids, peptides, and analogues; Alpha amino acids and derivatives; Organic acids and derivatives; Carboxylic acids and derivatives; Organonitrogen compounds; Organooxygen compounds; Amino acids and derivatives; Carboxylic acid amides; Carboxylic acid derivatives; Monocarboxylic acids and derivatives; Secondary carboxylic acid amides; Tertiary carboxylic acid amides; Carbonyl compounds; Benzenoids; Organic oxides; Azacyclic compounds; Oxacyclic compounds; Hydrocarbon derivatives; Organopnictogen compounds; Organic oxygen compounds; Organic nitrogen compounds; Chemical entities"	538.35	420	7	839408879952768896	839408503144876544	839408503144876544	711	NA	711
5	"C3H7O4P"	"[M + H3N + H]+"	"C3H11NO4P+"	"Fatty acids"	0.781	"Fatty Acids and Conjugates"	0.349	"Halogenated fatty acids"	0.053	"Organic acids and derivatives"	0.926	"Organic phosphonic acids and derivatives"	0.503	NA	NA	NA	NA	"Organic phosphonic acids and derivatives"	0.503	"Organic compounds; Organic acids and derivatives; Organooxygen compounds; Organophosphorus compounds; Organic phosphonic acids and derivatives; Carbonyl compounds; Organic oxides; Hydrocarbon derivatives; Organic oxygen compounds; Chemical entities"	156.042	420	7.001	839409273089080192	839408503241345536	839408503237151232	714	NA	714
1	"C8H20N2O6S"	"[M - H2O + H]+"	"C8H19N2O5S+"	"Fatty acids"	0.356	"Small peptides"	0.024	"Sphingoid bases"	0.062	"Organic acids and derivatives"	0.982	"Organic sulfonic acids and derivatives"	0.941	"Organosulfonic acids and derivatives"	0.94	"Alkanesulfonic acids and derivatives"	0.916	"Alkanesulfonic acids"	0.881	"Organic compounds; Organosulfur compounds; Alcohols and polyols; Organic acids and derivatives; Organosulfonic acids and derivatives; Organonitrogen compounds; Primary alcohols; Organooxygen compounds; Sulfonyls; Organosulfonic acids; 1,2-aminoalcohols; Amines; Alkanolamines; Alkanesulfonic acids and derivatives; Alkanesulfonic acids; Organic oxides; Hydrocarbon derivatives; Organic sulfonic acids and derivatives; Organopnictogen compounds; Organic oxygen compounds; Organic nitrogen compounds; Chemical entities"	255.101	423	7.048	839409317703892096	839408503333620224	839408503333620224	717	NA	717
3	"C13H24N2O5S"	"[M + H3N + H]+"	"C13H28N3O5S+"	"Amino acids and Peptides"	0.784	"Small peptides"	0.832	"N-acyl amines"	0.36	"Organic acids and derivatives"	0.999	"Carboxylic acids and derivatives"	0.991	"Amino acids, peptides, and analogues"	0.881	"Amino acids and derivatives"	0.876	"Alpha amino acids and derivatives"	0.749	"Organic compounds; Organosulfur compounds; Lipids and lipid-like molecules; Amino acids, peptides, and analogues; Alpha amino acids and derivatives; Alcohols and polyols; Fatty acids and conjugates; Organic acids and derivatives; Carboxylic acids and derivatives; Organonitrogen compounds; Organooxygen compounds; Amino acids and derivatives; Carboxylic acid amides; Carboxylic acid derivatives; Monocarboxylic acids and derivatives; Sulfonyls; Carboxylic acids; Thia fatty acids; Secondary carboxylic acid amides; Carbonyl compounds; Fatty Acyls; Organic oxides; Hydrocarbon derivatives; Organopnictogen compounds; Organic oxygen compounds; Organic nitrogen compounds; Chemical entities"	338.174	424	7.071	839408829109415040	839408503367174656	839408503362980352	718	NA	718
2	"C6H8O4"	"[M + H3N + H]+"	"C6H12NO4+"	"Fatty acids"	0.976	"Fatty Acids and Conjugates"	0.936	"Dicarboxylic acids"	0.793	"Organic acids and derivatives"	0.988	"Carboxylic acids and derivatives"	0.982	"Dicarboxylic acids and derivatives"	0.55	NA	NA	"Dicarboxylic acids and derivatives"	0.55	"Organic compounds; Lipids and lipid-like molecules; Fatty acids and conjugates; Organic acids and derivatives; Carboxylic acids and derivatives; Organooxygen compounds; Unsaturated fatty acids; Dicarboxylic acids and derivatives; Carboxylic acids; Carbonyl compounds; Fatty Acyls; Organic oxides; Hydrocarbon derivatives; Organic oxygen compounds; Chemical entities"	162.076	428	7.141	839409002954928896	839408503430089216	839408503430089216	720	NA	720
8	"C20H17Br2Cl2F3N2O3"	"[M - H2O + H]+"	"C20H16Br2Cl2F3N2O2+"	"Alkaloids"	0.282	"Proline alkaloids"	0.237	"Pyrrole alkaloids"	0.237	"Benzenoids"	0.995	"Benzene and substituted derivatives"	0.99	"Benzoic acids and derivatives"	0.606	"Halobenzoic acids and derivatives"	0.567	"3-halobenzoic acids and derivatives"	0.59	"Organic compounds; Halobenzenes; Benzoic acids and derivatives; Ethers; Organic acids and derivatives; Carboxylic acids and derivatives; Organohalogen compounds; Organonitrogen compounds; Benzoyl derivatives; Organooxygen compounds; Alkyl fluorides; Aryl bromides; Aryl chlorides; Bromobenzenes; Chlorobenzenes; Organobromides; Organochlorides; Organofluorides; Benzene and substituted derivatives; Phenol ethers; Benzenoids; Dichlorobenzenes; Aryl halides; Alkyl halides; Halobenzoic acids and derivatives; 3-halobenzoic acids and derivatives; Organic oxides; Heteroaromatic compounds; Hydrocarbon derivatives; Organopnictogen compounds; Organic oxygen compounds; Organic nitrogen compounds; Phenoxy compounds; Chemical entities"	600.892	430	7.163	839409153501083648	839408503555918336	839408503555918336	724	NA	724
1	"C28H48N2O6"	"[M + Na]+"	"C28H48N2NaO6+"	"Alkaloids"	0.334	"Tyrosine alkaloids"	0.283	"Phenylethylamines"	0.076	"Organic acids and derivatives"	0.98	"Carboxylic acids and derivatives"	0.966	"Amino acids, peptides, and analogues"	0.837	"Amino acids and derivatives"	0.832	"Alpha amino acids and derivatives"	0.864	"Organic compounds; Lipids and lipid-like molecules; Amino acids, peptides, and analogues; Alpha amino acids and derivatives; Alcohols and polyols; Organic acids and derivatives; Carboxylic acids and derivatives; Organonitrogen compounds; Organooxygen compounds; Fatty amides; Amino acids and derivatives; Carboxylic acid amides; Carboxylic acid derivatives; N-acyl amines; Monocarboxylic acids and derivatives; Carboxylic acids; Secondary alcohols; Secondary carboxylic acid amides; Carbonyl compounds; Benzenoids; Amines; Fatty Acyls; Organic oxides; Hydrocarbon derivatives; Organopnictogen compounds; Organic oxygen compounds; Organic nitrogen compounds; Chemical entities"	531.342	432	7.198	839408838915698048	839408503396534784	839408503396534784	719	NA	719
1	"C15H28O13"	"[M + Na]+"	"C15H28NaO13+"	"Carbohydrates"	0.995	"Saccharides"	0.997	"Disaccharides"	0.989	"Organic oxygen compounds"	1	"Organooxygen compounds"	1	"Carbohydrates and carbohydrate conjugates"	0.999	"Disaccharides"	0.786	"Disaccharides"	0.786	"Organic compounds; Organoheterocyclic compounds; Carbohydrates and carbohydrate conjugates; Alcohols and polyols; Ethers; Primary alcohols; Organooxygen compounds; Disaccharides; Acetals; Secondary alcohols; Oxanes; Glycosyl compounds; O-glycosyl compounds; Polyols; Oxacyclic compounds; Hydrocarbon derivatives; Organic oxygen compounds; Chemical entities"	439.142	433	7.214	839408849355320832	839408503593667072	839408503589472768	725	NA	725
2	"C31H39N5O2"	"[M + H3N + H]+"	"C31H43N6O2+"	"Alkaloids"	0.887	"Tryptophan alkaloids"	0.196	"Pyrroloindole alkaloids"	0.113	"Benzenoids"	0.971	"Benzene and substituted derivatives"	0.813	NA	NA	NA	NA	"Benzene and substituted derivatives"	0.813	"Organic compounds; Organoheterocyclic compounds; Ethers; Organic acids and derivatives; Carboxylic acids and derivatives; Organonitrogen compounds; Organooxygen compounds; Azoles; Benzene and substituted derivatives; Benzenoids; Amines; Tertiary amines; Organic oxides; Azacyclic compounds; Heteroaromatic compounds; Hydrocarbon derivatives; Organopnictogen compounds; Organic oxygen compounds; Organic nitrogen compounds; Chemical entities"	531.342	435	7.243	839408842820595072	839408503493003776	839408503493003776	722	NA	722
3	"C6H14N2O3S"	"[M + H]+"	"C6H15N2O3S+"	"Amino acids and Peptides"	0.32	"Small peptides"	0.128	"Aminoacids"	0.082	"Organic acids and derivatives"	0.957	"Organic sulfonic acids and derivatives"	0.756	"Organosulfonic acids and derivatives"	0.745	"Alkanesulfonic acids and derivatives"	0.811	"Alkanesulfonic acids"	0.804	"Organic compounds; Organoheterocyclic compounds; Organosulfur compounds; Organic acids and derivatives; Organosulfonic acids and derivatives; Organonitrogen compounds; Sulfonyls; Organosulfonic acids; Amines; Alkanesulfonic acids and derivatives; Alkanesulfonic acids; Organic oxides; Azacyclic compounds; Hydrocarbon derivatives; Organic sulfonic acids and derivatives; Organopnictogen compounds; Organic oxygen compounds; Organic nitrogen compounds; Chemical entities"	195.08	439	7.32	839408838303329536	839408503623027200	839408503623027200	726	NA	726
1	"C30H52O5"	"[M + K]+"	"C30H52KO5+"	"Terpenoids"	0.937	"Steroids"	0.896	"Cholane steroids"	0.5	"Lipids and lipid-like molecules"	0.94	"Steroids and steroid derivatives"	0.906	"Bile acids, alcohols and derivatives"	0.72	NA	NA	"Bile acids, alcohols and derivatives"	0.72	"Organic compounds; Lipids and lipid-like molecules; Benzoic acids and derivatives; Steroids and steroid derivatives; Organic acids and derivatives; Carboxylic acids and derivatives; Benzoyl derivatives; Organooxygen compounds; Dicarboxylic acids and derivatives; Carboxylic acid derivatives; Carboxylic acid esters; Benzoic acid esters; Bile acids, alcohols and derivatives; Carbonyl compounds; Benzene and substituted derivatives; Benzenoids; Organic oxides; Hydrocarbon derivatives; Organic oxygen compounds; Chemical entities"	531.342	442	7.361	839408830359317632	839408503656581632	839408503656581632	727	NA	727
2	"C35H62NO8P"	"[M + H]+"	"C35H63NO8P+"	"Fatty acids"	1	"Glycerophospholipids"	1	"Glycerophosphoethanolamines"	1	"Lipids and lipid-like molecules"	0.994	"Glycerophospholipids"	1	"Glycerophosphoethanolamines"	0.998	"Phosphatidylethanolamines"	0.981	"Phosphatidylethanolamines"	0.981	"Organic compounds; Lipids and lipid-like molecules; Amino acids, peptides, and analogues; Glycerophospholipids; Organic acids and derivatives; Carboxylic acids and derivatives; Organonitrogen compounds; Organooxygen compounds; Fatty acid esters; Dicarboxylic acids and derivatives; Amino acids and derivatives; Organic phosphoric acids and derivatives; Phosphate esters; Monoalkylamines; Carboxylic acid derivatives; Carboxylic acid esters; Phosphoethanolamines; Phosphatidylethanolamines; Carbonyl compounds; Glycerophosphoethanolamines; Amines; Primary amines; Alkyl phosphates; Dialkyl phosphates; Fatty Acyls; Organic oxides; Hydrocarbon derivatives; Organopnictogen compounds; Organic oxygen compounds; Organic nitrogen compounds; Chemical entities"	656.426	444	7.408	839408856372391424	839408503748856320	839408503748856320	731	NA	731
2	"C33H58O12"	"[M + H3N + H]+"	"C33H62NO12+"	"Terpenoids"	0.832	"Triterpenoids"	0.668	"Cucurbitane triterpenoids"	0.207	"Lipids and lipid-like molecules"	0.948	"Prenol lipids"	0.717	"Triterpenoids"	0.581	NA	NA	"Triterpenoids"	0.581	"Organic compounds; Organoheterocyclic compounds; Carbohydrates and carbohydrate conjugates; Lipids and lipid-like molecules; Alcohols and polyols; Ethers; Steroids and steroid derivatives; Prenol lipids; Organic acids and derivatives; Carboxylic acids and derivatives; Organooxygen compounds; Steroidal glycosides; Carboxylic acid derivatives; Carboxylic acids; Carboxylic acid esters; Cyclic alcohols and derivatives; Hydroxysteroids; Monosaccharides; Triterpenoids; Acetals; Secondary alcohols; Carbonyl compounds; Oxanes; Glycosyl compounds; O-glycosyl compounds; Polyols; Organic oxides; Oxacyclic compounds; Hydrocarbon derivatives; Organic oxygen compounds; Chemical entities"	664.425	445	7.42	839408850689109504	839408503719496192	839408503719496192	729	NA	729
5	"C37H59N3O8"	"[M - H2O + H]+"	"C37H58N3O7+"	"Polyketides"	0.567	"Oligopeptides"	0.884	"Depsipeptides"	0.161	"Organic acids and derivatives"	0.986	"Carboxylic acids and derivatives"	0.969	"Amino acids, peptides, and analogues"	0.885	"Amino acids and derivatives"	0.872	"Alpha amino acids and derivatives"	0.526	"Organic compounds; Organoheterocyclic compounds; Lipids and lipid-like molecules; Amino acids, peptides, and analogues; Alpha amino acids and derivatives; Alcohols and polyols; Organic acids and derivatives; Carboxylic acids and derivatives; Organonitrogen compounds; Organooxygen compounds; Amino acids and derivatives; Carboxylic acid amides; Carboxylic acid derivatives; Carboxylic acid esters; Secondary alcohols; Secondary carboxylic acid amides; Carbonyl compounds; Trialkylamines; Amines; Tertiary amines; Organic oxides; Azacyclic compounds; Hydrocarbon derivatives; Organopnictogen compounds; Organic oxygen compounds; Organic nitrogen compounds; Chemical entities"	656.427	448	7.467	839408862374440576	839408503685941760	839408503685941760	728	NA	728
1	"C18H34O16"	"[M + H]+"	"C18H35O16+"	"Carbohydrates"	0.954	"Saccharides"	0.977	"Disaccharides"	0.816	"Organic oxygen compounds"	1	"Organooxygen compounds"	1	"Carbohydrates and carbohydrate conjugates"	0.998	"Disaccharides"	0.586	"Disaccharides"	0.586	"Organic compounds; Organoheterocyclic compounds; Carbohydrates and carbohydrate conjugates; Alcohols and polyols; Ethers; Primary alcohols; Organooxygen compounds; Disaccharides; Acetals; Secondary alcohols; Oxanes; Glycosyl compounds; O-glycosyl compounds; Polyols; Organic oxides; Oxacyclic compounds; Hydrocarbon derivatives; Organic oxygen compounds; Chemical entities"	507.192	466	7.764	839408861292310144	839408503811770880	839408503811770880	733	NA	733
2	"C18H34O16"	"[M + Na]+"	"C18H34NaO16+"	"Carbohydrates"	0.999	"Saccharides"	1	"Disaccharides"	0.974	"Organic oxygen compounds"	1	"Organooxygen compounds"	1	"Carbohydrates and carbohydrate conjugates"	1	"Oligosaccharides"	0.733	"Oligosaccharides"	0.733	"Organic compounds; Organoheterocyclic compounds; Carbohydrates and carbohydrate conjugates; Alcohols and polyols; Oligosaccharides; Ethers; Primary alcohols; Organooxygen compounds; Acetals; Secondary alcohols; Oxanes; Glycosyl compounds; O-glycosyl compounds; Polyols; Oxacyclic compounds; Hydrocarbon derivatives; Organic oxygen compounds; Chemical entities"	529.174	466	7.766	839408920364888192	839408503878879744	839408503878879744	735	NA	735
2	"C18H34O16"	"[M + H3N + H]+"	"C18H38NO16+"	"Carbohydrates"	0.973	"Saccharides"	0.987	"Disaccharides"	0.848	"Organic oxygen compounds"	1	"Organooxygen compounds"	1	"Carbohydrates and carbohydrate conjugates"	0.998	"Disaccharides"	0.573	"Disaccharides"	0.573	"Organic compounds; Organoheterocyclic compounds; Carbohydrates and carbohydrate conjugates; Alcohols and polyols; Ethers; Primary alcohols; Organooxygen compounds; Disaccharides; Acetals; Secondary alcohols; Oxanes; Glycosyl compounds; O-glycosyl compounds; Polyols; Organic oxides; Oxacyclic compounds; Hydrocarbon derivatives; Organic oxygen compounds; Chemical entities"	524.219	466	7.768	839408858532458112	839408503845325312	839408503841131008	734	NA	734
1	"C6H14O6"	"[M + H]+"	"C6H15O6+"	"Fatty acids"	0.963	"Fatty acyls"	0.988	"Fatty alcohols"	0.994	"Organic oxygen compounds"	1	"Organooxygen compounds"	0.999	"Carbohydrates and carbohydrate conjugates"	0.893	"Monosaccharides"	0.842	"Monosaccharides"	0.842	"Organic compounds; Carbohydrates and carbohydrate conjugates; Alcohols and polyols; Primary alcohols; Organooxygen compounds; Monosaccharides; Secondary alcohols; Sugar alcohols; Polyols; Hydrocarbon derivatives; Organic oxygen compounds; Chemical entities"	183.086	466	7.772	839408843269385600	839408503912434176	839408503912434176	736	NA	736
1	"C36H52N2O7"	"[M + H3N + H]+"	"C36H56N3O7+"	"Alkaloids"	0.587	"Tyrosine alkaloids"	0.919	"Isoquinoline alkaloids"	0.313	"Benzenoids"	0.997	"Phenol ethers"	0.863	"Anisoles"	0.814	NA	NA	"Anisoles"	0.814	"Organic compounds; Alkyl aryl ethers; Phenols; Anisoles; Ethers; Organic acids and derivatives; Carboxylic acids and derivatives; Organonitrogen compounds; Organooxygen compounds; Carboxylic acid amides; Carboxylic acid derivatives; Carbonyl compounds; Benzene and substituted derivatives; Phenol ethers; Benzenoids; Aralkylamines; Organic oxides; Methoxybenzenes; Hydrocarbon derivatives; Organopnictogen compounds; Organic oxygen compounds; 1-hydroxy-2-unsubstituted benzenoids; Organic nitrogen compounds; Phenoxy compounds; Chemical entities"	642.412	467	7.776	839408868733005568	839408503782410752	839408503778216448	732	NA	732
1	"C34H57N3O7"	"[M + Na]+"	"C34H57N3NaO7+"	"Amino acids and Peptides"	0.862	"Oligopeptides"	0.988	"Microcolins and mirabimids"	0.633	"Organic acids and derivatives"	0.999	"Carboxylic acids and derivatives"	0.997	"Amino acids, peptides, and analogues"	0.99	"Amino acids and derivatives"	0.988	"Alpha amino acid esters"	0.84	"Organic compounds; Lipids and lipid-like molecules; Amino acids, peptides, and analogues; Alpha amino acids and derivatives; Organic acids and derivatives; Carboxylic acids and derivatives; Organonitrogen compounds; Organooxygen compounds; Fatty amides; Amino acids and derivatives; Alpha amino acid esters; Carboxylic acid amides; Carboxylic acid derivatives; N-acyl amines; Monocarboxylic acids and derivatives; N-acyl-alpha amino acids and derivatives; Carboxylic acid esters; Secondary carboxylic acid amides; Tertiary carboxylic acid amides; Peptidomimetics; Carbonyl compounds; Alpha amino acid amides; Fatty Acyls; Organic oxides; Hydrocarbon derivatives; Valine and derivatives; Organopnictogen compounds; Organic oxygen compounds; Organic nitrogen compounds; Chemical entities"	642.412	474	7.906	839408894939017216	839408503941794304	839408503941794304	737	NA	737
1	"C10H24N2O8S2"	"[M - H2O + H]+"	"C10H23N2O7S2+"	"Fatty acids"	0.487	"Fatty amides"	0.03	"Sphingoid bases"	0.123	"Organic acids and derivatives"	0.989	"Organic sulfonic acids and derivatives"	0.984	"Organosulfonic acids and derivatives"	0.985	"Alkanesulfonic acids and derivatives"	0.984	"Alkanesulfonic acids"	0.981	"Organic compounds; Organosulfur compounds; Alcohols and polyols; Organic acids and derivatives; Organosulfonic acids and derivatives; Organonitrogen compounds; Primary alcohols; Organooxygen compounds; Sulfonyls; Organosulfonic acids; 1,2-aminoalcohols; Trialkylamines; Amines; Tertiary amines; Alkanolamines; Alkanesulfonic acids and derivatives; Alkanesulfonic acids; Organic oxides; Hydrocarbon derivatives; Organic sulfonic acids and derivatives; Organic oxygen compounds; Organic nitrogen compounds; Chemical entities"	347.094	474	7.907	839408900479692800	839408504038263424	839408504038263424	740	NA	740
5	"C33H59N7O9"	"[M + H]+"	"C33H60N7O9+"	"Amino acids and Peptides"	0.991	"Oligopeptides"	0.989	"Linear peptides"	0.329	"Organic acids and derivatives"	1	"Carboxylic acids and derivatives"	0.998	"Amino acids, peptides, and analogues"	0.997	"Peptides"	0.869	"Peptides"	0.869	"Organic compounds; Organoheterocyclic compounds; Lipids and lipid-like molecules; Amino acids, peptides, and analogues; Alpha amino acids and derivatives; Alcohols and polyols; Phenethylamines; Amphetamines and derivatives; Pyrrolidines; Organic acids and derivatives; Carboxylic acids and derivatives; Organonitrogen compounds; Organooxygen compounds; Fatty amides; Amino acids and derivatives; Peptides; Guanidines; Monoalkylamines; Carboxylic acid amides; Carboxylic acid derivatives; N-acyl amines; Monocarboxylic acids and derivatives; N-acyl-alpha amino acids and derivatives; Carboxylic acids; Secondary carboxylic acid amides; Tertiary carboxylic acid amides; Carbonyl compounds; Pyrrolidine carboxylic acids and derivatives; Pyrrolidinecarboxamides; Benzene and substituted derivatives; Alpha amino acid amides; N-acyl-alpha amino acids; Benzenoids; Amines; Primary amines; N-acylpyrrolidines; Carboximidamides; Fatty Acyls; Organic oxides; Azacyclic compounds; Hydrocarbon derivatives; Amino acids; Phenylalanine and derivatives; Proline and derivatives; Organopnictogen compounds; Organic oxygen compounds; Organic nitrogen compounds; Chemical entities"	698.446	477	7.949	839408973431222784	839408504004708992	839408504004708864	739	NA	739
8	"C43H64O9"	"[M - H2O + H]+"	"C43H63O8+"	"Terpenoids"	0.894	"Triterpenoids"	0.467	"Lupane triterpenoids"	0.057	"Lipids and lipid-like molecules"	0.971	"Prenol lipids"	0.845	"Triterpenoids"	0.509	NA	NA	"Triterpenoids"	0.509	"Organic compounds; Lipids and lipid-like molecules; Alcohols and polyols; Steroids and steroid derivatives; Prenol lipids; Organic acids and derivatives; Carboxylic acids and derivatives; Organooxygen compounds; Carboxylic acid esters; Triterpenoids; Secondary alcohols; Carbonyl compounds; Fatty Acyls; Organic oxides; Hydrocarbon derivatives; Organic oxygen compounds; Chemical entities"	707.452	496	8.262	839408878983884672	839408504101177984	839408504101177984	742	NA	742
1	"C9H17N"	"[M + H3N + H]+"	"C9H21N2+"	"Alkaloids"	0.849	"Lysine alkaloids"	0.481	"Acetate-derived alkaloids"	0.54	"Organic nitrogen compounds"	1	"Organonitrogen compounds"	1	"Amines"	0.975	"Tertiary amines"	0.638	"Trialkylamines"	0.657	"Organic compounds; Organonitrogen compounds; Dialkylamines; Trialkylamines; Amines; Tertiary amines; Hydrocarbon derivatives; Organopnictogen compounds; Organic nitrogen compounds; Chemical entities"	157.17	508	8.465	839408843340688768	839408504130538112	839408504130538112	743	NA	743
2	"C36H70N8O8"	"[M + K]+"	"C36H70KN8O8+"	"Amino acids and Peptides"	0.973	"Oligopeptides"	0.997	"Linear peptides"	0.205	"Organic acids and derivatives"	0.999	"Carboxylic acids and derivatives"	0.997	"Amino acids, peptides, and analogues"	0.997	"Peptides"	0.774	"Peptides"	0.774	"Organic compounds; Organoheterocyclic compounds; Lipids and lipid-like molecules; Amino acids, peptides, and analogues; Alpha amino acids and derivatives; Alcohols and polyols; Phenethylamines; Amphetamines and derivatives; Pyrrolidines; Organic acids and derivatives; Carboxylic acids and derivatives; Organonitrogen compounds; Organooxygen compounds; Fatty amides; Amino acids and derivatives; Peptides; Guanidines; Carboxylic acid amides; Carboxylic acid derivatives; N-acyl amines; Monocarboxylic acids and derivatives; N-acyl-alpha amino acids and derivatives; Carboxylic acids; Secondary carboxylic acid amides; Tertiary carboxylic acid amides; Carbonyl compounds; Pyrrolidine carboxylic acids and derivatives; Pyrrolidinecarboxamides; Benzene and substituted derivatives; Alpha amino acid amides; N-acyl-alpha amino acids; Benzenoids; N-acylpyrrolidines; Carboximidamides; Fatty Acyls; Organic oxides; Azacyclic compounds; Hydrocarbon derivatives; Phenylalanine and derivatives; Proline and derivatives; Organopnictogen compounds; Organic oxygen compounds; Organic nitrogen compounds; Chemical entities"	781.497	509	8.488	839408981375234560	839408504193452672	839408504193452672	745	NA	745
5	"C32H58N10O9"	"[M + H3N + H]+"	"C32H62N11O9+"	"Amino acids and Peptides"	0.999	"Oligopeptides"	0.993	"Cyclic peptides"	0.335	"Organic acids and derivatives"	1	"Carboxylic acids and derivatives"	0.999	"Amino acids, peptides, and analogues"	0.999	"Peptides"	0.98	"Oligopeptides"	0.631	"Organic compounds; Organoheterocyclic compounds; Lipids and lipid-like molecules; Amino acids, peptides, and analogues; Alpha amino acids and derivatives; Alcohols and polyols; Phenethylamines; Amphetamines and derivatives; Pyrrolidines; Organic acids and derivatives; Carboxylic acids and derivatives; Organonitrogen compounds; Organooxygen compounds; Fatty amides; Amino acids and derivatives; Peptides; Monoalkylamines; Carboxylic acid amides; Carboxylic acid derivatives; N-acyl amines; Monocarboxylic acids and derivatives; N-acyl-alpha amino acids and derivatives; Carboxylic acids; Secondary carboxylic acid amides; Tertiary carboxylic acid amides; Carbonyl compounds; Pyrrolidine carboxylic acids and derivatives; Pyrrolidinecarboxamides; Benzene and substituted derivatives; Alpha amino acid amides; N-acyl-alpha amino acids; Benzenoids; Amines; Primary amines; N-acylpyrrolidines; Carboximidamides; Fatty Acyls; Organic oxides; Azacyclic compounds; Hydrocarbon derivatives; Amino acids; Phenylalanine and derivatives; Proline and derivatives; Organopnictogen compounds; Organic oxygen compounds; Organic nitrogen compounds; Oligopeptides; Chemical entities"	744.475	511	8.514	839409002371920640	839408504164092544	839408504164092544	744	NA	744
4	"C45H66N2O6"	"[M + Na]+"	"C45H66N2NaO6+"	"Fatty acids"	0.956	"Spingolipids"	0.665	"Neutral glycosphingolipids"	0.13	"Lipids and lipid-like molecules"	0.941	"Fatty Acyls"	0.818	"Fatty amides"	0.729	"N-acyl amines"	0.664	"N-acyl amines"	0.664	"Organic compounds; Lipids and lipid-like molecules; Alcohols and polyols; Organic acids and derivatives; Carboxylic acids and derivatives; Organonitrogen compounds; Organooxygen compounds; Fatty amides; Carboxylic acid amides; Carboxylic acid derivatives; N-acyl amines; Carboxylic acid esters; Secondary alcohols; Secondary carboxylic acid amides; Carbonyl compounds; Fatty Acyls; Organic oxides; Hydrocarbon derivatives; Tetraalkylammonium salts; Organopnictogen compounds; Organic oxygen compounds; Organic nitrogen compounds; Chemical entities"	753.481	517	8.618	839408933581140224	839408504256367232	839408504256367232	747	NA	747
2	"C46H62N2O6"	"[M + H]+"	"C46H63N2O6+"	"Terpenoids"	0.597	"Pseudoalkaloids (transamidation)"	0.192	"Chalcones"	0.062	"Organic acids and derivatives"	0.99	"Carboxylic acids and derivatives"	0.987	"Amino acids, peptides, and analogues"	0.649	"Amino acids and derivatives"	0.65	"Amino acids and derivatives"	0.65	"Organic compounds; Lipids and lipid-like molecules; Amino acids, peptides, and analogues; Benzoic acids and derivatives; Organic acids and derivatives; Carboxylic acids and derivatives; Organonitrogen compounds; Benzoyl derivatives; Organooxygen compounds; Dicarboxylic acids and derivatives; Amino acids and derivatives; Carboxylic acid derivatives; Carboxylic acid esters; Benzoic acid esters; Carbonyl compounds; Benzene and substituted derivatives; Benzenoids; Fatty Acyls; Organic oxides; Hydrocarbon derivatives; Organopnictogen compounds; Organic oxygen compounds; Organic nitrogen compounds; Chemical entities"	739.471	518	8.627	839409017966343040	839408504222812800	839408504222812800	746	NA	746
5	"C32H61N11O9"	"[M + H]+"	"C32H62N11O9+"	"Amino acids and Peptides"	0.998	"Oligopeptides"	0.995	"Linear peptides"	0.276	"Organic acids and derivatives"	1	"Carboxylic acids and derivatives"	0.999	"Amino acids, peptides, and analogues"	0.996	"Peptides"	0.96	"Oligopeptides"	0.635	"Organic compounds; Lipids and lipid-like molecules; Amino acids, peptides, and analogues; Alpha amino acids and derivatives; Phenethylamines; Amphetamines and derivatives; Organic acids and derivatives; Carboxylic acids and derivatives; Organonitrogen compounds; Organooxygen compounds; Fatty amides; Amino acids and derivatives; Peptides; Guanidines; Monoalkylamines; Carboxylic acid amides; Carboxylic acid derivatives; N-acyl amines; N-acyl-alpha amino acids and derivatives; Carboxylic acids; Secondary carboxylic acid amides; Tertiary carboxylic acid amides; Carbonyl compounds; Benzene and substituted derivatives; Alpha amino acid amides; N-acyl-alpha amino acids; Benzenoids; Amines; Primary amines; Carboximidamides; Organic 1,3-dipolar compounds; Propargyl-type 1,3-dipolar organic compounds; Fatty Acyls; Organic oxides; Hydrocarbon derivatives; Amino acids; Phenylalanine and derivatives; Organopnictogen compounds; Organic oxygen compounds; Organic nitrogen compounds; Oligopeptides; Chemical entities"	744.475	518	8.635	839409053148165248	839408504319281792	839408504319281792	749	NA	749
9	"C38H61ClN6O5"	"[M + H3N + H]+"	"C38H65ClN7O5+"	"Amino acids and Peptides"	0.985	"Oligopeptides"	0.999	"Lipopeptides"	0.143	"Organic acids and derivatives"	0.996	"Carboxylic acids and derivatives"	0.991	"Amino acids, peptides, and analogues"	0.979	"Peptides"	0.684	"Peptides"	0.684	"Organic compounds; Organoheterocyclic compounds; Lipids and lipid-like molecules; Amino acids, peptides, and analogues; Halobenzenes; Alpha amino acids and derivatives; Pyrrolidines; Organic acids and derivatives; Carboxylic acids and derivatives; Organohalogen compounds; Organonitrogen compounds; Organooxygen compounds; Fatty amides; Amino acids and derivatives; Peptides; Carboxylic acid amides; Alkyl chlorides; Carboxylic acid derivatives; N-acyl amines; Organochlorides; Secondary carboxylic acid amides; Tertiary carboxylic acid amides; Carbonyl compounds; Benzene and substituted derivatives; Alpha amino acid amides; Benzenoids; Aryl halides; N-acylpyrrolidines; Fatty Acyls; Organic oxides; Azacyclic compounds; Hydrocarbon derivatives; Organopnictogen compounds; Organic oxygen compounds; Organic nitrogen compounds; Chemical entities"	734.47	519	8.644	839408879390732160	839408504285727360	839408504285727360	748	NA	748
1	"C6H11N3O2"	"[M + H3N + H]+"	"C6H15N4O2+"	"Amino acids and Peptides"	1	"Small peptides"	1	"Aminoacids"	1	"Organic acids and derivatives"	1	"Carboxylic acids and derivatives"	1	"Amino acids, peptides, and analogues"	1	"Amino acids and derivatives"	1	"Alpha amino acids"	0.958	"Organic compounds; Lipids and lipid-like molecules; Amino acids, peptides, and analogues; Alpha amino acids and derivatives; Fatty acids and conjugates; Organic acids and derivatives; Carboxylic acids and derivatives; Organonitrogen compounds; Organooxygen compounds; Amino acids and derivatives; Guanidines; Monoalkylamines; Monocarboxylic acids and derivatives; Carboxylic acids; Carbonyl compounds; Alpha amino acids; Amines; Primary amines; Carboximidamides; Organic 1,3-dipolar compounds; Propargyl-type 1,3-dipolar organic compounds; Fatty Acyls; Organic oxides; Hydrocarbon derivatives; Amino acids; Organopnictogen compounds; Organic oxygen compounds; Organic nitrogen compounds; Chemical entities"	175.119	521	8.69	839408847555964416	839408504348641920	839408504348641920	750	NA	750
4	"C43H69NO11"	"[M + H]+"	"C43H70NO11+"	"Polyketides"	0.992	"Macrolides"	0.998	"Polyene macrolides"	0.596	"Phenylpropanoids and polyketides"	0.851	"Macrolides and analogues"	0.956	NA	NA	NA	NA	"Macrolides and analogues"	0.956	"Organic compounds; Organoheterocyclic compounds; Lactones; Alcohols and polyols; Macrolides and analogues; Ethers; Phenylpropanoids and polyketides; Organic acids and derivatives; Carboxylic acids and derivatives; Organonitrogen compounds; Organooxygen compounds; Carboxylic acid derivatives; Monocarboxylic acids and derivatives; Dialkyl ethers; Carboxylic acid esters; Acetals; Secondary alcohols; Carbonyl compounds; Oxanes; Glycosyl compounds; O-glycosyl compounds; Organic oxides; Oxacyclic compounds; Hydrocarbon derivatives; Organopnictogen compounds; Organic oxygen compounds; Organic nitrogen compounds; Chemical entities"	776.495	529	8.81	839409131325798144	839408504382196352	839408504382196352	751	NA	751
3	"C32H61N11O9"	"[M + H]+"	"C32H62N11O9+"	"Amino acids and Peptides"	0.995	"Oligopeptides"	0.997	"Linear peptides"	0.279	"Organic acids and derivatives"	1	"Carboxylic acids and derivatives"	0.999	"Amino acids, peptides, and analogues"	0.997	"Peptides"	0.952	"Peptides"	0.952	"Organic compounds; Organoheterocyclic compounds; Lipids and lipid-like molecules; Amino acids, peptides, and analogues; Alpha amino acids and derivatives; Alcohols and polyols; Phenethylamines; Amphetamines and derivatives; Pyrrolidines; Organic acids and derivatives; Carboxylic acids and derivatives; Organonitrogen compounds; Primary alcohols; Organooxygen compounds; Fatty amides; Amino acids and derivatives; Peptides; Monoalkylamines; Carboxylic acid amides; Carboxylic acid derivatives; N-acyl amines; Monocarboxylic acids and derivatives; N-acyl-alpha amino acids and derivatives; Carboxylic acids; Primary carboxylic acid amides; Secondary carboxylic acid amides; Tertiary carboxylic acid amides; Carbonyl compounds; Pyrrolidine carboxylic acids and derivatives; Pyrrolidinecarboxamides; Benzene and substituted derivatives; Alpha amino acid amides; N-acyl-alpha amino acids; Benzenoids; Amines; Primary amines; N-acylpyrrolidines; Carboximidamides; Fatty Acyls; Organic oxides; Azacyclic compounds; Hydrocarbon derivatives; Amino acids; Phenylalanine and derivatives; Proline and derivatives; Leucine and derivatives; Organopnictogen compounds; Organic oxygen compounds; Organic nitrogen compounds; Chemical entities"	744.475	530	8.833	839409205061663104	839408504415750784	839408504415750784	752	NA	752
2	"C43H69NO11"	"[M + H]+"	"C43H70NO11+"	"Polyketides"	0.996	"Macrolides"	0.999	"Polyene macrolides"	0.769	"Phenylpropanoids and polyketides"	0.911	"Macrolides and analogues"	0.972	NA	NA	NA	NA	"Macrolides and analogues"	0.972	"Organic compounds; Organoheterocyclic compounds; Lactones; Alcohols and polyols; Macrolides and analogues; Ethers; Phenylpropanoids and polyketides; Organic acids and derivatives; Carboxylic acids and derivatives; Organooxygen compounds; Carboxylic acid derivatives; Monocarboxylic acids and derivatives; Dialkyl ethers; Carboxylic acid esters; Acetals; Secondary alcohols; Carbonyl compounds; Oxanes; Glycosyl compounds; O-glycosyl compounds; Organic oxides; Oxacyclic compounds; Hydrocarbon derivatives; Organopnictogen compounds; Organic oxygen compounds; Chemical entities"	776.494	531	8.849	839408953248231808	839408504445110912	839408504445110912	753	NA	753
7	"C45H65NO9"	"[M + H3N + H]+"	"C45H69N2O9+"	"Polyketides"	0.954	"Macrolides"	0.984	"Open-chain polyketides"	0.415	"Phenylpropanoids and polyketides"	0.562	"Macrolides and analogues"	0.809	NA	NA	NA	NA	"Macrolides and analogues"	0.809	"Organic compounds; Organoheterocyclic compounds; Lactones; Alcohols and polyols; Macrolides and analogues; Ethers; Phenylpropanoids and polyketides; Organic acids and derivatives; Carboxylic acids and derivatives; Organonitrogen compounds; Organooxygen compounds; Carboxylic acid derivatives; Monocarboxylic acids and derivatives; Dialkyl ethers; Carboxylic acid esters; Secondary alcohols; Carbonyl compounds; Organic oxides; Oxacyclic compounds; Hydrocarbon derivatives; Organopnictogen compounds; Organic oxygen compounds; Organic nitrogen compounds; Chemical entities"	781.498	532	8.874	839408928338260096	839408504516414080	839408504516414080	755	NA	755
1	"C36H65N9O10"	"[M - H2O + H]+"	"C36H64N9O9+"	"Amino acids and Peptides"	0.983	"Oligopeptides"	0.995	"Cyclic peptides"	0.356	"Organic acids and derivatives"	1	"Carboxylic acids and derivatives"	0.998	"Amino acids, peptides, and analogues"	0.993	"Peptides"	0.767	"Peptides"	0.767	"Organic compounds; Organoheterocyclic compounds; Lipids and lipid-like molecules; Amino acids, peptides, and analogues; Alpha amino acids and derivatives; Alcohols and polyols; Pyrrolidines; Organic acids and derivatives; Carboxylic acids and derivatives; Organonitrogen compounds; Organooxygen compounds; Fatty amides; Amino acids and derivatives; Peptides; Monoalkylamines; Carboxylic acid amides; Carboxylic acid derivatives; N-acyl amines; Monocarboxylic acids and derivatives; N-acyl-alpha amino acids and derivatives; Carboxylic acids; Primary carboxylic acid amides; Secondary carboxylic acid amides; Tertiary carboxylic acid amides; Carbonyl compounds; Pyrrolidine carboxylic acids and derivatives; Alpha amino acid amides; N-acyl-alpha amino acids; Amines; Primary amines; N-acylpyrrolidines; Fatty Acyls; Organic oxides; Azacyclic compounds; Hydrocarbon derivatives; Proline and derivatives; Organopnictogen compounds; Organic oxygen compounds; Organic nitrogen compounds; Chemical entities"	766.486	534	8.905	839408901163364352	839408504583522944	839408504583522944	757	NA	757
7	"C39H67N7O10"	"[M - H2O + H]+"	"C39H66N7O9+"	"Amino acids and Peptides"	0.865	"Oligopeptides"	0.999	"Lipopeptides"	0.611	"Organic acids and derivatives"	0.999	"Peptidomimetics"	0.623	"Depsipeptides"	0.613	"Cyclic depsipeptides"	0.625	"Cyclic depsipeptides"	0.625	"Organic compounds; Organoheterocyclic compounds; Lipids and lipid-like molecules; Amino acids, peptides, and analogues; Lactones; Alpha amino acids and derivatives; Macrolactams; Alcohols and polyols; Lactams; Phenylpropanoids and polyketides; Organic acids and derivatives; Carboxylic acids and derivatives; Organonitrogen compounds; Organooxygen compounds; Fatty amides; Amino acids and derivatives; Alpha amino acid esters; Carboxylic acid amides; Carboxylic acid derivatives; N-acyl amines; Monocarboxylic acids and derivatives; N-acyl-alpha amino acids and derivatives; Carboxylic acid esters; Secondary alcohols; Secondary carboxylic acid amides; Tertiary carboxylic acid amides; Peptidomimetics; Carbonyl compounds; Depsipeptides; Cyclic depsipeptides; Fatty Acyls; Organic oxides; Azacyclic compounds; Hydrocarbon derivatives; Organopnictogen compounds; Organic oxygen compounds; Organic nitrogen compounds; Chemical entities"	776.494	541	9.024	839409002485166848	839408504679991936	839408504679991936	760	NA	760
1	"C6H16N2O4S"	"[M + H]+"	"C6H17N2O4S+"	"Amino acids and Peptides"	0.125	"Small peptides"	0.042	"Aminoacids"	0.073	"Organic acids and derivatives"	0.993	"Organic sulfonic acids and derivatives"	0.965	"Organosulfonic acids and derivatives"	0.964	"Alkanesulfonic acids and derivatives"	0.932	"Alkanesulfonic acids"	0.903	"Organic compounds; Organosulfur compounds; Alcohols and polyols; Organic acids and derivatives; Organosulfonic acids and derivatives; Organonitrogen compounds; Primary alcohols; Organooxygen compounds; Sulfonyls; Organosulfonic acids; 1,2-aminoalcohols; Amines; Alkanolamines; Alkanesulfonic acids and derivatives; Alkanesulfonic acids; Organic oxides; Hydrocarbon derivatives; Organic sulfonic acids and derivatives; Organic oxygen compounds; Organic nitrogen compounds; Chemical entities"	213.09	543	9.045	839408869290848000	839408504612883072	839408504612883072	758	NA	758
3	"C44H82O15"	"[M + Na]+"	"C44H82NaO15+"	"Polyketides"	0.837	"Macrolides"	0.661	"Open-chain polyketides"	0.381	"Lipids and lipid-like molecules"	0.789	"Steroids and steroid derivatives"	0.51	NA	NA	NA	NA	"Steroids and steroid derivatives"	0.51	"Organic compounds; Organoheterocyclic compounds; Carbohydrates and carbohydrate conjugates; Lipids and lipid-like molecules; Alcohols and polyols; Ethers; Steroids and steroid derivatives; Organic acids and derivatives; Carboxylic acids and derivatives; Organooxygen compounds; Carboxylic acid derivatives; Carboxylic acid esters; Acetals; Secondary alcohols; Carbonyl compounds; Oxanes; Glycosyl compounds; O-glycosyl compounds; Polyols; Organic oxides; Oxacyclic compounds; Hydrocarbon derivatives; Organic oxygen compounds; Chemical entities"	873.552	546	9.098	839408921937752192	839408504751295104	839408504751295104	762	NA	762
2	"C48H76O12"	"[M + H]+"	"C48H77O12+"	"Terpenoids"	0.576	"Triterpenoids"	0.599	"Open-chain polyketides"	0.116	"Lipids and lipid-like molecules"	0.861	"Prenol lipids"	0.727	"Triterpenoids"	0.609	NA	NA	"Triterpenoids"	0.609	"Organic compounds; Organoheterocyclic compounds; Carbohydrates and carbohydrate conjugates; Lipids and lipid-like molecules; Alcohols and polyols; Ethers; Prenol lipids; Organooxygen compounds; Triterpenoids; Acetals; Secondary alcohols; Oxanes; Polyols; Organic oxides; Oxacyclic compounds; Hydrocarbon derivatives; Organic oxygen compounds; Chemical entities"	845.537	547	9.116	839409042670793728	839408504717740672	839408504717740672	761	NA	761
2	"C46H66N2O9"	"[M + H3N + H]+"	"C46H70N3O9+"	"Polyketides"	0.953	"Macrolides"	0.978	"Open-chain polyketides"	0.628	"Phenylpropanoids and polyketides"	0.537	"Macrolides and analogues"	0.664	NA	NA	NA	NA	"Macrolides and analogues"	0.664	"Organic compounds; Organoheterocyclic compounds; Lactones; Alcohols and polyols; Macrolides and analogues; Ethers; Phenylpropanoids and polyketides; Organic acids and derivatives; Carboxylic acids and derivatives; Organonitrogen compounds; Organooxygen compounds; Carboxylic acid derivatives; Monocarboxylic acids and derivatives; Carboxylic acid esters; Secondary alcohols; Carbonyl compounds; Organic oxides; Azacyclic compounds; Oxacyclic compounds; Hydrocarbon derivatives; Organopnictogen compounds; Organic oxygen compounds; Organic nitrogen compounds; Chemical entities"	808.514	550	9.166	839409016909378432	839408504789043840	839408504789043840	763	NA	763
4	"C49H70O10"	"[M + H3N + H]+"	"C49H74NO10+"	"Polyketides"	0.674	"Macrolides"	0.578	"Spirotetronate macrolides"	0.27	"Organic oxygen compounds"	1	"Organooxygen compounds"	1	"Carbohydrates and carbohydrate conjugates"	0.787	"Glycosyl compounds"	0.687	"O-glycosyl compounds"	0.69	"Organic compounds; Organoheterocyclic compounds; Carbohydrates and carbohydrate conjugates; Lipids and lipid-like molecules; Alcohols and polyols; Ethers; Prenol lipids; Organic acids and derivatives; Carboxylic acids and derivatives; Organooxygen compounds; Carboxylic acid derivatives; Carboxylic acid esters; Acetals; Secondary alcohols; Carbonyl compounds; Oxanes; Glycosyl compounds; O-glycosyl compounds; Polyols; Organic oxides; Oxacyclic compounds; Hydrocarbon derivatives; Organic oxygen compounds; Chemical entities"	836.529	551	9.176	839409113315456512	839408504935844480	839408504935844480	767	NA	767
1	"C5H11N3"	"[M + H3N + H]+"	"C5H15N4+"	"Alkaloids"	0.97	"Ornithine alkaloids"	0.82	"Polyamines"	0.914	"Organic nitrogen compounds"	1	"Organonitrogen compounds"	1	"Guanidines"	0.813	NA	NA	"Guanidines"	0.813	"Organic compounds; Organonitrogen compounds; Guanidines; Carboximidamides; Hydrocarbon derivatives; Organopnictogen compounds; Organic nitrogen compounds; Chemical entities"	131.129	551	9.181	839409113382565376	839408504969398912	839408504969398912	768	NA	768
5	"C44H67BN6O6"	"[M + Na]+"	"C44H67BN6NaO6+"	"Amino acids and Peptides"	0.83	"Oligopeptides"	0.96	"Cyclic peptides"	0.165	"Organic acids and derivatives"	0.999	"Carboxylic acids and derivatives"	0.987	"Amino acids, peptides, and analogues"	0.969	"Peptides"	0.587	"Peptides"	0.587	"Organic compounds; Organoheterocyclic compounds; Lipids and lipid-like molecules; Amino acids, peptides, and analogues; Alpha amino acids and derivatives; Pyrrolidines; Organic acids and derivatives; Carboxylic acids and derivatives; Organonitrogen compounds; Organooxygen compounds; Fatty amides; Amino acids and derivatives; Peptides; Organometallic compounds; Carboxylic acid amides; Boronic acid derivatives; Carboxylic acid derivatives; N-acyl amines; N-acyl-alpha amino acids and derivatives; Organometalloid compounds; Secondary carboxylic acid amides; Tertiary carboxylic acid amides; Carbonyl compounds; Pyrrolidine carboxylic acids and derivatives; Benzene and substituted derivatives; Alpha amino acid amides; Benzenoids; Organoboron compounds; N-acylpyrrolidines; Organic salts; Fatty Acyls; Organic oxides; Organic metalloid salts; Organic metal salts; Azacyclic compounds; Hydrocarbon derivatives; Organopnictogen compounds; Alkylboranes; Monoalkylboranes; Organic oxygen compounds; Organic nitrogen compounds; Chemical entities"	808.514	567	9.445	839409226591025792	839408505212668672	839408505212668672	775	NA	775
3	"C45H66BN7O8"	"[M + H3N + H]+"	"C45H70BN8O8+"	"Amino acids and Peptides"	0.946	"Oligopeptides"	0.997	"Cyclic peptides"	0.341	"Organic acids and derivatives"	1	"Carboxylic acids and derivatives"	0.996	"Amino acids, peptides, and analogues"	0.988	"Peptides"	0.759	"Peptides"	0.759	"Organic compounds; Organoheterocyclic compounds; Lipids and lipid-like molecules; Amino acids, peptides, and analogues; Alpha amino acids and derivatives; Alcohols and polyols; Pyrrolidines; Organic acids and derivatives; Carboxylic acids and derivatives; Organonitrogen compounds; Organooxygen compounds; Fatty amides; Amino acids and derivatives; Peptides; Organometallic compounds; Carboxylic acid amides; Carboxylic acid derivatives; N-acyl amines; N-acyl-alpha amino acids and derivatives; Organometalloid compounds; Secondary carboxylic acid amides; Tertiary carboxylic acid amides; Carbonyl compounds; Pyrrolidine carboxylic acids and derivatives; Pyrrolidinecarboxamides; Benzene and substituted derivatives; Alpha amino acid amides; Benzenoids; N-acylpyrrolidines; Fatty Acyls; Organic oxides; Organic metalloid salts; Organic metal salts; Azacyclic compounds; Hydrocarbon derivatives; Proline and derivatives; Organopnictogen compounds; Organic oxygen compounds; Organic nitrogen compounds; Chemical entities"	860.545	569	9.49	839409686311911424	839408505279777536	839408505279777536	777	NA	777
4	"C45H66BN7O8"	"[M + H3N + H]+"	"C45H70BN8O8+"	"Amino acids and Peptides"	0.899	"Oligopeptides"	0.995	"Cyclic peptides"	0.29	"Organic acids and derivatives"	0.999	"Carboxylic acids and derivatives"	0.995	"Amino acids, peptides, and analogues"	0.989	"Peptides"	0.727	"Peptides"	0.727	"Organic compounds; Organoheterocyclic compounds; Lipids and lipid-like molecules; Amino acids, peptides, and analogues; Alpha amino acids and derivatives; Alcohols and polyols; Pyrrolidines; Organic acids and derivatives; Carboxylic acids and derivatives; Organonitrogen compounds; Organooxygen compounds; Fatty amides; Amino acids and derivatives; Peptides; Organometallic compounds; Carboxylic acid amides; Carboxylic acid derivatives; N-acyl amines; N-acyl-alpha amino acids and derivatives; Organometalloid compounds; Secondary carboxylic acid amides; Tertiary carboxylic acid amides; Carbonyl compounds; Pyrrolidine carboxylic acids and derivatives; Pyrrolidinecarboxamides; Benzene and substituted derivatives; Alpha amino acid amides; Benzenoids; N-acylpyrrolidines; Organic salts; Fatty Acyls; Organic oxides; Organic metalloid salts; Organic metal salts; Azacyclic compounds; Hydrocarbon derivatives; Proline and derivatives; Organopnictogen compounds; Organic oxygen compounds; Organic nitrogen compounds; Chemical entities"	860.544	577	9.621	839409485840957184	839408505485298432	839408505485298432	783	NA	783
1	"C58H70N2O5"	"[M + H3N + H]+"	"C58H74N3O5+"	"Amino acids and Peptides"	0.271	"Linear polyketides"	0.569	"Open-chain polyketides"	0.435	"Lipids and lipid-like molecules"	0.782	"Fatty Acyls"	0.618	"Fatty amides"	0.723	"N-acyl amines"	0.707	"N-acyl amines"	0.707	"Organic compounds; Organoheterocyclic compounds; Lipids and lipid-like molecules; Alcohols and polyols; Organic acids and derivatives; Carboxylic acids and derivatives; Organonitrogen compounds; Organooxygen compounds; Fatty amides; Carboxylic acid amides; Ureas; Carboxylic acid derivatives; N-acyl amines; Secondary alcohols; Secondary carboxylic acid amides; Carbonyl compounds; Benzene and substituted derivatives; Benzenoids; Fatty Acyls; Organic oxides; Azacyclic compounds; Hydrocarbon derivatives; Organopnictogen compounds; Organic oxygen compounds; Organic nitrogen compounds; Chemical entities"	892.565	580	9.666	839409244408429312	839408505523047168	839408505523047168	784	NA	784
1	"C46H71N3O10"	"[M - H2O + H]+"	"C46H70N3O9+"	"Amino acids and Peptides"	0.799	"Oligopeptides"	0.963	"Lipopeptides"	0.662	"Organic acids and derivatives"	0.991	"Carboxylic acids and derivatives"	0.972	"Amino acids, peptides, and analogues"	0.868	"Amino acids and derivatives"	0.848	"Alpha amino acids and derivatives"	0.808	"Organic compounds; Organoheterocyclic compounds; Lipids and lipid-like molecules; Amino acids, peptides, and analogues; Alpha amino acids and derivatives; Macrolactams; Alcohols and polyols; Organic acids and derivatives; Carboxylic acids and derivatives; Organonitrogen compounds; Organooxygen compounds; Fatty amides; Amino acids and derivatives; Carboxylic acid amides; Carboxylic acid derivatives; N-acyl amines; Carboxylic acid esters; Secondary alcohols; Secondary carboxylic acid amides; Carbonyl compounds; Benzene and substituted derivatives; Benzenoids; Fatty Acyls; Organic oxides; Azacyclic compounds; Oxacyclic compounds; Hydrocarbon derivatives; Organopnictogen compounds; Organic oxygen compounds; Organic nitrogen compounds; Chemical entities"	808.513	593	9.876	839409129333503744	839408505585961728	839408505585961728	786	NA	786
3	"C3H3NO5"	"[M + H3N + H]+"	"C3H7N2O5+"	"Amino acids and Peptides"	0.819	"Small peptides"	0.672	"Aminoacids"	0.713	"Organic acids and derivatives"	0.994	"Carboxylic acids and derivatives"	0.99	"Amino acids, peptides, and analogues"	0.558	"Amino acids and derivatives"	0.554	"Amino acids and derivatives"	0.554	"Organic compounds; Amino acids, peptides, and analogues; Organic acids and derivatives; Carboxylic acids and derivatives; Organonitrogen compounds; Organooxygen compounds; Amino acids and derivatives; Monocarboxylic acids and derivatives; Carboxylic acids; Carbonyl compounds; Organic oxides; Hydrocarbon derivatives; Organopnictogen compounds; Organic oxygen compounds; Organic nitrogen compounds; Chemical entities"	151.035	680	11.34	839409081132561536	839408505594350336	839408505594350336	788	NA	788
