"feature_id","feature_id_full","feature_id_full_annotated","feature_mz","feature_rt","Pt_vs_wt_p_value","Pt_vs_wt_p_value_minus_log10","Pt_vs_wt_fold_change","Pt_vs_wt_fold_change_log2","sirius_name","sirius_chebiasciiname","sirius_chebiid","sirius_confidencescoreapproximate","sirius_confidencescoreexact","sirius_csi_fingeridscore","sirius_siriusscore","sirius_zodiacscore","sirius_inchi","sirius_inchikey2d","sirius_molecularformula","sirius_adduct","sirius_smiles","canopus_npc_pathway","canopus_npc_class","canopus_npc_superclass","met_annot_structure_exact_mass","met_annot_structure_inchi","met_annot_structure_inchikey","met_annot_short_inchikey","met_annot_structure_smiles","met_annot_structure_molecular_formula","met_annot_structure_nametraditional","met_annot_structure_wikidata","met_annot_structure_taxonomy_npclassifier_01pathway","met_annot_structure_taxonomy_npclassifier_02superclass","met_annot_structure_taxonomy_npclassifier_01pathway_consensus","met_annot_structure_taxonomy_npclassifier_02superclass_consensus","met_annot_structure_taxonomy_npclassifier_03class_consensus","met_annot_organism_name","met_annot_organism_taxonomy_01domain","met_annot_organism_taxonomy_02kingdom","met_annot_organism_taxonomy_03phylum","met_annot_organism_taxonomy_04class","met_annot_organism_taxonomy_05order","met_annot_organism_taxonomy_06family","met_annot_organism_taxonomy_07tribe","met_annot_organism_taxonomy_08genus","met_annot_organism_taxonomy_09species","met_annot_organism_taxonomy_10varietas","met_annot_organism_taxonomy_ottid","met_annot_organism_wikidata","met_annot_score_taxo","Pt","Pt.pval","wt","wt.pval","MeanDecreaseAccuracy","MeanDecreaseAccuracy.pval","MeanDecreaseGini","MeanDecreaseGini.pval"
56,"56_871.57_0.5","NA_[56_871.57_0.5]",871.57307057985,0.50017726,0.0144219009391259,1.84097749183838,1.24239373491379,0.313122459699737,NA,NA,NA,0.093,0.093,-346.732,77.142,0.43,"InChI=1S/C55H74N4O5/c1-13-39-35(8)42-28-44-37(10)41(24-25-48(60)64-27-26-34(7)23-17-22-33(6)21-16-20-32(5)19-15-18-31(3)4)52(58-44)50-51(55(62)63-12)54(61)49-38(11)45(59-53(49)50)30-47-40(14-2)36(9)43(57-47)29-46(39)56-42/h13,26,28-33,37,41,51,58,61H,1,14-25,27H2,2-12H3","FDHFJXKRMIVNCQ","C55H74N4O5","[M + H]+","CCC1=C(C2=NC1=CC3=C(C4=C(C(C(=C5C(C(C(=CC6=NC(=C2)C(=C6C)C=C)N5)C)CCC(=O)OCC=C(C)CCCC(C)CCCC(C)CCCC(C)C)C4=N3)C(=O)OC)O)C)C","Alkaloids","Pyrrole alkaloids","Tryptophan alkaloids","870.565921468","InChI=1S/C55H74N4O5/c1-13-39-35(8)42-28-44-37(10)41(24-25-48(60)64-27-26-34(7)23-17-22-33(6)21-16-20-32(5)19-15-18-31(3)4)52(58-44)50-51(55(62)63-12)54(61)49-38(11)45(59-53(49)50)30-47-40(14-2)36(9)43(57-47)29-46(39)56-42/h13,26,28-33,37,41,51,59,61H,1,14-25,27H2,2-12H3","REFBLEJUPUPWLM-UHFFFAOYSA-N","REFBLEJUPUPWLM","C=CC1=C(C)C2=NC1=CC1=NC(=Cc3[nH]c4c(c3C)=C(O)C(C(=O)OC)C=4C3=NC(=C2)C(C)C3CCC(=O)OCC=C(C)CCCC(C)CCCC(C)CCCC(C)C)C(CC)=C1C","C55H74N4O5","nan","http://www.wikidata.org/entity/Q110184368","Terpenoids","Meroterpenoids","Alkaloids","Meroterpenoids","Prenyl quinone meroterpenoids","Duboisia myoporoides","['Eukaryota']","['Archaeplastida']","['Streptophyta']","['Magnoliopsida']","['Solanales']","['Solanaceae']","['Anthocercideae']","['Duboisia']","['Duboisia myoporoides']","nan","810421.0","http://www.wikidata.org/entity/Q145166",6,-1.00100150250438,0.686626746506986,0,0.429141716566866,-1.00100150250438,0.652694610778443,0.00363636363636364,0.998003992015968
64,"64_398.24_0.5","NA_[64_398.24_0.5]",398.240787772206,0.52360016,0.0410567333816323,1.38661560759006,0.834801069543392,-0.260495646014004,NA,NA,NA,0.013,0.013,-434.939,8.631,0.246,"InChI=1S/C18H28N4O5/c23-15(1-2-17(25)26)22-7-3-13-11-16(24)20(6-4-14(13)12-22)9-10-21-8-5-19-18(21)27/h13-14H,1-12H2,(H,19,27)(H,25,26)","NQBHATLNWYGZFR","C18H28N4O5","[M + H3N + H]+","C1CN(CC2C1CC(=O)N(CC2)CCN3CCNC3=O)C(=O)CCC(=O)O","Alkaloids","Benzodiazepine alkaloids","Anthranilic acid alkaloids",NA,NA,NA,NA,NA,NA,NA,NA,NA,NA,NA,NA,NA,NA,NA,NA,NA,NA,NA,NA,NA,NA,NA,NA,NA,NA,NA,1.41705050316284,0.117764471057884,1.37457856297529,0.119760479041916,1.3976941536882,0.121756487025948,0.0500025252525252,0.82435129740519
68,"68_376.26_0.5","NA_[68_376.26_0.5]",376.25915551679,0.5249083,0.00436367440790753,2.36014766141191,0.791091702860136,-0.338083154180151,"1,3,5-Tris(2,2-dimethylpropionylamino)benzene",NA,NA,0.678,0.678,-101.477,36.705,0.555,"InChI=1S/C21H33N3O3/c1-19(2,3)16(25)22-13-10-14(23-17(26)20(4,5)6)12-15(11-13)24-18(27)21(7,8)9/h10-12H,1-9H3,(H,22,25)(H,23,26)(H,24,27)","CPEULHAPWXMDDV","C21H33N3O3","[M + H]+","CC(C)(C)C(=O)NC1=CC(=CC(=C1)NC(=O)C(C)(C)C)NC(=O)C(C)(C)C","Alkaloids","N-acyl amines","Anthranilic acid alkaloids","293.199093724|293.199093724","InChI=1S/C17H27NO3/c1-3-4-5-6-7-8-9-17(20)18-13-14-10-11-15(19)16(12-14)21-2/h10-12,19H,3-9,13H2,1-2H3,(H,18,20)|InChI=1S/C17H27NO3/c1-13(2)7-5-4-6-8-17(20)18-12-14-9-10-15(19)16(11-14)21-3/h9-11,13,19H,4-8,12H2,1-3H3,(H,18,20)","RGOVYLWUIBMPGK-UHFFFAOYSA-N|VQEONGKQWIFHMN-UHFFFAOYSA-N","RGOVYLWUIBMPGK|VQEONGKQWIFHMN","CCCCCCCCC(=O)NCc1ccc(O)c(OC)c1|COc1cc(CNC(=O)CCCCCC(C)C)ccc1O","C17H27NO3|C17H27NO3","Nonivamide|Nordihydrocapsaicin","http://www.wikidata.org/entity/Q420228|http://www.wikidata.org/entity/Q2286631","Alkaloids|Alkaloids","Pseudoalkaloids|Pseudoalkaloids","Alkaloids","Pseudoalkaloids","Capsaicins and Capsaicinoids","Capsicum annuum|Capsicum pubescens","['Eukaryota']|['Eukaryota']","['Archaeplastida']|['Archaeplastida']","['Streptophyta']|['Streptophyta']","['Magnoliopsida']|['Magnoliopsida']","['Solanales']|['Solanales']","['Solanaceae']|['Solanaceae']","['Capsiceae']|['Capsiceae']","['Capsicum']|['Capsicum']","['Capsicum annuum']|['Capsicum pubescens']","nan|nan","473836.0|585222.0","http://www.wikidata.org/entity/Q1380|http://www.wikidata.org/entity/Q133428",NA,2.05518555625332,0.0439121756487026,1.34406227991274,0.121756487025948,2.16713382415179,0.0518962075848303,0.0839499000999001,0.481037924151697
69,"69_393.29_0.5","NA_[69_393.29_0.5]",393.285771947492,0.525421,0.00536479696371468,2.2704467097105,0.792346079234341,-0.335797389657544,"1,3,5-Tris(2,2-dimethylpropionylamino)benzene",NA,NA,0.592,0.592,-134.245,43.207,1,"InChI=1S/C21H33N3O3/c1-19(2,3)16(25)22-13-10-14(23-17(26)20(4,5)6)12-15(11-13)24-18(27)21(7,8)9/h10-12H,1-9H3,(H,22,25)(H,23,26)(H,24,27)","CPEULHAPWXMDDV","C21H33N3O3","[M + H3N + H]+","CC(C)(C)C(=O)NC1=CC(=CC(=C1)NC(=O)C(C)(C)C)NC(=O)C(C)(C)C","Alkaloids","N-acyl amines","Fatty amides",NA,NA,NA,NA,NA,NA,NA,NA,NA,NA,NA,NA,NA,NA,NA,NA,NA,NA,NA,NA,NA,NA,NA,NA,NA,NA,NA,3.0666575802873,0.0139720558882236,2.57720216565173,0.0199600798403194,2.8539143542352,0.0199600798403194,0.174805555555556,0.093812375249501
126,"126_764.53_0.6","NA_[126_764.53_0.6]",764.530952392489,0.6290576,0.0426991392652898,1.36958087945045,1.21920446611784,0.285940092748875,NA,NA,NA,NA,NA,NA,NA,NA,NA,NA,NA,NA,NA,NA,NA,NA,NA,NA,NA,NA,NA,NA,NA,NA,NA,NA,NA,NA,NA,NA,NA,NA,NA,NA,NA,NA,NA,NA,NA,NA,NA,NA,NA,1.70266414755955,0.0858283433133733,1.34406227991274,0.11377245508982,1.72086627591066,0.0918163672654691,0.0296674603174603,0.898203592814371
148,"148_154.09_0.8","3-(5-Methyl-2-furyl)prop-2-enal_[148_154.09_0.8]",154.086246731928,0.8012114,0.0114423343574717,1.94148536582718,0.831883165579524,-0.265547172620737,"3-(5-methylfuran-2-yl)prop-2-enal","3-(5-Methyl-2-furyl)prop-2-enal","CHEBI:178981",0.496,0.263,-39.514,33.353,0.994,"InChI=1S/C8H8O2/c1-7-4-5-8(10-7)3-2-6-9/h2-6H,1H3","XYYLGSWUPMPWLD","C8H8O2","[M + H3N + H]+","CC1=CC=C(O1)C=CC=O","Terpenoids","4-pyrone derivatives","Sesquiterpenoids","136.052429496|136.052429496|136.052429496","InChI=1S/C8H8O2/c1-10-8(9)7-5-3-2-4-6-7/h2-6H,1H3|InChI=1S/C8H8O2/c1-10-8-4-2-7(6-9)3-5-8/h2-6H,1H3|InChI=1S/C8H8O2/c1-6-4-2-3-5-7(6)8(9)10/h2-5H,1H3,(H,9,10)","QPJVMBTYPHYUOC-UHFFFAOYSA-N|ZRSNZINYAWTAHE-UHFFFAOYSA-N|ZWLPBLYKEWSWPD-UHFFFAOYSA-N","QPJVMBTYPHYUOC|ZRSNZINYAWTAHE|ZWLPBLYKEWSWPD","COC(=O)c1ccccc1|COc1ccc(C=O)cc1|Cc1ccccc1C(=O)O","C8H8O2|C8H8O2|C8H8O2","Methyl benzoate|4-Methoxybenzaldehyde|O-Toluic acid","http://www.wikidata.org/entity/Q417328|http://www.wikidata.org/entity/Q174937|http://www.wikidata.org/entity/Q3291707","Shikimates and Phenylpropanoids|Shikimates and Phenylpropanoids|Shikimates and Phenylpropanoids","Phenolic acids (C6-C1)|Phenolic acids (C6-C1)|Phenolic acids (C6-C1)","Polyketides","Cyclic polyketides","Simple phenolic acids","Nicotiana tabacum|Nicotiana tabacum|Nicotiana tabacum","['Eukaryota']|['Eukaryota']|['Eukaryota']","['Archaeplastida']|['Archaeplastida']|['Archaeplastida']","['Streptophyta']|['Streptophyta']|['Streptophyta']","['Magnoliopsida']|['Magnoliopsida']|['Magnoliopsida']","['Solanales']|['Solanales']|['Solanales']","['Solanaceae']|['Solanaceae']|['Solanaceae']","['Nicotianeae']|['Nicotianeae']|['Nicotianeae']","['Nicotiana']|['Nicotiana']|['Nicotiana']","['Nicotiana tabacum']|['Nicotiana tabacum']|['Nicotiana tabacum']","nan|nan|nan","222787.0|222787.0|222787.0","http://www.wikidata.org/entity/Q181095|http://www.wikidata.org/entity/Q181095|http://www.wikidata.org/entity/Q181095",NA,-1.00100150250438,0.766467065868264,-1.00100150250438,0.754491017964072,-1.00100150250438,0.708582834331337,0.03075,0.770459081836327
153,"153_172.1_0.8","Musacin D_[153_172.1_0.8]",172.096785342606,0.82863134,0.021896066482628,1.6596338969555,0.839650028082655,-0.252139966946513,"Musacin D","Musacin D","CHEBI:202309",0.032,0.032,-96.743,100.881,1,"InChI=1S/C8H10O3/c1-2-3-6(9)7-4-5-8(10)11-7/h2-7,9H,1H3","SMKPKIFBQCUYGS","C8H10O3","[M + H3N + H]+","CC=CC(C1C=CC(=O)O1)O","Polyketides","2-pyrone derivatives","Cyclic polyketides","154.06299418","InChI=1S/C8H10O3/c1-10-6-4-3-5-7(11-2)8(6)9/h3-5,9H,1-2H3","KLIDCXVFHGNTTM-UHFFFAOYSA-N","KLIDCXVFHGNTTM","COc1cccc(OC)c1O","C8H10O3","2,6-Dimethoxyphenol","http://www.wikidata.org/entity/Q421420","Shikimates and Phenylpropanoids","Phenolic acids (C6-C1)","Polyketides","Cyclic polyketides","Simple phenolic acids","Nicotiana tabacum","['Eukaryota']","['Archaeplastida']","['Streptophyta']","['Magnoliopsida']","['Solanales']","['Solanaceae']","['Nicotianeae']","['Nicotiana']","['Nicotiana tabacum']","nan","222787.0","http://www.wikidata.org/entity/Q181095",8,1.00100150250438,0.221556886227545,1.38942503594182,0.127744510978044,1.34406227991274,0.131736526946108,0.030780303030303,0.894211576846307
158,"158_167.08_0.9","NA_[158_167.08_0.9]",167.081545359331,0.89801574,0.00280571117146946,2.55195703861529,0.772594695149648,-0.372216323229465,"N-Methoxy-N-methylnicotinamide",NA,NA,0.225,0.225,-78.579,15.29,0.305,"InChI=1S/C8H10N2O2/c1-10(12-2)8(11)7-4-3-5-9-6-7/h3-6H,1-2H3","KFEZCMOHRDCFIQ","C8H10N2O2","[M + H]+","CN(C(=O)C1=CN=CC=C1)OC","Amino acids and Peptides","Pyridine alkaloids","Nicotinic acid alkaloids",NA,NA,NA,NA,NA,NA,NA,NA,NA,NA,NA,NA,NA,NA,NA,NA,NA,NA,NA,NA,NA,NA,NA,NA,NA,NA,NA,1.57532347087875,0.101796407185629,1.41705050316284,0.127744510978044,1.67770621729712,0.101796407185629,0.0410252525252525,0.830339321357285
163,"163_283.17_0.9","NA_[163_283.17_0.9]",283.165034506381,0.9338987,0.0354195698644813,1.45075671718932,0.834543780067776,-0.260940359703413,"3-[(2-Phenoxyacetyl)-propylamino]propanoic acid",NA,NA,0.182,0.182,-131.805,94.442,0.507,"InChI=1S/C14H19NO4/c1-2-9-15(10-8-14(17)18)13(16)11-19-12-6-4-3-5-7-12/h3-7H,2,8-11H2,1H3,(H,17,18)","BNFLNPYDTFCCHC","C14H19NO4","[M + H3N + H]+","CCCN(CCC(=O)O)C(=O)COC1=CC=CC=C1","Fatty acids","Pyrrolidine alkaloids","Fatty amides","250.131742436","InChI=1S/C13H18N2O3/c14-7-1-2-8-15-13(18)6-4-10-3-5-11(16)12(17)9-10/h3-6,9,16-17H,1-2,7-8,14H2,(H,15,18)","KTZNZCYTXQYEHT-UHFFFAOYSA-N","KTZNZCYTXQYEHT","NCCCCNC(=O)C=Cc1ccc(O)c(O)c1","C13H18N2O3","N-(4-aminobutyl)-3-(3,4-dihydroxyphenyl)prop-2-enamide","http://www.wikidata.org/entity/Q105146022","Alkaloids","Ornithine alkaloids","Alkaloids","Ornithine alkaloids","Tropane alkaloids","Nicotiana tabacum","['Eukaryota']","['Archaeplastida']","['Streptophyta']","['Magnoliopsida']","['Solanales']","['Solanaceae']","['Nicotianeae']","['Nicotiana']","['Nicotiana tabacum']","nan","222787.0","http://www.wikidata.org/entity/Q181095",8,1.46467048509149,0.0958083832335329,1.40275209380409,0.0978043912175649,1.73397596681387,0.0738522954091816,0.0668863636363636,0.295409181636727
183,"183_305.15_1.2","NA_[183_305.15_1.2]",305.147018234362,1.1957107,0.00544253783528039,2.26419854316029,0.822769548588667,-0.281439695425452,"(1S,6R)-6-[2-(2-methylpropanoylamino)ethylcarbamoyl]cyclohex-3-ene-1-carboxylic acid",NA,NA,0.039,0.039,-182.149,18.394,1,"InChI=1S/C14H22N2O4/c1-9(2)12(17)15-7-8-16-13(18)10-5-3-4-6-11(10)14(19)20/h3-4,9-11H,5-8H2,1-2H3,(H,15,17)(H,16,18)(H,19,20)","HVDRDDOXYJQABP","C14H22N2O4","[M + Na]+","CC(C)C(=O)NCCNC(=O)C1CC=CCC1C(=O)O","Amino acids and Peptides","Dipeptides","Small peptides",NA,NA,NA,NA,NA,NA,NA,NA,NA,NA,NA,NA,NA,NA,NA,NA,NA,NA,NA,NA,NA,NA,NA,NA,NA,NA,NA,3.54364593672012,0.00598802395209581,3.34729842793447,0.00598802395209581,3.77412354142129,0.00598802395209581,0.272676984126984,0.00998003992015968
185,"185_283.17_1.2","NA_[185_283.17_1.2]",283.165107010919,1.2106836,0.0078365938262268,2.10587266230439,0.816221386870613,-0.292967581880251,"2-cyclohexa-1,4-dien-1-yl-2-[[(E)-4-ethoxy-4-oxobut-2-en-2-yl]amino]acetic acid",NA,NA,0.028,0.028,-245.57,173.574,1,"InChI=1S/C14H19NO4/c1-3-19-12(16)9-10(2)15-13(14(17)18)11-7-5-4-6-8-11/h4-5,8-9,13,15H,3,6-7H2,1-2H3,(H,17,18)","VJKNZMGRRRECHM","C14H19NO4","[M + H3N + H]+","CCOC(=O)C=C(C)NC(C1=CCC=CC1)C(=O)O","Fatty acids","Piperidine alkaloids","Fatty amides","250.131742436","InChI=1S/C13H18N2O3/c14-7-1-2-8-15-13(18)6-4-10-3-5-11(16)12(17)9-10/h3-6,9,16-17H,1-2,7-8,14H2,(H,15,18)","KTZNZCYTXQYEHT-UHFFFAOYSA-N","KTZNZCYTXQYEHT","NCCCCNC(=O)C=Cc1ccc(O)c(O)c1","C13H18N2O3","N-(4-aminobutyl)-3-(3,4-dihydroxyphenyl)prop-2-enamide","http://www.wikidata.org/entity/Q105146022","Alkaloids","Ornithine alkaloids","Alkaloids","Ornithine alkaloids","Tropane alkaloids","Nicotiana tabacum","['Eukaryota']","['Archaeplastida']","['Streptophyta']","['Magnoliopsida']","['Solanales']","['Solanaceae']","['Nicotianeae']","['Nicotiana']","['Nicotiana tabacum']","nan","222787.0","http://www.wikidata.org/entity/Q181095",8,1.34406227991274,0.127744510978044,1.34406227991274,0.119760479041916,1.34406227991274,0.13373253493014,0.0379444444444444,0.710578842315369
210,"210_394.23_1.6","NA_[210_394.23_1.6]",394.233537433486,1.5713011,0.0101423706269627,1.99386052331844,0.817258657144528,-0.291135340480225,"Unk-Ala(tBu)-Ala((S)-2-oxopyrrolidin-3-yl)-MeOH",NA,NA,0.143,0.143,-379.182,38.81,0.975,"InChI=1S/C20H33N3O6/c1-20(2,3)10-14(23-19(28)16-5-4-8-29-16)18(27)22-13(15(25)11-24)9-12-6-7-21-17(12)26/h12-14,16,24H,4-11H2,1-3H3,(H,21,26)(H,22,27)(H,23,28)","PFJSVGDZMGOTSD","C20H33N3O6","[M - H2O + H]+","CC(C)(C)CC(C(=O)NC(CC1CCNC1=O)C(=O)CO)NC(=O)C2CCCO2","Amino acids and Peptides","Tripeptides","Small peptides","311.1732729","InChI=1S/C16H25NO5/c1-5-9(3)16(20)21-10-7-11-14(19)15(22-13(18)6-2)12(8-10)17(11)4/h5,10-12,14-15,19H,6-8H2,1-4H3/b9-5+","HGOLJZZEGFBRMR-WEVVVXLNSA-N","HGOLJZZEGFBRMR","C/C=C(\C)C(=O)OC1CC2C(O)C(OC(=O)CC)C(C1)N2C","C16H25NO5","6-Hydroxy-8-methyl-7-(propanoyloxy)-8-azabicyclo[3.2.1]oct-3-yl (2E)-2-methylbut-2-enoate","http://www.wikidata.org/entity/Q105027884","Alkaloids","Ornithine alkaloids","Alkaloids","Ornithine alkaloids","Tropane alkaloids","Datura stramonium","['Eukaryota']","['Archaeplastida']","['Streptophyta']","['Magnoliopsida']","['Solanales']","['Solanaceae']","['Datureae']","['Datura']","['Datura stramonium']","nan","822825.0","http://www.wikidata.org/entity/Q30959",6,1.34406227991274,0.103792415169661,0,0.473053892215569,1.34406227991274,0.0958083832335329,0.0398636363636364,0.67065868263473
216,"216_343.3_1.8","lauramidopropyl betaine_[216_343.3_1.8]",343.295390138933,1.8271214,0.00138994246699786,2.8570031758484,0.656278598885119,-0.607619707018217,"2-[Dimethyl-[3-(2,2,3,3,4,4,5,5,6,6,7,7,8,8,9,9,10,10,11,11,12,12,12-tricosadeuteriododecanoylamino)propyl]azaniumyl]acetate","lauramidopropyl betaine","CHEBI:63555",0.339,0.339,-242.036,36.819,0.081,"InChI=1S/C19H38N2O3/c1-4-5-6-7-8-9-10-11-12-14-18(22)20-15-13-16-21(2,3)17-19(23)24/h4-17H2,1-3H3,(H-,20,22,23,24)/p+1","MRUAUOIMASANKQ","C19H38N2O3","[M + H]+","CCCCCCCCCCCC(=O)NCCC[N+](C)(C)CC(=O)O","Fatty acids","N-acyl ethanolamines (endocannabinoids)","Fatty amides",NA,NA,NA,NA,NA,NA,NA,NA,NA,NA,NA,NA,NA,NA,NA,NA,NA,NA,NA,NA,NA,NA,NA,NA,NA,NA,NA,1.34406227991274,0.0978043912175649,1.73727046020804,0.0439121756487026,1.607706883878,0.06187624750499,0.0643762626262626,0.11377245508982
217,"217_408.25_1.9","NA_[217_408.25_1.9]",408.249235064229,1.8913196,0.00710878081774376,2.14820487599709,0.807010315925415,-0.30934097945207,"2-((3-Aziridin-1-ylpropionyl)methyl)-2-ethylpropane-1,3-diyl bis(aziridine-1-propionate)",NA,NA,0.034,0.034,-343.828,56.267,0.968,"InChI=1S/C21H35N3O6/c1-2-21(15-28-18(25)3-6-22-9-10-22,16-29-19(26)4-7-23-11-12-23)17-30-20(27)5-8-24-13-14-24/h2-17H2,1H3","KDRBAEZRIDZKRP","C21H35N3O6","[M - H2O + H]+","CCC(COC(=O)CCN1CC1)(COC(=O)CCN2CC2)COC(=O)CCN3CC3","Amino acids and Peptides","Tripeptides","Oligopeptides","325.188922964","InChI=1S/C17H27NO5/c1-6-10(4)17(21)22-11-7-12-14(19)15(13(8-11)18(12)5)23-16(20)9(2)3/h6,9,11-15,19H,7-8H2,1-5H3/b10-6+","RZKWUOOSGIFSGP-UXBLZVDNSA-N","RZKWUOOSGIFSGP","C/C=C(\C)C(=O)OC1CC2C(O)C(OC(=O)C(C)C)C(C1)N2C","C17H27NO5","6-Hydroxy-8-methyl-7-[(2-methylpropanoyl)oxy]-8-azabicyclo[3.2.1]oct-3-yl (2E)-2-methylbut-2-enoate","http://www.wikidata.org/entity/Q105248426","Alkaloids","Ornithine alkaloids","Alkaloids","Ornithine alkaloids","Tropane alkaloids","Datura stramonium","['Eukaryota']","['Archaeplastida']","['Streptophyta']","['Magnoliopsida']","['Solanales']","['Solanaceae']","['Datureae']","['Datura']","['Datura stramonium']","nan","822825.0","http://www.wikidata.org/entity/Q30959",6,0,0.493013972055888,0,0.463073852295409,0,0.42315369261477,0.0261944444444444,0.844311377245509
221,"221_954.62_1.8","NA_[221_954.62_1.8]",954.615005850797,1.8498733,0.0475942239075948,1.32244575058352,1.22566415897548,0.293563724089833,"[2-[[2-[(3-amino-3-methylbutanoyl)oxymethyl]-2-[[(E)-3-(aziridin-1-yl)but-2-enoyl]oxymethyl]-3-[3-(aziridin-1-yl)-3-methylbutanoyl]oxypropoxy]methyl]-3-[3-(aziridin-1-yl)-3-methylbutanoyl]oxy-2-[[3-(aziridin-1-yl)-3-methylbutanoyl]oxymethyl]propyl] 3-amino-3-methylbutanoate",NA,NA,0.248,0.248,-359.63,159.663,0.017,"InChI=1S/C47H80N6O13/c1-34(50-12-13-50)20-35(54)61-28-46(29-62-36(55)21-41(2,3)48,31-64-38(57)23-43(6,7)51-14-15-51)26-60-27-47(30-63-37(56)22-42(4,5)49,32-65-39(58)24-44(8,9)52-16-17-52)33-66-40(59)25-45(10,11)53-18-19-53/h20H,12-19,21-33,48-49H2,1-11H3","WTIBHCJUTADODS","C47H80N6O13","[M + H3N + H]+","CC(=CC(=O)OCC(COCC(COC(=O)CC(C)(C)N)(COC(=O)CC(C)(C)N1CC1)COC(=O)CC(C)(C)N2CC2)(COC(=O)CC(C)(C)N)COC(=O)CC(C)(C)N3CC3)N4CC4","Fatty acids","Glycosyldiacylglycerols","Glycerolipids","936.5810219880002","InChI=1S/C51H84O15/c1-3-5-7-9-11-13-15-17-19-21-23-25-27-29-31-33-42(53)61-36-39(64-43(54)34-32-30-28-26-24-22-20-18-16-14-12-10-8-6-4-2)37-62-50-49(60)47(58)45(56)41(66-50)38-63-51-48(59)46(57)44(55)40(35-52)65-51/h5-8,11-14,17-20,39-41,44-52,55-60H,3-4,9-10,15-16,21-38H2,1-2H3/b7-5-,8-6-,13-11-,14-12-,19-17-,20-18-/t39-,40-,41-,44+,45+,46+,47+,48-,49-,50-,51+/m1/s1","KDYAPQVYJXUQNY-OPHDRXFHSA-N","KDYAPQVYJXUQNY","CC/C=C\C/C=C\C/C=C\CCCCCCCC(=O)OC[C@H](CO[C@@H]1O[C@H](CO[C@H]2O[C@H](CO)[C@H](O)[C@H](O)[C@H]2O)[C@H](O)[C@H](O)[C@H]1O)OC(=O)CCCCCCC/C=C\C/C=C\C/C=C\CC","C51H84O15","1-18:3-2-18:3-Digalactosyldiacylglycerol","http://www.wikidata.org/entity/Q42403316","Fatty acids","Glycerolipids","Fatty acids","Glycerolipids","Glycosyldiacylglycerols","Lycium barbarum","['Eukaryota']","['Archaeplastida']","['Streptophyta']","['Magnoliopsida']","['Solanales']","['Solanaceae']","['Lycieae']","['Lycium']","['Lycium barbarum']","nan","40038.0","http://www.wikidata.org/entity/Q196332",6,0,0.431137724550898,0,0.437125748502994,0,0.399201596806387,0,1
222,"222_155.12_1.9","NA_[222_155.12_1.9]",155.117842261347,1.8672887,0.0157909662440483,1.80159129484165,0.819663528810202,-0.286896288737904,"1-[4-(2-hydroxyethyl)-1-piperazinyl]Ethanone",NA,NA,0.391,0.249,-95.851,36.082,0.991,"InChI=1S/C8H16N2O2/c1-8(12)10-4-2-9(3-5-10)6-7-11/h11H,2-7H2,1H3","MRGOMLFEVPNISR","C8H16N2O2","[M - H2O + H]+","CC(=O)N1CCN(CC1)CCO","Fatty acids","Aminoacids","Fatty amides",NA,NA,NA,NA,NA,NA,NA,NA,NA,NA,NA,NA,NA,NA,NA,NA,NA,NA,NA,NA,NA,NA,NA,NA,NA,NA,NA,2.34770277152741,0.0219560878243513,2.31961691213862,0.0219560878243513,2.52191196217649,0.0139720558882236,0.113146825396825,0.111776447105788
226,"226_408.25_1.9","NA_[226_408.25_1.9]",408.249183309363,1.9205407,0.00349447193957609,2.45661844253776,0.792600289619073,-0.335334600415273,"2-((3-Aziridin-1-ylpropionyl)methyl)-2-ethylpropane-1,3-diyl bis(aziridine-1-propionate)",NA,NA,0.015,0.015,-343.349,52.205,0.956,"InChI=1S/C21H35N3O6/c1-2-21(15-28-18(25)3-6-22-9-10-22,16-29-19(26)4-7-23-11-12-23)17-30-20(27)5-8-24-13-14-24/h2-17H2,1H3","KDRBAEZRIDZKRP","C21H35N3O6","[M - H2O + H]+","CCC(COC(=O)CCN1CC1)(COC(=O)CCN2CC2)COC(=O)CCN3CC3","Amino acids and Peptides","Tripeptides","Small peptides","325.188922964","InChI=1S/C17H27NO5/c1-6-10(4)17(21)22-11-7-12-14(19)15(13(8-11)18(12)5)23-16(20)9(2)3/h6,9,11-15,19H,7-8H2,1-5H3/b10-6+","RZKWUOOSGIFSGP-UXBLZVDNSA-N","RZKWUOOSGIFSGP","C/C=C(\C)C(=O)OC1CC2C(O)C(OC(=O)C(C)C)C(C1)N2C","C17H27NO5","6-Hydroxy-8-methyl-7-[(2-methylpropanoyl)oxy]-8-azabicyclo[3.2.1]oct-3-yl (2E)-2-methylbut-2-enoate","http://www.wikidata.org/entity/Q105248426","Alkaloids","Ornithine alkaloids","Alkaloids","Ornithine alkaloids","Tropane alkaloids","Datura stramonium","['Eukaryota']","['Archaeplastida']","['Streptophyta']","['Magnoliopsida']","['Solanales']","['Solanaceae']","['Datureae']","['Datura']","['Datura stramonium']","nan","822825.0","http://www.wikidata.org/entity/Q30959",6,2.62610555643789,0.0139720558882236,2.4450620767117,0.0119760479041916,2.8113951804775,0.0119760479041916,0.15925,0.031936127744511
228,"228_285.18_2","Collacyclumin B_[228_285.18_2]",285.180637093893,2.0058987,0.00830666022257762,2.08057355364666,0.803653576154992,-0.315354349287253,"Collacyclumin B","Collacyclumin B","CHEBI:215221",0.048,0.048,-259.978,61.692,0.157,"InChI=1S/C14H24N2O4/c1-9(17)7-13(3,4)15-11(19)12(20)16-14(5,6)8-10(2)18/h7-8H2,1-6H3,(H,15,19)(H,16,20)","YLSPVSWMAHXPCB","C14H24N2O4","[M + H]+","CC(=O)CC(C)(C)NC(=O)C(=O)NC(C)(C)CC(=O)C","Amino acids and Peptides","N-acyl amines","Small peptides",NA,NA,NA,NA,NA,NA,NA,NA,NA,NA,NA,NA,NA,NA,NA,NA,NA,NA,NA,NA,NA,NA,NA,NA,NA,NA,NA,1.95821719375528,0.0399201596806387,1.71351027480322,0.0658682634730539,2.07398160453047,0.0459081836327345,0.0952380952380952,0.189620758483034
230,"230_394.23_2.1","NA_[230_394.23_2.1]",394.233500760459,2.1378696,0.0135074208181855,1.86942756965779,0.815613658957938,-0.294042158736046,"6-[4-(7-carboxylato-6-hydroxyheptyl)cyclohexyl]-3-hydroxy-2-methylpiperidin-1-ium",NA,NA,0.027,0.027,-286.609,23.899,0.019,"InChI=1S/C20H37NO4/c1-14-19(23)12-11-18(21-14)16-9-7-15(8-10-16)5-3-2-4-6-17(22)13-20(24)25/h14-19,21-23H,2-13H2,1H3,(H,24,25)","LCYHJMKSXUPWHT","C20H37NO4","[M + K]+","CC1C(CCC(N1)C2CCC(CC2)CCCCCC(CC(=O)O)O)O","Fatty acids","Aminoacids","Fatty amides","311.1732729","InChI=1S/C16H25NO5/c1-5-9(3)16(20)21-10-7-11-14(19)15(22-13(18)6-2)12(8-10)17(11)4/h5,10-12,14-15,19H,6-8H2,1-4H3/b9-5+","HGOLJZZEGFBRMR-WEVVVXLNSA-N","HGOLJZZEGFBRMR","C/C=C(\C)C(=O)OC1CC2C(O)C(OC(=O)CC)C(C1)N2C","C16H25NO5","6-Hydroxy-8-methyl-7-(propanoyloxy)-8-azabicyclo[3.2.1]oct-3-yl (2E)-2-methylbut-2-enoate","http://www.wikidata.org/entity/Q105027884","Alkaloids","Ornithine alkaloids","Alkaloids","Ornithine alkaloids","Tropane alkaloids","Datura stramonium","['Eukaryota']","['Archaeplastida']","['Streptophyta']","['Magnoliopsida']","['Solanales']","['Solanaceae']","['Datureae']","['Datura']","['Datura stramonium']","nan","822825.0","http://www.wikidata.org/entity/Q30959",6,0,0.479041916167665,1.00100150250438,0.235528942115768,1.00100150250438,0.215568862275449,0.0226833333333333,0.902195608782435
239,"239_394.23_2.2","NA_[239_394.23_2.2]",394.233507307402,2.1820676,0.00267749827397718,2.57227080045967,0.793330910169173,-0.334005333774815,"Unk-Ala(tBu)-Ala((S)-2-oxopyrrolidin-3-yl)-MeOH",NA,NA,0.297,0.297,-276.257,133.345,0.025,"InChI=1S/C20H33N3O6/c1-20(2,3)10-14(23-19(28)16-5-4-8-29-16)18(27)22-13(15(25)11-24)9-12-6-7-21-17(12)26/h12-14,16,24H,4-11H2,1-3H3,(H,21,26)(H,22,27)(H,23,28)","PFJSVGDZMGOTSD","C20H33N3O6","[M - H2O + H]+","CC(C)(C)CC(C(=O)NC(CC1CCNC1=O)C(=O)CO)NC(=O)C2CCCO2","Amino acids and Peptides","Cyclic peptides","Oligopeptides","311.1732729","InChI=1S/C16H25NO5/c1-5-9(3)16(20)21-10-7-11-14(19)15(22-13(18)6-2)12(8-10)17(11)4/h5,10-12,14-15,19H,6-8H2,1-4H3/b9-5+","HGOLJZZEGFBRMR-WEVVVXLNSA-N","HGOLJZZEGFBRMR","C/C=C(\C)C(=O)OC1CC2C(O)C(OC(=O)CC)C(C1)N2C","C16H25NO5","6-Hydroxy-8-methyl-7-(propanoyloxy)-8-azabicyclo[3.2.1]oct-3-yl (2E)-2-methylbut-2-enoate","http://www.wikidata.org/entity/Q105027884","Alkaloids","Ornithine alkaloids","Alkaloids","Ornithine alkaloids","Tropane alkaloids","Datura stramonium","['Eukaryota']","['Archaeplastida']","['Streptophyta']","['Magnoliopsida']","['Solanales']","['Solanaceae']","['Datureae']","['Datura']","['Datura stramonium']","nan","822825.0","http://www.wikidata.org/entity/Q30959",6,4.15367440800317,0.00199600798403194,3.84707251251861,0.00199600798403194,4.23802017445456,0.00199600798403194,0.3536,0.00199600798403194
244,"244_374.14_2.2","Proacaciberin_[244_374.14_2.2]",374.144538125465,2.2429333,0.00968941290935704,2.01370253646326,1.28114943926539,0.357438768195238,"Proacaciberin","Proacaciberin","CHEBI:8422",0.342,0.342,-148.64,44.776,0.488,"InChI=1S/C16H25NO10/c1-6(2)8(3-17)26-16-14(23)12(21)11(20)9(27-16)5-25-15-13(22)10(19)7(18)4-24-15/h7-16,18-23H,1,4-5H2,2H3","BHUCUDQLYLLDIA","C16H25NO10","[M - H2O + H]+","CC(=C)C(C#N)OC1C(C(C(C(O1)COC2C(C(C(CO2)O)O)O)O)O)O","Amino acids and Peptides","Cyanogenic glycosides","Amino acid glycosides",NA,NA,NA,NA,NA,NA,NA,NA,NA,NA,NA,NA,NA,NA,NA,NA,NA,NA,NA,NA,NA,NA,NA,NA,NA,NA,NA,2.02024072834408,0.0698602794411178,1.95407605715998,0.0818363273453094,2.09837239829475,0.0758483033932136,0.068696176046176,0.740518962075848
246,"246_352.22_2.3","NA_[246_352.22_2.3]",352.222910531946,2.339721,0.00297388135904781,2.52667636134824,0.75570360081393,-0.40410759785292,"cyclobutyl N-[(2S)-1-[[(2S)-1-hydroxy-3-[(3S)-2-oxopyrrolidin-3-yl]propan-2-yl]amino]-4-methyl-1-oxopentan-2-yl]carbamate",NA,NA,0.07,0.07,-395.076,27.656,0.733,"InChI=1S/C18H31N3O5/c1-11(2)8-15(21-18(25)26-14-4-3-5-14)17(24)20-13(10-22)9-12-6-7-19-16(12)23/h11-15,22H,3-10H2,1-2H3,(H,19,23)(H,20,24)(H,21,25)","GCQNXXAARPLCPY","C18H31N3O5","[M - H2O + H]+","CC(C)CC(C(=O)NC(CC1CCNC1=O)CO)NC(=O)OC2CCC2","Amino acids and Peptides","Tripeptides","Small peptides","155.094628656|155.094628656","InChI=1S/C8H13NO2/c1-9-5-2-4(10)3-6(9)8-7(5)11-8/h4-8,10H,2-3H2,1H3/t4?,5-,6+,7-,8+|InChI=1S/C8H13NO2/c1-9-5-2-4-3-6(9)8(11-4)7(5)10/h4-8,10H,2-3H2,1H3/t4-,5-,6+,7-,8-/m0/s1","FIMXSEMBHGTNKT-UPGAHCIJSA-N|MEGPURSNXMUDAE-RLMOJYMMSA-N","FIMXSEMBHGTNKT|MEGPURSNXMUDAE","CN1[C@@H]2CC(O)C[C@H]1[C@@H]1O[C@@H]12|CN1[C@@H]2C[C@@H]3C[C@H]1[C@H](O)[C@H]2O3","C8H13NO2|C8H13NO2","Scopine|Oscine","http://www.wikidata.org/entity/Q76120007|http://www.wikidata.org/entity/Q105162226","Alkaloids|Alkaloids","Ornithine alkaloids|Ornithine alkaloids","Alkaloids","Ornithine alkaloids","Tropane alkaloids","Cyphanthera myosotidea|Datura stramonium","['Eukaryota']|['Eukaryota']","['Archaeplastida']|['Archaeplastida']","['Streptophyta']|['Streptophyta']","['Magnoliopsida']|['Magnoliopsida']","['Solanales']|['Solanales']","['Solanaceae']|['Solanaceae']","['Anthocercideae']|['Datureae']","['Anthocercis']|['Datura']","['Anthocercis myosotidea']|['Datura stramonium']","nan|nan","994196.0|822825.0","http://www.wikidata.org/entity/Q1148161|http://www.wikidata.org/entity/Q30959",NA,2.23486110692435,0.029940119760479,1.67131567616219,0.0698602794411178,2.14670207287649,0.0499001996007984,0.122882323232323,0.0998003992015968
256,"256_461.28_2.6","N-[(2S,4aR,12aR)-2-[2-(cyclopropylmethylamino)-2-oxoethyl]-5-methyl-6-oxo-2,3,4,4a,12,12a-hexahydropyrano[2,3-c][1,5]benzoxazocin-8-yl]butanamide_[256_461.28_2.6]",461.275873923599,2.6267776,5.78881467335979e-05,4.23741035397881,0.671711802588493,-0.574085716286411,"N-[(2S,4aS,12aS)-2-[2-(cyclopropylmethylamino)-2-oxoethyl]-5-methyl-6-oxo-2,3,4,4a,12,12a-hexahydropyrano[2,3-c][1,5]benzoxazocin-8-yl]butanamide","N-[(2S,4aR,12aR)-2-[2-(cyclopropylmethylamino)-2-oxoethyl]-5-methyl-6-oxo-2,3,4,4a,12,12a-hexahydropyrano[2,3-c][1,5]benzoxazocin-8-yl]butanamide","CHEBI:128613",0.061,0.061,-388.757,56.817,0.13,"InChI=1S/C24H33N3O5/c1-3-4-22(28)26-16-7-10-20-18(11-16)24(30)27(2)19-9-8-17(32-21(19)14-31-20)12-23(29)25-13-15-5-6-15/h7,10-11,15,17,19,21H,3-6,8-9,12-14H2,1-2H3,(H,25,29)(H,26,28)","KICHFZXSYRHWSE","C24H33N3O5","[M + H3N + H]+","CCCC(=O)NC1=CC2=C(C=C1)OCC3C(CCC(O3)CC(=O)NCC4CC4)N(C2=O)C","Amino acids and Peptides","Dipeptides","Oligopeptides",NA,NA,NA,NA,NA,NA,NA,NA,NA,NA,NA,NA,NA,NA,NA,NA,NA,NA,NA,NA,NA,NA,NA,NA,NA,NA,NA,2.95760347184731,0.00399201596806387,2.91926865503251,0.00998003992015968,2.96074650225754,0.00998003992015968,0.259428571428571,0.00598802395209581
257,"257_266.19_2.7","NA_[257_266.19_2.7]",266.186446027015,2.7070138,0.00653459397896322,2.18478139173666,0.803150016584662,-0.316258607806433,"1,6-Bis(morpholino)-2,4-hexadiyne",NA,NA,0.027,0.027,-162.737,78.363,0.278,"InChI=1S/C14H20N2O2/c1(3-5-15-7-11-17-12-8-15)2-4-6-16-9-13-18-14-10-16/h5-14H2","ZNXWKPCOJLBLFJ","C14H20N2O2","[M + H3N + H]+","C1COCCN1CC#CC#CCN2CCOCC2","Alkaloids","Pyridine alkaloids","Nicotinic acid alkaloids",NA,NA,NA,NA,NA,NA,NA,NA,NA,NA,NA,NA,NA,NA,NA,NA,NA,NA,NA,NA,NA,NA,NA,NA,NA,NA,NA,2.34385729572806,0.0179640718562874,2.20808884294841,0.029940119760479,2.51968606667292,0.0259481037924152,0.15115,0.0399201596806387
258,"258_269.11_2.7","NA_[258_269.11_2.7]",269.107227123604,2.718683,0.0122857813450452,1.91059721825993,0.754702451591714,-0.406020134190159,"2-(1,4-Benzodiazepin-1-yl)ethanesulfonamide",NA,NA,0.05,0.05,-134.49,16.487,0.105,"InChI=1S/C11H13N3O2S/c12-17(15,16)8-7-14-6-5-13-9-10-3-1-2-4-11(10)14/h1-6,9H,7-8H2,(H2,12,15,16)","OFDWFBAIHJSKLR","C11H13N3O2S","[M + H3N + H]+","C1=CC=C2C(=C1)C=NC=CN2CCS(=O)(=O)N","Alkaloids","Pyridine alkaloids","Nicotinic acid alkaloids","230.151809184","InChI=1S/C12H22O4/c1-3-5-9-15-11(13)7-8-12(14)16-10-6-4-2/h3-10H2,1-2H3","YUXIBTJKHLUKBD-UHFFFAOYSA-N","YUXIBTJKHLUKBD","CCCCOC(=O)CCC(=O)OCCCC","C12H22O4","Dibutyl succinate","http://www.wikidata.org/entity/Q27155847","Fatty acids","Fatty esters","Fatty acids","Nucleosides","Purine nucleos(t)ides","Nicotiana tabacum","['Eukaryota']","['Archaeplastida']","['Streptophyta']","['Magnoliopsida']","['Solanales']","['Solanaceae']","['Nicotianeae']","['Nicotiana']","['Nicotiana tabacum']","nan","222787.0","http://www.wikidata.org/entity/Q181095",8,1.28959193642382,0.125748502994012,-1.00100150250438,0.692614770459082,0.683449068417327,0.239520958083832,0.070234126984127,0.457085828343313
260,"260_268.1_2.7","adenosine_[260_268.1_2.7]",268.10395886519,2.7189028,0.0123700460652296,1.90762868308408,0.775293318489186,-0.367185863119348,"Myocol","adenosine","CHEBI:16335",0.975,0.947,-7.511,45.466,0.083,"InChI=1S/C10H13N5O4/c11-8-5-9(13-2-12-8)15(3-14-5)10-7(18)6(17)4(1-16)19-10/h2-4,6-7,10,16-18H,1H2,(H2,11,12,13)","OIRDTQYFTABQOQ","C10H13N5O4","[M + H]+","C1=NC(=C2C(=N1)N(C=N2)C3C(C(C(O3)CO)O)O)N","Carbohydrates","Purine nucleosides","Nucleosides","267.096753896","InChI=1S/C10H13N5O4/c11-8-5-9(13-2-12-8)15(3-14-5)10-7(18)6(17)4(1-16)19-10/h2-4,6-7,10,16-18H,1H2,(H2,11,12,13)","OIRDTQYFTABQOQ-UHFFFAOYSA-N","OIRDTQYFTABQOQ","Nc1ncnc2c1ncn2C1OC(CO)C(O)C1O","C10H13N5O4","2-(6-Aminopurin-9-yl)-5-(hydroxymethyl)oxolane-3,4-diol","http://www.wikidata.org/entity/Q27165666","Carbohydrates","Nucleosides","Fatty acids","Nucleosides","Purine nucleos(t)ides","Nicotiana undulata","['Eukaryota']","['Archaeplastida']","['Streptophyta']","['Magnoliopsida']","['Solanales']","['Solanaceae']","['Nicotianeae']","['Nicotiana']","['Nicotiana undulata']","nan","210478.0","http://www.wikidata.org/entity/Q15531484",8,0,0.419161676646707,0,0.427145708582834,0,0.375249500998004,0,1
261,"261_435.17_2.7","NA_[261_435.17_2.7]",435.165782271787,2.7197948,0.0276227031927235,1.55873382306956,0.721229143710879,-0.471470399950646,"5-[[9-[3,4-Dihydroxy-5-(hydroxymethyl)oxolan-2-yl]purin-6-yl]amino]pentane-1-sulfonic acid",NA,NA,0.254,0.254,-212.995,31.506,0.031,"InChI=1S/C15H23N5O7S/c21-6-9-11(22)12(23)15(27-9)20-8-19-10-13(17-7-18-14(10)20)16-4-2-1-3-5-28(24,25)26/h7-9,11-12,15,21-23H,1-6H2,(H,16,17,18)(H,24,25,26)","WOUMMLCAIIQWOQ","C15H23N5O7S","[M + H3N + H]+","C1=NC(=C2C(=N1)N(C=N2)C3C(C(C(O3)CO)O)O)NCCCCCS(=O)(=O)O","Carbohydrates","Purine nucleosides","Nucleosides",NA,NA,NA,NA,NA,NA,NA,NA,NA,NA,NA,NA,NA,NA,NA,NA,NA,NA,NA,NA,NA,NA,NA,NA,NA,NA,NA,0,0.702594810379242,0,0.662674650698603,0,0.612774451097804,0,1
267,"267_519.32_2.7","N-[(4S,7S,8S)-8-methoxy-4,7,10-trimethyl-5-[4-oxanyl(oxo)methyl]-11-oxo-2-oxa-5,10-diazabicyclo[10.4.0]hexadeca-1(12),13,15-trien-14-yl]cyclopropanecarboxamide_[267_519.32_2.7]",519.318035971715,2.742254,0.00329209467897898,2.48252768319037,0.772957268447674,-0.371539435333184,"N-[(4R,7S,8R)-8-methoxy-4,7,10-trimethyl-5-[4-oxanyl(oxo)methyl]-11-oxo-2-oxa-5,10-diazabicyclo[10.4.0]hexadeca-1(12),13,15-trien-14-yl]cyclopropanecarboxamide","N-[(4S,7S,8S)-8-methoxy-4,7,10-trimethyl-5-[4-oxanyl(oxo)methyl]-11-oxo-2-oxa-5,10-diazabicyclo[10.4.0]hexadeca-1(12),13,15-trien-14-yl]cyclopropanecarboxamide","CHEBI:122539",0.046,0.046,-415.075,152.11,0.996,"InChI=1S/C27H39N3O6/c1-17-14-30(26(32)20-9-11-35-12-10-20)18(2)16-36-23-8-7-21(28-25(31)19-5-6-19)13-22(23)27(33)29(3)15-24(17)34-4/h7-8,13,17-20,24H,5-6,9-12,14-16H2,1-4H3,(H,28,31)","GAPZQUHMQDIXFX","C27H39N3O6","[M + H3N + H]+","CC1CN(C(COC2=C(C=C(C=C2)NC(=O)C3CC3)C(=O)N(CC1OC)C)C)C(=O)C4CCOCC4","Amino acids and Peptides","Open-chain polyketides","Linear polyketides","473.25258584","InChI=1S/C25H35N3O6/c29-20-8-4-18(16-22(20)31)6-10-24(33)27-14-2-1-12-26-13-3-15-28-25(34)11-7-19-5-9-21(30)23(32)17-19/h4-5,8-9,16-17,26,29-32H,1-3,6-7,10-15H2,(H,27,33)(H,28,34)","RNEHQZRKZJSYOL-UHFFFAOYSA-N","RNEHQZRKZJSYOL","O=C(CCc1ccc(O)c(O)c1)NCCCCNCCCNC(=O)CCc1ccc(O)c(O)c1","C25H35N3O6","3-(3,4-dihydroxyphenyl)-N-[3-({4-[3-(3,4-dihydroxyphenyl)propanamido]butyl}amino)propyl]propanamide","http://www.wikidata.org/entity/Q105241278","Alkaloids","Ornithine alkaloids","Alkaloids","Ornithine alkaloids","Tropane alkaloids","Solanum tuberosum","['Eukaryota']","['Archaeplastida']","['Streptophyta']","['Magnoliopsida']","['Solanales']","['Solanaceae']","['Solaneae']","['Solanum']","['Solanum tuberosum']","nan","494835.0","http://www.wikidata.org/entity/Q10998",6,1.00100150250438,0.225548902195609,1.38942503594182,0.115768463073852,1.34406227991274,0.12375249500998,0.0491666666666667,0.333333333333333
273,"273_519.32_2.9","Glidobactin D_[273_519.32_2.9]",519.318036963313,2.8882504,0.00439093097152172,2.35744339025222,0.758521174453351,-0.398738640384131,"Glidobactin D","Glidobactin D","CHEBI:224738",0.166,0.166,-301.355,78.764,0.642,"InChI=1S/C27H44N4O7/c1-4-20(33)11-9-7-5-6-8-10-12-24(36)31-25(19(3)32)27(38)30-22-17-21(34)15-16-28-23(35)14-13-18(2)29-26(22)37/h6,8,10,12-14,18-22,25,32-34H,4-5,7,9,11,15-17H2,1-3H3,(H,28,35)(H,29,37)(H,30,38)(H,31,36)","CWHSSBGVAAMVCC","C27H44N4O7","[M - H2O + H]+","CCC(CCCCC=CC=CC(=O)NC(C(C)O)C(=O)NC1CC(CCNC(=O)C=CC(NC1=O)C)O)O","Amino acids and Peptides","Open-chain polyketides","Oligopeptides","473.25258584","InChI=1S/C25H35N3O6/c29-20-8-4-18(16-22(20)31)6-10-24(33)27-14-2-1-12-26-13-3-15-28-25(34)11-7-19-5-9-21(30)23(32)17-19/h4-5,8-9,16-17,26,29-32H,1-3,6-7,10-15H2,(H,27,33)(H,28,34)","RNEHQZRKZJSYOL-UHFFFAOYSA-N","RNEHQZRKZJSYOL","O=C(CCc1ccc(O)c(O)c1)NCCCCNCCCNC(=O)CCc1ccc(O)c(O)c1","C25H35N3O6","3-(3,4-dihydroxyphenyl)-N-[3-({4-[3-(3,4-dihydroxyphenyl)propanamido]butyl}amino)propyl]propanamide","http://www.wikidata.org/entity/Q105241278","Alkaloids","Ornithine alkaloids","Alkaloids","Ornithine alkaloids","Tropane alkaloids","Solanum tuberosum","['Eukaryota']","['Archaeplastida']","['Streptophyta']","['Magnoliopsida']","['Solanales']","['Solanaceae']","['Solaneae']","['Solanum']","['Solanum tuberosum']","nan","494835.0","http://www.wikidata.org/entity/Q10998",6,1.00100150250438,0.225548902195609,1.53110198069386,0.0698602794411178,1.63679426555161,0.0838323353293413,0.0528888888888889,0.289421157684631
279,"279_527.28_3.1","NA_[279_527.28_3.1]",527.284442450265,3.1149716,0.00797479488964643,2.09828047810655,0.80122122714217,-0.319727451211697,"Cbz-Val-Leu-Ala((S)-2-oxopyrrolidin-3-yl)-ol",NA,NA,0.06,0.06,-350.489,52.441,0.978,"InChI=1S/C26H40N4O6/c1-16(2)12-21(24(33)28-20(14-31)13-19-10-11-27-23(19)32)29-25(34)22(17(3)4)30-26(35)36-15-18-8-6-5-7-9-18/h5-9,16-17,19-22,31H,10-15H2,1-4H3,(H,27,32)(H,28,33)(H,29,34)(H,30,35)","GLZAWCKOCLSXEU","C26H40N4O6","[M + Na]+","CC(C)CC(C(=O)NC(CC1CCNC1=O)CO)NC(=O)C(C(C)C)NC(=O)OCC2=CC=CC=C2","Amino acids and Peptides","Linear peptides","Oligopeptides",NA,NA,NA,NA,NA,NA,NA,NA,NA,NA,NA,NA,NA,NA,NA,NA,NA,NA,NA,NA,NA,NA,NA,NA,NA,NA,NA,1.00100150250438,0.223552894211577,1.26693979201741,0.117764471057884,1.37021526937856,0.101796407185629,0.0379444444444444,0.48502994011976
281,"281_505.3_3.1","NA_[281_505.3_3.1]",505.302417922687,3.1151292,0.00851660338414516,2.06973357725699,0.810196672809195,-0.303655934488451,"(1-Amino-2-hydroxy-4-phenylbutyl)-[2-hydroxy-1-[(2-methylpropan-2-yl)oxycarbonylamino]-4-phenylbutyl]carbamic acid",NA,NA,0.075,0.098,-242.821,153.19,0.996,"InChI=1S/C26H37N3O6/c1-26(2,3)35-24(32)28-23(21(31)17-15-19-12-8-5-9-13-19)29(25(33)34)22(27)20(30)16-14-18-10-6-4-7-11-18/h4-13,20-23,30-31H,14-17,27H2,1-3H3,(H,28,32)(H,33,34)","BMTZVUJLMRUNAN","C26H37N3O6","[M + H3N + H]+","CC(C)(C)OC(=O)NC(C(CCC1=CC=CC=C1)O)N(C(C(CCC2=CC=CC=C2)O)N)C(=O)O","Amino acids and Peptides","Cyclic peptides","Linear polyketides",NA,NA,NA,NA,NA,NA,NA,NA,NA,NA,NA,NA,NA,NA,NA,NA,NA,NA,NA,NA,NA,NA,NA,NA,NA,NA,NA,1.26693979201741,0.105788423153693,1.00100150250438,0.261477045908184,1.41285987182396,0.105788423153693,0.0193863636363636,0.87624750499002
284,"284_463.29_3.2","NA_[284_463.29_3.2]",463.291794150262,3.210394,0.0142695969387397,1.84558829386177,0.808251798594521,-0.307123282117804,"Ac-Leu-Val-Tyr(Me)-NHMe",NA,NA,0.039,0.039,-356.632,37.97,0.291,"InChI=1S/C24H38N4O5/c1-14(2)12-19(26-16(5)29)23(31)28-21(15(3)4)24(32)27-20(22(30)25-6)13-17-8-10-18(33-7)11-9-17/h8-11,14-15,19-21H,12-13H2,1-7H3,(H,25,30)(H,26,29)(H,27,32)(H,28,31)","VNJPVZDNYNTHAV","C24H38N4O5","[M + H]+","CC(C)CC(C(=O)NC(C(C)C)C(=O)NC(CC1=CC=C(C=C1)OC)C(=O)NC)NC(=O)C","Amino acids and Peptides","Tripeptides","Oligopeptides",NA,NA,NA,NA,NA,NA,NA,NA,NA,NA,NA,NA,NA,NA,NA,NA,NA,NA,NA,NA,NA,NA,NA,NA,NA,NA,NA,1.00100150250438,0.231536926147705,1.00100150250438,0.261477045908184,1.00100150250438,0.225548902195609,0.0281944444444444,0.770459081836327
287,"287_319.14_3.2","NA_[287_319.14_3.2]",319.136346478104,3.208686,0.0251868288064523,1.59882650969747,0.832484063021798,-0.264505441225382,"3-(Diethylsulfamoyl)-3-methylpentane-2-sulfonic acid",NA,NA,0.065,0.065,-157.902,31.052,0.348,"InChI=1S/C10H23NO5S2/c1-6-10(5,9(4)17(12,13)14)18(15,16)11(7-2)8-3/h9H,6-8H2,1-5H3,(H,12,13,14)","KLNFZQCSAYIPSC","C10H23NO5S2","[M + H3N + H]+","CCC(C)(C(C)S(=O)(=O)O)S(=O)(=O)N(CC)CC","Fatty acids","N-acyl amines","Monoterpenoids",NA,NA,NA,NA,NA,NA,NA,NA,NA,NA,NA,NA,NA,NA,NA,NA,NA,NA,NA,NA,NA,NA,NA,NA,NA,NA,NA,0,0.43313373253493,0,0.431137724550898,0,0.377245508982036,0,1
288,"288_463.29_3.2","NA_[288_463.29_3.2]",463.291793148436,3.2405224,0.00768005974129283,2.11463540168556,0.807421460199211,-0.308606162624885,"tert-butyl N-[(2S)-1-[3-[(1-amino-1,2-dioxohexan-3-yl)carbamoyl]-2-azabicyclo[2.2.1]heptan-2-yl]-3,3-dimethyl-1-oxobutan-2-yl]carbamate",NA,NA,0.052,0.052,-371.209,31.912,0.43,"InChI=1S/C24H40N4O6/c1-8-9-15(17(29)19(25)30)26-20(31)16-13-10-11-14(12-13)28(16)21(32)18(23(2,3)4)27-22(33)34-24(5,6)7/h13-16,18H,8-12H2,1-7H3,(H2,25,30)(H,26,31)(H,27,33)","FAQHGIFJDSUBTD","C24H40N4O6","[M - H2O + H]+","CCCC(C(=O)C(=O)N)NC(=O)C1C2CCC(C2)N1C(=O)C(C(C)(C)C)NC(=O)OC(C)(C)C","Amino acids and Peptides","Cyclic peptides","Oligopeptides","462.27700969599994","InChI=1S/C30H38O4/c1-17-15-27(3)10-11-28(4,26(33)34-7)16-23(27)30(6)13-12-29(5)20(24(17)30)9-8-19-18(2)25(32)22(31)14-21(19)29/h8-9,14,23,32H,10-13,15-16H2,1-7H3/t23-,27-,28-,29-,30+/m1/s1","CMKHWUBEVSIFHL-HVZOYMJXSA-N","CMKHWUBEVSIFHL","COC(=O)[C@]1(C)CC[C@]2(C)CC(C)=C3C4=CC=C5C(=CC(=O)C(O)=C5C)[C@]4(C)CC[C@@]3(C)[C@@H]2C1","C30H38O4","Netzahualcoyene","http://www.wikidata.org/entity/Q104964782","Terpenoids","nan","Alkaloids","Ornithine alkaloids","Tropane alkaloids","Tricerma vitis-idaeum","['Eukaryota']","['Archaeplastida']","['Streptophyta']","['Magnoliopsida']","['Celastrales']","['Celastraceae']","['Unknown']","['Tricerma']","['Tricerma vitis-idaeum']","nan","5750125.0","http://www.wikidata.org/entity/Q15328163",4,2.92479824553809,0.00998003992015968,2.62258341929005,0.0119760479041916,3.08086721181724,0.0119760479041916,0.133089682539683,0.0379241516966068
290,"290_377.25_3.3","NA_[290_377.25_3.3]",377.254840578259,3.3466818,0.00672723410386629,2.17216345885677,0.808981747184151,-0.305820942966325,"4-(4-acetylpiperazine-1-carbonyl)-N,N-dipropylbenzamide",NA,NA,0.131,0.131,-151.574,42.027,0.082,"InChI=1S/C20H29N3O3/c1-4-10-22(11-5-2)19(25)17-6-8-18(9-7-17)20(26)23-14-12-21(13-15-23)16(3)24/h6-9H,4-5,10-15H2,1-3H3","NHUMPRHPRPXYGT","C20H29N3O3","[M + H3N + H]+","CCCN(CCC)C(=O)C1=CC=C(C=C1)C(=O)N2CCN(CC2)C(=O)C","Alkaloids","Quinolizidine alkaloids","Ornithine alkaloids","354.277009696","InChI=1S/C21H38O4/c1-2-3-4-5-6-7-8-9-10-11-12-13-14-15-16-17-21(24)25-19-20(23)18-22/h6-7,9-10,20,22-23H,2-5,8,11-19H2,1H3/b7-6+,10-9-/t20-/m1/s1","WECGLUPZRHILCT-IHNKIBRCSA-N","WECGLUPZRHILCT","CCCCC/C=C/C/C=C\CCCCCCCC(=O)OC[C@H](O)CO","C21H38O4","[(2R)-2,3-dihydroxypropyl] (9Z,12E)-octadeca-9,12-dienoate","http://www.wikidata.org/entity/Q105302870","Fatty acids","Glycerolipids","Fatty acids","Glycerolipids","Monoacylglycerols","Hyoscyamus niger","['Eukaryota']","['Archaeplastida']","['Streptophyta']","['Magnoliopsida']","['Solanales']","['Solanaceae']","['Hyoscyameae']","['Hyoscyamus']","['Hyoscyamus niger']","nan","822716.0","http://www.wikidata.org/entity/Q161058",6,1.41705050316284,0.0738522954091816,1.9042342233658,0.031936127744511,1.90010055440536,0.031936127744511,0.110861111111111,0.0399201596806387
299,"299_201.16_3.5","NA_[299_201.16_3.5]",201.15983414387,3.5225582,0.0095787409988218,2.01869156954319,0.798952017764885,-0.323819232298911,"1,4,10-Trioxa-7,13-diazacyclopentadecane",NA,NA,0.062,0.062,-101.635,34.892,0.604,"InChI=1S/C10H22N2O3/c1-5-13-6-2-12-4-8-15-10-9-14-7-3-11-1/h11-12H,1-10H2","STHIZMRUXPMSCW","C10H22N2O3","[M - H2O + H]+","C1COCCNCCOCCOCCN1","Amino acids and Peptides","N-acyl amines","Small peptides",NA,NA,NA,NA,NA,NA,NA,NA,NA,NA,NA,NA,NA,NA,NA,NA,NA,NA,NA,NA,NA,NA,NA,NA,NA,NA,NA,2.02579149695052,0.0279441117764471,1.73727046020804,0.0518962075848303,2.1439310633752,0.0379241516966068,0.0602919191919192,0.367265469061876
302,"302_217.15_3.7","NA_[302_217.15_3.7]",217.154772996122,3.714289,0.0210349629376401,1.67705824884749,1.32363858177337,0.404509249439032,"Unii-Q2L6gjl8MX",NA,NA,0.112,0.112,-202.549,44.115,1,"InChI=1S/C10H17NO3/c11-8(12)6-10(7-9(13)14)4-2-1-3-5-10/h1-7H2,(H2,11,12)(H,13,14)","QJGSJXLCJRXTRY","C10H17NO3","[M + H3N + H]+","C1CCC(CC1)(CC(=O)N)CC(=O)O","Amino acids and Peptides","Aminoacids","Small peptides",NA,NA,NA,NA,NA,NA,NA,NA,NA,NA,NA,NA,NA,NA,NA,NA,NA,NA,NA,NA,NA,NA,NA,NA,NA,NA,NA,1.91939817108553,0.0698602794411178,1.38942503594182,0.129740518962076,1.88208744910037,0.0898203592814371,0.107036363636364,0.293413173652695
305,"305_377.25_3.8","NA_[305_377.25_3.8]",377.254804159751,3.7607117,0.00337882811357158,2.47123390092298,0.803671429494454,-0.315322299858276,"N-[2-[4-(adamantane-1-carbonyl)piperazin-1-yl]-2-oxo-ethyl]prop-2-enamide (3e)",NA,NA,0.022,0.022,-309.521,45.689,0.015,"InChI=1S/C20H29N3O3/c1-2-17(24)21-13-18(25)22-3-5-23(6-4-22)19(26)20-10-14-7-15(11-20)9-16(8-14)12-20/h2,14-16H,1,3-13H2,(H,21,24)","HYUPHTCREDOBCB","C20H29N3O3","[M + H3N + H]+","C=CC(=O)NCC(=O)N1CCN(CC1)C(=O)C23CC4CC(C2)CC(C4)C3","Amino acids and Peptides","Dipeptides","Small peptides","354.277009696","InChI=1S/C21H38O4/c1-2-3-4-5-6-7-8-9-10-11-12-13-14-15-16-17-21(24)25-19-20(23)18-22/h6-7,9-10,20,22-23H,2-5,8,11-19H2,1H3/b7-6+,10-9-/t20-/m1/s1","WECGLUPZRHILCT-IHNKIBRCSA-N","WECGLUPZRHILCT","CCCCC/C=C/C/C=C\CCCCCCCC(=O)OC[C@H](O)CO","C21H38O4","[(2R)-2,3-dihydroxypropyl] (9Z,12E)-octadeca-9,12-dienoate","http://www.wikidata.org/entity/Q105302870","Fatty acids","Glycerolipids","Fatty acids","Glycerolipids","Monoacylglycerols","Hyoscyamus niger","['Eukaryota']","['Archaeplastida']","['Streptophyta']","['Magnoliopsida']","['Solanales']","['Solanaceae']","['Hyoscyameae']","['Hyoscyamus']","['Hyoscyamus niger']","nan","822716.0","http://www.wikidata.org/entity/Q161058",6,3.4085474200167,0.00399201596806387,4.26878294140662,0.00199600798403194,4.25422094995438,0.00399201596806387,0.318379509379509,0.00399201596806387
306,"306_616.37_3.8","NA_[306_616.37_3.8]",616.370976029085,3.76132,0.00595009321957062,2.22547623016591,0.814988904195319,-0.295147677226295,"Cyl-2",NA,NA,0.101,0.101,-347.497,143.948,0.998,"InChI=1S/C32H46N4O7/c1-4-20(2)28-32(41)36-17-9-8-11-25(36)31(40)33-23(10-6-5-7-12-26(37)27-19-43-27)29(38)34-24(30(39)35-28)18-21-13-15-22(42-3)16-14-21/h13-16,20,23-25,27-28H,4-12,17-19H2,1-3H3,(H,33,40)(H,34,38)(H,35,39)","WANLLPADDCXPGO","C32H46N4O7","[M + H3N + H]+","CCC(C)C1C(=O)N2CCCCC2C(=O)NC(C(=O)NC(C(=O)N1)CC3=CC=C(C=C3)OC)CCCCCC(=O)C4CO4","Amino acids and Peptides","Cyclic peptides","Oligopeptides","615.3559882879999","InChI=1S/C38H49NO6/c1-17(2)30-29(40)33-38(45-33)24(44-30)12-13-35(6)36(7)21(11-14-37(35,38)42)31(43-8)28-27-23(39-32(28)36)10-9-19-15-18(3)20-16-22(34(4,5)41)26(20)25(19)27/h9-10,20-22,24,26,29-31,33,39-42H,1,3,11-16H2,2,4-8H3/t20-,21+,22+,24+,26+,29+,30-,31+,33-,35-,36-,37+,38+/m1/s1","CHJPLPXYURJSLZ-UMIAAJJFSA-N","CHJPLPXYURJSLZ","C=C1Cc2ccc3[nH]c4c(c3c2[C@H]2[C@@H]1C[C@@H]2C(C)(C)O)[C@@H](OC)[C@@H]1CC[C@@]2(O)[C@@]35O[C@@H]3[C@@H](O)[C@@H](C(=C)C)O[C@H]5CC[C@]2(C)[C@@]41C","C38H49NO6","(2S,3R,6S,8R,9S,10R,12S,13S,16R,17S,21S,22S,24S)-22-(2-hydroxypropan-2-yl)-17-methoxy-2,3-dimethyl-25-methylidene-8-prop-1-en-2-yl-7,11-dioxa-31-azanonacyclo[16.13.0.02,16.03,13.06,12.010,12.019,30.020,27.021,24]hentriaconta-1(18),19(30),20(27),28-tetraene-9,13-diol","http://www.wikidata.org/entity/Q115970996","Alkaloids","Tryptophan alkaloids","Alkaloids","Ornithine alkaloids","Tropane alkaloids","Mucor irregularis","['Eukaryota']","['Fungi']","['Unknown']","['Mucoromycetes']","['Mucorales']","['Mucoraceae']","['Unknown']","['Mucor']","['Mucor irregularis']","nan","484291.0","http://www.wikidata.org/entity/Q103807533",1,3.36218393308559,0.00399201596806387,3.39843231440777,0.00798403193612774,3.53767021835646,0.00598802395209581,0.304705555555556,0.00598802395209581
308,"308_638.35_3.8","NA_[308_638.35_3.8]",638.352950385334,3.8077245,0.0133952101885405,1.87305046734826,0.784908426389512,-0.349403747252637,"For-DL-Met-DL-xiIle-DL-Val-DL-xiIle-DL-Leu-OH",NA,NA,0.627,0.627,-316.347,22.186,0.171,"InChI=1S/C29H53N5O7S/c1-10-18(7)23(27(38)31-21(29(40)41)14-16(3)4)34-26(37)22(17(5)6)32-28(39)24(19(8)11-2)33-25(36)20(30-15-35)12-13-42-9/h15-24H,10-14H2,1-9H3,(H,30,35)(H,31,38)(H,32,39)(H,33,36)(H,34,37)(H,40,41)","ZISSDMCQFBCBRD","C29H53N5O7S","[M + Na]+","CCC(C)C(C(=O)NC(C(C)C)C(=O)NC(C(C)CC)C(=O)NC(CC(C)C)C(=O)O)NC(=O)C(CCSC)NC=O","Amino acids and Peptides","Linear peptides","Oligopeptides","620.3196623560001","InChI=1S/C33H48O11/c1-14-16(13-42-32-30(40)29(39)28(38)26(12-34)44-32)8-25(43-31(14)41)15(2)21-4-5-22-19-11-23(36)20-9-17(35)10-24(37)27(20)18(19)6-7-33(21,22)3/h15,17-19,21-23,25-26,28-30,32,34-36,38-40H,4-13H2,1-3H3/t15-,17+,18-,19+,21+,22-,23-,25+,26+,28+,29-,30+,32+,33+/m0/s1","DKRAEDZNHJHJAB-YJKJOOOHSA-N","DKRAEDZNHJHJAB","CC1=C(CO[C@@H]2O[C@H](CO)[C@@H](O)[C@H](O)[C@H]2O)C[C@H]([C@@H](C)[C@H]2CC[C@H]3[C@@H]4C[C@H](O)C5=C(C(=O)C[C@H](O)C5)[C@H]4CC[C@]23C)OC1=O","C33H48O11","withalongolide L","http://www.wikidata.org/entity/Q27137457","Terpenoids","Steroids","Terpenoids","Steroids","Ergostane steroids","Physalis longifolia","['Eukaryota']","['Archaeplastida']","['Streptophyta']","['Magnoliopsida']","['Solanales']","['Solanaceae']","['Physaleae']","['Physalis']","['Physalis longifolia']","nan","179319.0","http://www.wikidata.org/entity/Q310693",6,1.30206927713678,0.12375249500998,1.40275209380409,0.0798403193612774,1.40275209380409,0.0898203592814371,0.0625191919191919,0.243512974051896
310,"310_247.08_3.8","NA_[310_247.08_3.8]",247.078858829489,3.8161004,0.0287154806298242,1.54188391025053,0.82790802554414,-0.272457591005255,"(Benzylsulfonylamino)methyl-trihydroxyboranuide",NA,NA,0.012,0.012,-311.819,13.477,0.096,"InChI=1S/C8H13BNO5S/c11-9(12,13)7-10-16(14,15)6-8-4-2-1-3-5-8/h1-5,10-13H,6-7H2/q-1","QZYOTSAVZBJVCP","C8H14BNO5S","[M + H]+","[B-](CNS(=O)(=O)CC1=CC=CC=C1)(O)(O)O","Amino acids and Peptides","Aminoacids","Small peptides",NA,NA,NA,NA,NA,NA,NA,NA,NA,NA,NA,NA,NA,NA,NA,NA,NA,NA,NA,NA,NA,NA,NA,NA,NA,NA,NA,1.00100150250438,0.213572854291417,0,0.445109780439122,1.00100150250438,0.17564870259481,0.01215,0.986027944111776
311,"311_267.1_3.8","NA_[311_267.1_3.8]",267.100936171813,3.8311844,0.0452974758550137,1.34392599782782,0.844803048703953,-0.243313053820094,"3-[(2-carboxy-2-acetamidoethyl)sulfanyl]-2-methylpropanoic acid",NA,NA,0.041,0.041,-242.489,23.792,0.104,"InChI=1S/C9H15NO5S/c1-5(8(12)13)3-16-4-7(9(14)15)10-6(2)11/h5,7H,3-4H2,1-2H3,(H,10,11)(H,12,13)(H,14,15)","NCVHUCCOTCVUCB","C9H15NO5S","[M + H3N + H]+","CC(CSCC(C(=O)O)NC(=O)C)C(=O)O","Fatty acids","N-acyl amines","Fatty amides","nan","nan","nan","PUHPUKQMXOCIJV",NA,"nan","nan","nan","nan","nan","nan","nan","nan","nan","['Unknown']","['Unknown']","['Unknown']","['Unknown']","['Unknown']","['Unknown']","['Unknown']","['Unknown']","['Unknown']","nan","nan","nan",0,1.00100150250438,0.249500998003992,0,0.44311377245509,1.00100150250438,0.219560878243513,0.0492857142857143,0.598802395209581
380,"380_313.14_4.1","NA_[380_313.14_4.1]",313.142452896645,4.144522,0.00816378625815721,2.08810837437709,0.772074729297791,-0.373187601837518,"1,3-dimethyl-7-phenyl-1H,2H,3H,4H,8H-imidazo[1,2-g]purine-2,4-dione",NA,NA,0.069,0.069,-170.333,16.814,0.122,"InChI=1S/C15H13N5O2/c1-18-12-11(13(21)19(2)15(18)22)20-8-10(16-14(20)17-12)9-6-4-3-5-7-9/h3-8H,1-2H3,(H,16,17)","UKMQTJFZUOZSRV","C15H13N5O2","[M + H3N + H]+","CN1C2=C(C(=O)N(C1=O)C)N3C=C(NC3=N2)C4=CC=CC=C4","Alkaloids","Purine alkaloids","Pseudoalkaloids (transamidation)",NA,NA,NA,NA,NA,NA,NA,NA,NA,NA,NA,NA,NA,NA,NA,NA,NA,NA,NA,NA,NA,NA,NA,NA,NA,NA,NA,1.90714150170511,0.0538922155688623,1.70266414755955,0.0878243512974052,1.90636134393275,0.0738522954091816,0.0464166666666667,0.822355289421158
384,"384_391.12_4.1","NA_[384_391.12_4.1]",391.120072968942,4.1498113,0.0149989130767683,1.82394021173533,0.776647906928784,-0.364667393362216,"1,8,11,18-Tetraoxa-4lambda6,15lambda6-dithia-5,14-diazacycloicosane 4,4,15,15-tetraoxide",NA,NA,0.049,0.049,-102.391,14.693,0.334,"InChI=1S/C12H26N2O8S2/c15-23(16)11-9-21-7-8-22-10-12-24(17,18)14-2-4-20-6-5-19-3-1-13-23/h13-14H,1-12H2","UEXZYFFMPLFIAI","C12H26N2O8S2","[M + H]+","C1COCCOCCNS(=O)(=O)CCOCCOCCS(=O)(=O)N1","Amino acids and Peptides","Aminoacids","Small peptides",NA,NA,NA,NA,NA,NA,NA,NA,NA,NA,NA,NA,NA,NA,NA,NA,NA,NA,NA,NA,NA,NA,NA,NA,NA,NA,NA,1.41705050316284,0.13373253493014,0.0526317247418217,0.3812375249501,0.586549201377615,0.295409181636727,0.0684,0.704590818363273
385,"385_196.06_4.2","2-[bis(2-hydroxyethyl)amino]ethanesulfonic acid_[385_196.06_4.2]",196.063827260825,4.151397,0.0036964706382922,2.4322127391292,0.738672366919872,-0.436993486172547,"N,N-Bis(2-hydroxyethyl)-2-aminoethanesulfonic acid","2-[bis(2-hydroxyethyl)amino]ethanesulfonic acid","CHEBI:39041",0.667,0.667,-8.62,53.241,0.999,"InChI=1S/C6H15NO5S/c8-4-1-7(2-5-9)3-6-13(10,11)12/h8-9H,1-6H2,(H,10,11,12)","AJTVSSFTXWNIRG","C6H15NO5S","[M - H2O + H]+","C(CO)N(CCO)CCS(=O)(=O)O","Fatty acids","Sphingoid bases","Spingolipids",NA,NA,NA,NA,NA,NA,NA,NA,NA,NA,NA,NA,NA,NA,NA,NA,NA,NA,NA,NA,NA,NA,NA,NA,NA,NA,NA,-1.40275209380409,0.794411177644711,0,0.447105788423154,-0.954867524562422,0.624750499001996,0.0649285714285714,0.722554890219561
401,"401_1054.72_4.2","NA_[401_1054.72_4.2]",1054.71775565825,4.183921,0.0470718167218615,1.32723903991193,1.15799175021663,0.211624975292647,"H-Lys-Leu-Leu-Glu-Pro-Val-Leu-Leu-Leu-OH",NA,NA,-Inf,-Inf,-494.325,20.817,0.012,"InChI=1S/C51H92N10O12/c1-27(2)22-35(55-43(64)33(53)16-13-14-20-52)45(66)56-36(23-28(3)4)44(65)54-34(18-19-41(62)63)50(71)61-21-15-17-40(61)48(69)60-42(32(11)12)49(70)58-38(25-30(7)8)46(67)57-37(24-29(5)6)47(68)59-39(51(72)73)26-31(9)10/h27-40,42H,13-26,52-53H2,1-12H3,(H,54,65)(H,55,64)(H,56,66)(H,57,67)(H,58,70)(H,59,68)(H,60,69)(H,62,63)(H,72,73)","QDULYVSUVVQINY","C51H92N10O12","[M + H3N + H]+","CC(C)CC(C(=O)NC(CC(C)C)C(=O)NC(CCC(=O)O)C(=O)N1CCCC1C(=O)NC(C(C)C)C(=O)NC(CC(C)C)C(=O)NC(CC(C)C)C(=O)NC(CC(C)C)C(=O)O)NC(=O)C(CCCCN)N","Amino acids and Peptides","Lipopeptides","Oligopeptides",NA,NA,NA,NA,NA,NA,NA,NA,NA,NA,NA,NA,NA,NA,NA,NA,NA,NA,NA,NA,NA,NA,NA,NA,NA,NA,NA,0,0.429141716566866,0,0.425149700598802,0,0.365269461077844,0.00342857142857143,0.998003992015968
441,"441_205.07_4.8","NA_[441_205.07_4.8]",205.068365378501,4.846052,0.03892556741668,1.40976504801772,1.22227370983387,0.289567391214721,NA,NA,NA,NA,NA,NA,NA,NA,NA,NA,NA,NA,NA,NA,NA,NA,NA,NA,NA,NA,NA,NA,NA,NA,NA,NA,NA,NA,NA,NA,NA,NA,NA,NA,NA,NA,NA,NA,NA,NA,NA,NA,NA,0.784947734032832,0.251497005988024,1.40275209380409,0.13373253493014,1.00100150250438,0.181636726546906,0.0663214285714286,0.600798403193613
445,"445_147.07_4.9","NA_[445_147.07_4.9]",147.065228120414,4.870326,0.0256545787173812,1.59083511264839,0.833940029503878,-0.261984454920268,"2-(1,2-dihydroxyethyl)oxolane-3,4-diol",NA,NA,0.671,0.446,-23.846,125.323,0.778,"InChI=1S/C6H12O5/c7-1-3(8)6-5(10)4(9)2-11-6/h3-10H,1-2H2","JNYAEWCLZODPBN","C6H12O5","[M - H2O + H]+","C1C(C(C(O1)C(CO)O)O)O","Carbohydrates","Monosaccharides","Saccharides",NA,NA,NA,NA,NA,NA,NA,NA,NA,NA,NA,NA,NA,NA,NA,NA,NA,NA,NA,NA,NA,NA,NA,NA,NA,NA,NA,0,0.44311377245509,0,0.455089820359281,0,0.391217564870259,0.02245,0.930139720558882
446,"446_165.08_4.9","D-altritol_[446_165.08_4.9]",165.075812947974,4.8707967,0.0266259760711664,1.57469446263108,0.839105861928371,-0.253075261761407,"G-Ol","D-altritol","CHEBI:134311",0.909,0.849,-5.098,153.985,0.348,"InChI=1S/C6H14O6/c7-1-3(9)5(11)6(12)4(10)2-8/h3-12H,1-2H2","FBPFZTCFMRRESA","C6H14O6","[M - H2O + H]+","C(C(C(C(C(CO)O)O)O)O)O","Fatty acids","Fatty alcohols","Fatty acyls","164.068473484","InChI=1S/C6H12O5/c1-3(8)5(10)6(11)4(9)2-7/h2-6,8-11H,1H3","PNNNRSAQSRJVSB-UHFFFAOYSA-N","PNNNRSAQSRJVSB","CC(O)C(O)C(O)C(O)C=O","C6H12O5","L-(-)-Fucose","http://www.wikidata.org/entity/Q104195097","Carbohydrates","Saccharides","Carbohydrates","Saccharides","Monosaccharides","Solanum lycopersicum","['Eukaryota']","['Archaeplastida']","['Streptophyta']","['Magnoliopsida']","['Solanales']","['Solanaceae']","['Solaneae']","['Solanum']","['Solanum lycopersicum']","nan","378964.0","http://www.wikidata.org/entity/Q23501",6,0,0.461077844311377,0,0.455089820359281,0,0.393213572854291,0.0185555555555556,0.956087824351297
447,"447_200.11_4.9","D-altritol_[447_200.11_4.9]",200.112966573059,4.8707967,0.044507904117133,1.35156285621838,0.846332561861737,-0.240703420818944,"G-Ol","D-altritol","CHEBI:134311",0.683,0.683,-17.995,60.822,1,"InChI=1S/C6H14O6/c7-1-3(9)5(11)6(12)4(10)2-8/h3-12H,1-2H2","FBPFZTCFMRRESA","C6H14O6","[M + H3N + H]+","C(C(C(C(C(CO)O)O)O)O)O","Fatty acids","Fatty alcohols","Fatty acyls",NA,NA,NA,NA,NA,NA,NA,NA,NA,NA,NA,NA,NA,NA,NA,NA,NA,NA,NA,NA,NA,NA,NA,NA,NA,NA,NA,0,0.453093812375249,0,0.467065868263473,0,0.395209580838323,0,1
448,"448_129.05_4.9","5,6-Dihydro-4-methoxy-2H-pyran-2-one_[448_129.05_4.9]",129.05477878273,4.871246,0.0323391413178074,1.49027151584238,0.840688157881227,-0.250357343763558,"4-methoxy-5,6-dihydro-2H-pyran-2-one","5,6-Dihydro-4-methoxy-2H-pyran-2-one","CHEBI:173478",0.038,0.038,-66.732,144.431,0.086,"InChI=1S/C6H8O3/c1-8-5-2-3-9-6(7)4-5/h4H,2-3H2,1H3","MEZHTUKDGVTUCD","C6H8O3","[M + H]+","COC1=CC(=O)OCC1","Polyketides","2-pyrone derivatives","Cyclic polyketides","128.047344116","InChI=1S/C6H8O3/c1-2-6(7)9-4-5-3-8-5/h2,5H,1,3-4H2","RPQRDASANLAFCM-UHFFFAOYSA-N","RPQRDASANLAFCM","C=CC(=O)OCC1CO1","C6H8O3","Glycidyl acrylate","http://www.wikidata.org/entity/Q26841212","nan","nan","Terpenoids","Monoterpenoids","Furans","Nicotiana tabacum","['Eukaryota']","['Archaeplastida']","['Streptophyta']","['Magnoliopsida']","['Solanales']","['Solanaceae']","['Nicotianeae']","['Nicotiana']","['Nicotiana tabacum']","nan","222787.0","http://www.wikidata.org/entity/Q181095",8,0,0.455089820359281,0,0.44311377245509,0,0.379241516966068,0,1
449,"449_183.09_4.9","D-altritol_[449_183.09_4.9]",183.086394402051,4.871246,0.0352610943543988,1.45270421317392,0.844334506386354,-0.24411341930051,"G-Ol","D-altritol","CHEBI:134311",0.826,0.826,-4.791,128.486,1,"InChI=1S/C6H14O6/c7-1-3(9)5(11)6(12)4(10)2-8/h3-12H,1-2H2","FBPFZTCFMRRESA","C6H14O6","[M + H]+","C(C(C(C(C(CO)O)O)O)O)O","Fatty acids","Fatty alcohols","Fatty acyls","182.079038168|150.05282342|150.05282342","InChI=1S/C6H14O6/c7-1-3(9)5(11)6(12)4(10)2-8/h3-12H,1-2H2/t3-,4-,5-,6-/m1/s1|InChI=1S/C5H10O5/c6-1-3(8)5(10)4(9)2-7/h1,3-5,7-10H,2H2/t3-,4-,5+/m1/s1|InChI=1S/C5H10O5/c6-2-1-10-5(9)4(8)3(2)7/h2-9H,1H2/t2-,3-,4+,5-/m1/s1","FBPFZTCFMRRESA-KVTDHHQDSA-N|PYMYPHUHKUWMLA-WDCZJNDASA-N|SRBFZHDQGSBBOR-SQOUGZDYSA-N","FBPFZTCFMRRESA|PYMYPHUHKUWMLA|SRBFZHDQGSBBOR","OC[C@@H](O)[C@@H](O)[C@H](O)[C@H](O)CO|O=C[C@@H](O)[C@H](O)[C@H](O)CO|O[C@H]1[C@H](O)[C@H](O)OC[C@H]1O","C6H14O6|C5H10O5|C5H10O5","Mannitol|(2S,3R,4R)-2,3,4,5-tetrahydroxypentanal|beta-D-Arabinopyranose","http://www.wikidata.org/entity/Q407646|http://www.wikidata.org/entity/Q63398845|http://www.wikidata.org/entity/Q27120750","Carbohydrates|Carbohydrates|Carbohydrates","Saccharides|Saccharides|Saccharides","Carbohydrates","Saccharides","Monosaccharides","Nierembergia linariifolia|Solanum lycopersicum|Capsicum annuum","['Eukaryota']|['Eukaryota']|['Eukaryota']","['Archaeplastida']|['Archaeplastida']|['Archaeplastida']","['Streptophyta']|['Streptophyta']|['Streptophyta']","['Magnoliopsida']|['Magnoliopsida']|['Magnoliopsida']","['Solanales']|['Solanales']|['Solanales']","['Solanaceae']|['Solanaceae']|['Solanaceae']","['Unknown']|['Solaneae']|['Capsiceae']","['Nierembergia']|['Solanum']|['Capsicum']","['Nierembergia linariifolia']|['Solanum lycopersicum']|['Capsicum annuum']","nan|nan|nan","474441.0|378964.0|473836.0","http://www.wikidata.org/entity/Q2245583|http://www.wikidata.org/entity/Q23501|http://www.wikidata.org/entity/Q1380",NA,0,0.447105788423154,0,0.449101796407186,0,0.393213572854291,0.00333333333333333,0.998003992015968
450,"450_188.09_4.9","NA_[450_188.09_4.9]",188.091705458685,4.8711357,0.0245185623494228,1.61050499834681,0.813249279189388,-0.298230456330277,"Dimethyl hexa-2,4-dienedioate",NA,NA,0.043,0.033,-102.324,22.732,0.206,"InChI=1S/C8H10O4/c1-11-7(9)5-3-4-6-8(10)12-2/h3-6H,1-2H3","PXYBXMZVYNWQAM","C8H10O4","[M + H3N + H]+","COC(=O)C=CC=CC(=O)OC","Shikimates and Phenylpropanoids","Cinnamic acids and derivatives","Phenylpropanoids (C6-C3)",NA,NA,NA,NA,NA,NA,NA,NA,NA,NA,NA,NA,NA,NA,NA,NA,NA,NA,NA,NA,NA,NA,NA,NA,NA,NA,NA,1.00100150250438,0.217564870259481,1.00100150250438,0.211576846307385,1.00100150250438,0.193612774451098,0.0330555555555556,0.898203592814371
451,"451_130.06_4.9","NA_[451_130.06_4.9]",130.058066526699,4.8707085,0.0392673372783937,1.40596854727828,0.843922873375054,-0.244816938708102,NA,NA,NA,0.031,0.031,-88.817,47.649,1,"InChI=1S/C2H9N3O2/c3-1-2-4-5(6)7/h4,6-7H,1-3H2","XHDURHWGKRQRTL","C2H9N3O2","[M + Na]+","C(CNN(O)O)N","Fatty acids","Aminoacids","Fatty acyls","129.042593084","InChI=1S/C5H7NO3/c7-4-2-1-3(6-4)5(8)9/h3H,1-2H2,(H,6,7)(H,8,9)/t3-/m1/s1","ODHCTXKNWHHXJC-GSVOUGTGSA-N","ODHCTXKNWHHXJC","O=C1CC[C@H](C(=O)O)N1","C5H7NO3","D-Pyroglutamic acid","http://www.wikidata.org/entity/Q421383","Amino acids and Peptides","Small peptides","Amino acids and Peptides","Small peptides","Aminoacids","Solanum lycopersicum","['Eukaryota']","['Archaeplastida']","['Streptophyta']","['Magnoliopsida']","['Solanales']","['Solanaceae']","['Solaneae']","['Solanum']","['Solanum lycopersicum']","nan","378964.0","http://www.wikidata.org/entity/Q23501",6,0,0.429141716566866,0,0.473053892215569,0,0.391217564870259,0,1
452,"452_166.08_4.9","NA_[452_166.08_4.9]",166.079068866774,4.868917,0.0157914374357654,1.80157833598236,0.813083276708355,-0.29852497291746,NA,NA,NA,NA,NA,NA,NA,NA,NA,NA,NA,NA,NA,NA,NA,NA,NA,NA,NA,NA,NA,NA,NA,NA,NA,NA,NA,NA,NA,NA,NA,NA,NA,NA,NA,NA,NA,NA,NA,NA,NA,NA,NA,0,0.411177644710579,1.00100150250438,0.221556886227545,1.00100150250438,0.19560878243513,0.0223833333333333,0.94810379241517
469,"469_305_5","NA_[469_305_5]",305.003458831461,4.965327,0.00970950032076869,2.01280311957878,0.796582620974718,-0.328104090087463,"2-[(3R)-1,1-dioxothiolan-3-yl]-N'-(2-sulfanylacetyl)acetohydrazide",NA,NA,0.032,0.032,-215.352,29.003,0.01,"InChI=1S/C8H14N2O4S2/c11-7(9-10-8(12)4-15)3-6-1-2-16(13,14)5-6/h6,15H,1-5H2,(H,9,11)(H,10,12)","FLBPAKMVVCXUSF","C8H14N2O4S2","[M + K]+","C1CS(=O)(=O)CC1CC(=O)NNC(=O)CS","Amino acids and Peptides","Aminoacids","Fatty Acids and Conjugates",NA,NA,NA,NA,NA,NA,NA,NA,NA,NA,NA,NA,NA,NA,NA,NA,NA,NA,NA,NA,NA,NA,NA,NA,NA,NA,NA,-1.00100150250438,0.708582834331337,1.00100150250438,0.203592814371257,-0.372155736591365,0.469061876247505,0.08175,0.397205588822355
470,"470_259_5","NA_[470_259_5]",258.998176516778,4.965353,0.00717322919078395,2.14428529286418,0.772728176872823,-0.371967089332731,"5-chloro-N-methoxy-4-methylthiophene-2-sulfonamide",NA,NA,0.042,0.042,-126.41,11.244,0.01,"InChI=1S/C6H8ClNO3S2/c1-4-3-5(12-6(4)7)13(9,10)8-11-2/h3,8H,1-2H3","FGZVQHGVTJYDQR","C6H8ClNO3S2","[M + H3N + H]+","CC1=C(SC(=C1)S(=O)(=O)NOC)Cl","Fatty acids","Simple phenolic acids","Fatty acyls",NA,NA,NA,NA,NA,NA,NA,NA,NA,NA,NA,NA,NA,NA,NA,NA,NA,NA,NA,NA,NA,NA,NA,NA,NA,NA,NA,0,0.453093812375249,1.00100150250438,0.227544910179641,1.00100150250438,0.19560878243513,0.00355555555555556,0.996007984031936
511,"511_196.06_5.1","NA_[511_196.06_5.1]",196.063885888391,5.141709,0.0083350234017932,2.0790931764892,0.811417835367515,-0.30148308084025,NA,NA,NA,NA,NA,NA,NA,NA,NA,NA,NA,NA,NA,NA,NA,NA,NA,NA,NA,NA,NA,NA,NA,NA,NA,NA,NA,NA,NA,NA,NA,NA,NA,NA,NA,NA,NA,NA,NA,NA,NA,NA,NA,2.3044201941057,0.0139720558882236,-0.228097643040962,0.508982035928144,2.3191287081521,0.0339321357285429,0.0980866522366522,0.143712574850299
520,"520_322.15_5.3","NA_[520_322.15_5.3]",322.152675502547,5.3421707,0.00573038212072245,2.24181641688289,0.80177763108898,-0.318725926796494,"2-amino-N-[4-[bis(2-methoxyethyl)amino]-2-fluorophenyl]acetamide",NA,NA,0.09,0.09,-241.441,25.669,0.999,"InChI=1S/C14H22FN3O3/c1-20-7-5-18(6-8-21-2)11-3-4-13(12(15)9-11)17-14(19)10-16/h3-4,9H,5-8,10,16H2,1-2H3,(H,17,19)","GHDWUUFSJRFYPM","C14H22FN3O3","[M + Na]+","COCCN(CCOC)C1=CC(=C(C=C1)NC(=O)CN)F","Amino acids and Peptides","Dipeptides","Small peptides",NA,NA,NA,NA,NA,NA,NA,NA,NA,NA,NA,NA,NA,NA,NA,NA,NA,NA,NA,NA,NA,NA,NA,NA,NA,NA,NA,2.25666672450987,0.0239520958083832,2.1417646843906,0.029940119760479,2.30276430813758,0.029940119760479,0.106336363636364,0.141716566866267
521,"521_293.06_5.4","NA_[521_293.06_5.4]",293.063221852893,5.3581815,0.00666829149638463,2.1759854237654,0.744002603054957,-0.426620425962782,"(beta-d-Galactopyranosyl)-sn-glycerol",NA,NA,0.082,0.07,-120.604,15.167,0.761,"InChI=1S/C9H18O8/c10-1-3(12)5(13)9-8(16)7(15)6(14)4(2-11)17-9/h3-16H,1-2H2","GKVQPWWCDQIXGN","C9H18O8","[M + K]+","C(C1C(C(C(C(O1)C(C(CO)O)O)O)O)O)O","Carbohydrates","Cyclitols","Phenolic acids (C6-C1)",NA,NA,NA,NA,NA,NA,NA,NA,NA,NA,NA,NA,NA,NA,NA,NA,NA,NA,NA,NA,NA,NA,NA,NA,NA,NA,NA,-0.277371435197549,0.508982035928144,0.447303065060821,0.291417165668663,0,0.391217564870259,0.0628055555555555,0.654690618762475
523,"523_433.22_5.4","NA_[523_433.22_5.4]",433.221262494597,5.4009314,0.00269081537800628,2.57011609898976,0.780357199031932,-0.357793443590526,"1-({3-[4-(4-fluorophenyl)piperazin-1-yl]-4-hydroxy-5-(hydroxymethyl)oxolan-2-yl}methyl)-3-(propan-2-yl)urea",NA,NA,0.036,0.036,-527.851,36.883,0.997,"InChI=1S/C20H31FN4O4/c1-13(2)23-20(28)22-11-16-18(19(27)17(12-26)29-16)25-9-7-24(8-10-25)15-5-3-14(21)4-6-15/h3-6,13,16-19,26-27H,7-12H2,1-2H3,(H2,22,23,28)","YJTQBPSZBVAHBL","C20H31FN4O4","[M + Na]+","CC(C)NC(=O)NCC1C(C(C(O1)CO)O)N2CCN(CC2)C3=CC=C(C=C3)F","Amino acids and Peptides","Tripeptides","Small peptides",NA,NA,NA,NA,NA,NA,NA,NA,NA,NA,NA,NA,NA,NA,NA,NA,NA,NA,NA,NA,NA,NA,NA,NA,NA,NA,NA,1.60420113133121,0.0558882235528942,1.00100150250438,0.229540918163673,1.63263917927766,0.0738522954091816,0.0305714285714286,0.584830339321357
524,"524_534.37_5.4","NA_[524_534.37_5.4]",534.365309916223,5.405283,0.000146452664189313,3.83430272345529,0.715283715267159,-0.483412498560703,"3-{[(1R,2S,5S)-3-[(2S)-2-{[tert-butyl(methyl)carbamoyl]amino}-3,3-dimethylbutanoyl]-6,6-dimethyl-3-azabicyclo[3.1.0]hexan-2-yl]formamido}-4-cyclobutyl-2-oxobutanamide",NA,NA,0.061,0.061,-400.031,29.39,0.336,"InChI=1S/C28H47N5O5/c1-26(2,3)21(31-25(38)32(9)27(4,5)6)24(37)33-14-16-18(28(16,7)8)19(33)23(36)30-17(20(34)22(29)35)13-15-11-10-12-15/h15-19,21H,10-14H2,1-9H3,(H2,29,35)(H,30,36)(H,31,38)","MXQJWXDHKUABDI","C28H47N5O5","[M + H]+","CC1(C2C1C(N(C2)C(=O)C(C(C)(C)C)NC(=O)N(C)C(C)(C)C)C(=O)NC(CC3CCC3)C(=O)C(=O)N)C","Amino acids and Peptides","Tripeptides","Oligopeptides",NA,NA,NA,NA,NA,NA,NA,NA,NA,NA,NA,NA,NA,NA,NA,NA,NA,NA,NA,NA,NA,NA,NA,NA,NA,NA,NA,3.8845683845142,0.00199600798403194,3.66221593574951,0.00399201596806387,3.92256405589111,0.00399201596806387,0.297886363636364,0.00199600798403194
528,"528_417.25_5.6","N-[6-[[(cyclohexylideneamino)oxy-oxomethyl]amino]hexyl]carbamic acid (cyclohexylideneamino) ester_[528_417.25_5.6]",417.247228667274,5.5817213,0.00460030819468402,2.33721307206473,0.807439238315449,-0.308574397160338,"1,6-Bis(cyclohexyloximinocarbonyl)hexane","N-[6-[[(cyclohexylideneamino)oxy-oxomethyl]amino]hexyl]carbamic acid (cyclohexylideneamino) ester","CHEBI:92984",0.176,0.176,-247.021,40.101,1,"InChI=1S/C20H34N4O4/c25-19(27-23-17-11-5-3-6-12-17)21-15-9-1-2-10-16-22-20(26)28-24-18-13-7-4-8-14-18/h1-16H2,(H,21,25)(H,22,26)","RXSVYGIGWRDVQC","C20H34N4O4","[M + Na]+","C1CCC(=NOC(=O)NCCCCCCNC(=O)ON=C2CCCCC2)CC1","Amino acids and Peptides","Dipeptides","Small peptides",NA,NA,NA,NA,NA,NA,NA,NA,NA,NA,NA,NA,NA,NA,NA,NA,NA,NA,NA,NA,NA,NA,NA,NA,NA,NA,NA,2.18799862421071,0.00798403193612774,2.18799862421071,0.0219560878243513,2.23418929280355,0.0199600798403194,0.161266666666667,0.0199600798403194
529,"529_528.32_5.7","NA_[529_528.32_5.7]",528.316104007711,5.7040253,0.0137672792785103,1.86115187754095,0.802046463011796,-0.318242279634766,"(2S)-N-(3-amino-1-cyclobutyl-2,3-dioxopropyl)-3-[(2S)-2-(tert-butylcarbamoylamino)-3,3-dimethylbutanoyl]-6,6-dimethyl-3-azabicyclo[3.1.0]hexane-2-carboxamide",NA,NA,0.134,0.09,-322.627,39.58,1,"InChI=1S/C26H43N5O5/c1-24(2,3)19(29-23(36)30-25(4,5)6)22(35)31-12-14-15(26(14,7)8)17(31)21(34)28-16(13-10-9-11-13)18(32)20(27)33/h13-17,19H,9-12H2,1-8H3,(H2,27,33)(H,28,34)(H2,29,30,36)","LIVZWBUJKWXSLM","C26H43N5O5","[M + Na]+","CC1(C2C1C(N(C2)C(=O)C(C(C)(C)C)NC(=O)NC(C)(C)C)C(=O)NC(C3CCC3)C(=O)C(=O)N)C","Amino acids and Peptides","Tripeptides","Oligopeptides",NA,NA,NA,NA,NA,NA,NA,NA,NA,NA,NA,NA,NA,NA,NA,NA,NA,NA,NA,NA,NA,NA,NA,NA,NA,NA,NA,1.00100150250438,0.221556886227545,1.21446541889315,0.137724550898204,1.37457856297529,0.111776447105788,0.0269285714285714,0.678642714570858
534,"534_417.25_5.7","Cyclo-(isoleucyl-prolyl-leucyl-alanyl)_[534_417.25_5.7]",417.247246944701,5.723232,0.00731964410764242,2.13551003449414,0.804788664574579,-0.313318109919383,"Cyclo-(Isoleucyl-Prolyl-Leucyl-Alanyl)","Cyclo-(isoleucyl-prolyl-leucyl-alanyl)","CHEBI:221471",0.109,0.109,-349.814,12.769,0.4,"InChI=1S/C20H34N4O4/c1-6-12(4)16-20(28)24-9-7-8-15(24)19(27)22-14(10-11(2)3)18(26)21-13(5)17(25)23-16/h11-16H,6-10H2,1-5H3,(H,21,26)(H,22,27)(H,23,25)","HUTLMPQIWUKPAS","C20H34N4O4","[M + Na]+","CCC(C)C1C(=O)N2CCCC2C(=O)NC(C(=O)NC(C(=O)N1)C)CC(C)C","Amino acids and Peptides","Tripeptides","Small peptides",NA,NA,NA,NA,NA,NA,NA,NA,NA,NA,NA,NA,NA,NA,NA,NA,NA,NA,NA,NA,NA,NA,NA,NA,NA,NA,NA,1.00100150250438,0.217564870259481,1.00100150250438,0.223552894211577,1.00100150250438,0.19560878243513,0.0556388888888889,0.329341317365269
538,"538_205.07_5.8","NA_[538_205.07_5.8]",205.068328891157,5.839932,0.00335111849556187,2.4748102152388,0.801426028565432,-0.319358728776661,NA,NA,NA,NA,NA,NA,NA,NA,NA,NA,NA,NA,NA,NA,NA,NA,NA,NA,NA,NA,NA,NA,NA,NA,NA,NA,NA,NA,NA,NA,NA,NA,NA,NA,NA,NA,NA,NA,NA,NA,NA,NA,NA,1.40275209380409,0.117764471057884,1.41705050316284,0.111776447105788,1.41508404800271,0.115768463073852,0.0642261904761905,0.471057884231537
540,"540_498.9_5.8","NA_[540_498.9_5.8]",498.901399248931,5.843777,0.0129754958123924,1.88687603814447,0.824394482987256,-0.278593244781614,"N-[3-(aminomethoxy)-4-bromo-2,6-dichloro-5-methoxyphenyl]thieno[3,2-d]pyrimidine-7-carboxamide",NA,NA,-Inf,-Inf,-287.695,6.454,0.065,"InChI=1S/C15H11BrCl2N4O3S/c1-24-13-8(16)14(25-4-19)10(18)12(9(13)17)22-15(23)6-3-26-7-2-20-5-21-11(6)7/h2-3,5H,4,19H2,1H3,(H,22,23)","NCVYNGZPPWXNCV","C15H11BrCl2N4O3S","[M + Na]+","COC1=C(C(=C(C(=C1Cl)NC(=O)C2=CSC3=CN=CN=C32)Cl)OCN)Br","Alkaloids","Pyrrole alkaloids","Proline alkaloids",NA,NA,NA,NA,NA,NA,NA,NA,NA,NA,NA,NA,NA,NA,NA,NA,NA,NA,NA,NA,NA,NA,NA,NA,NA,NA,NA,2.45743992955963,0.031936127744511,2.40522094935728,0.0379241516966068,2.77512861497541,0.0259481037924152,0.171544444444444,0.0558882235528942
541,"541_566.89_5.8","NA_[541_566.89_5.8]",566.888945470386,5.8442917,0.00457804891931692,2.33931957092843,0.804589045962059,-0.313675998290699,NA,NA,NA,NA,NA,NA,NA,NA,NA,NA,NA,NA,NA,NA,NA,NA,NA,NA,NA,NA,NA,NA,NA,NA,NA,NA,NA,NA,NA,NA,NA,NA,NA,NA,NA,NA,NA,NA,NA,NA,NA,NA,NA,2.0048961726936,0.0459081836327345,1.71058924980998,0.0778443113772455,2.25596470890234,0.0558882235528942,0.0796230158730159,0.335329341317365
542,"542_362.93_5.8","NA_[542_362.93_5.8]",362.926279787387,5.8436103,0.00952781874243015,2.02100651348069,0.817998036111493,-0.289830715406904,"(1E)-1,3,4,4-tetrachloro-N-ethyl-1-(ethylamino)buta-1,3-diene-2-sulfonamide",NA,NA,0.153,0.153,-138.067,9.602,0.058,"InChI=1S/C8H12Cl4N2O2S/c1-3-13-8(12)6(5(9)7(10)11)17(15,16)14-4-2/h13-14H,3-4H2,1-2H3","VXDSHNIADSPIEH","C8H12Cl4N2O2S","[M + Na]+","CCNC(=C(C(=C(Cl)Cl)Cl)S(=O)(=O)NCC)Cl","Alkaloids","Imidazole alkaloids","Oligopeptides",NA,NA,NA,NA,NA,NA,NA,NA,NA,NA,NA,NA,NA,NA,NA,NA,NA,NA,NA,NA,NA,NA,NA,NA,NA,NA,NA,2.99153302164668,0.0119760479041916,2.72131646496409,0.0159680638722555,3.07369442815228,0.0159680638722555,0.19519706959707,0.0419161676646707
545,"545_158.96_5.8","NA_[545_158.96_5.8]",158.964079670213,5.842617,0.00400825038037139,2.39704515754566,0.818258216553079,-0.289371910699066,NA,NA,NA,NA,NA,NA,NA,NA,NA,NA,NA,NA,NA,NA,NA,NA,NA,NA,NA,NA,NA,NA,NA,NA,NA,NA,NA,NA,NA,NA,NA,NA,NA,NA,NA,NA,NA,NA,NA,NA,NA,NA,NA,3.00995531874072,0.0119760479041916,3.21804171579653,0.0119760479041916,3.25586454628656,0.00998003992015968,0.199794444444444,0.0279441117764471
546,"546_282.15_5.9","NA_[546_282.15_5.9]",282.154697805029,5.891229,0.0249163667537422,1.6035152852006,0.786411212027767,-0.3466442042598,"5-[Methyl(2,3,4,5-tetrahydroxypentyl)amino]pentane-1,2,3,4-tetrol",NA,NA,-Inf,-Inf,-303.338,21.457,0.606,"InChI=1S/C11H25NO8/c1-12(2-6(15)10(19)8(17)4-13)3-7(16)11(20)9(18)5-14/h6-11,13-20H,2-5H2,1H3","QTUVKQCMECDRDO","C11H25NO8","[M - H2O + H]+","CN(CC(C(C(CO)O)O)O)CC(C(C(CO)O)O)O","Fatty acids","N-acyl amines","Fatty amides",NA,NA,NA,NA,NA,NA,NA,NA,NA,NA,NA,NA,NA,NA,NA,NA,NA,NA,NA,NA,NA,NA,NA,NA,NA,NA,NA,1.00100150250438,0.223552894211577,1.00100150250438,0.225548902195609,1.00100150250438,0.211576846307385,0.0258333333333333,0.844311377245509
554,"554_196.06_6","2-[bis(2-hydroxyethyl)amino]ethanesulfonic acid_[554_196.06_6]",196.063783899745,6.0353026,0.0279209781271414,1.55406937158687,0.844415481371922,-0.243975065830722,"N,N-Bis(2-hydroxyethyl)-2-aminoethanesulfonic acid","2-[bis(2-hydroxyethyl)amino]ethanesulfonic acid","CHEBI:39041",0.08,0.08,-112.907,33.97,0.999,"InChI=1S/C6H15NO5S/c8-4-1-7(2-5-9)3-6-13(10,11)12/h8-9H,1-6H2,(H,10,11,12)","AJTVSSFTXWNIRG","C6H15NO5S","[M - H2O + H]+","C(CO)N(CCO)CCS(=O)(=O)O","Amino acids and Peptides","Aminoacids","Small peptides",NA,NA,NA,NA,NA,NA,NA,NA,NA,NA,NA,NA,NA,NA,NA,NA,NA,NA,NA,NA,NA,NA,NA,NA,NA,NA,NA,1.00100150250438,0.221556886227545,1.00100150250438,0.197604790419162,1.00100150250438,0.183632734530938,0.012,0.99001996007984
556,"556_147.07_6.1","NA_[556_147.07_6.1]",147.065161571362,6.0595074,0.0137409121717892,1.86198443627026,0.729741560905936,-0.454542473105765,NA,NA,NA,0.574,0.574,-28.163,96.423,1,"InChI=1S/C6H12O5/c1-3(8)5(10)6(11)4(9)2-7/h1,3-11H,2H2","ZRQKZUXZTAJPFH","C6H12O5","[M - H2O + H]+","[CH]C(C(C(C(CO)O)O)O)O","Carbohydrates","Monosaccharides","Saccharides",NA,NA,NA,NA,NA,NA,NA,NA,NA,NA,NA,NA,NA,NA,NA,NA,NA,NA,NA,NA,NA,NA,NA,NA,NA,NA,NA,1.00100150250438,0.191616766467066,1.00100150250438,0.177644710578842,1.00100150250438,0.191616766467066,0.02825,0.387225548902196
557,"557_165.08_6.1","D-altritol_[557_165.08_6.1]",165.075790321243,6.0613112,0.02243546746933,1.64906487700074,0.819818351946246,-0.286623809274884,"G-Ol","D-altritol","CHEBI:134311",0.797,0.797,-5.598,141.834,1,"InChI=1S/C6H14O6/c7-1-3(9)5(11)6(12)4(10)2-8/h3-12H,1-2H2","FBPFZTCFMRRESA","C6H14O6","[M - H2O + H]+","C(C(C(C(C(CO)O)O)O)O)O","Fatty acids","Fatty alcohols","Fatty acyls","164.068473484","InChI=1S/C6H12O5/c1-3(8)5(10)6(11)4(9)2-7/h2-6,8-11H,1H3","PNNNRSAQSRJVSB-UHFFFAOYSA-N","PNNNRSAQSRJVSB","CC(O)C(O)C(O)C(O)C=O","C6H12O5","L-(-)-Fucose","http://www.wikidata.org/entity/Q104195097","Carbohydrates","Saccharides","Carbohydrates","Saccharides","Monosaccharides","Solanum lycopersicum","['Eukaryota']","['Archaeplastida']","['Streptophyta']","['Magnoliopsida']","['Solanales']","['Solanaceae']","['Solaneae']","['Solanum']","['Solanum lycopersicum']","nan","378964.0","http://www.wikidata.org/entity/Q23501",6,0.343037530015732,0.307385229540918,-0.447303065060821,0.540918163672655,0,0.419161676646707,0.04775,0.62874251497006
558,"558_183.09_6.1","D-altritol_[558_183.09_6.1]",183.08633311459,6.060606,0.0243372102599143,1.61372920581683,0.825674929865287,-0.276354193845377,"G-Ol","D-altritol","CHEBI:134311",0.789,0.789,-5.619,143.48,1,"InChI=1S/C6H14O6/c7-1-3(9)5(11)6(12)4(10)2-8/h3-12H,1-2H2","FBPFZTCFMRRESA","C6H14O6","[M + H]+","C(C(C(C(C(CO)O)O)O)O)O","Fatty acids","Fatty alcohols","Fatty acyls","182.079038168|150.05282342|150.05282342","InChI=1S/C6H14O6/c7-1-3(9)5(11)6(12)4(10)2-8/h3-12H,1-2H2/t3-,4-,5-,6-/m1/s1|InChI=1S/C5H10O5/c6-1-3(8)5(10)4(9)2-7/h1,3-5,7-10H,2H2/t3-,4-,5+/m1/s1|InChI=1S/C5H10O5/c6-2-1-10-5(9)4(8)3(2)7/h2-9H,1H2/t2-,3-,4+,5-/m1/s1","FBPFZTCFMRRESA-KVTDHHQDSA-N|PYMYPHUHKUWMLA-WDCZJNDASA-N|SRBFZHDQGSBBOR-SQOUGZDYSA-N","FBPFZTCFMRRESA|PYMYPHUHKUWMLA|SRBFZHDQGSBBOR","OC[C@@H](O)[C@@H](O)[C@H](O)[C@H](O)CO|O=C[C@@H](O)[C@H](O)[C@H](O)CO|O[C@H]1[C@H](O)[C@H](O)OC[C@H]1O","C6H14O6|C5H10O5|C5H10O5","Mannitol|(2S,3R,4R)-2,3,4,5-tetrahydroxypentanal|beta-D-Arabinopyranose","http://www.wikidata.org/entity/Q407646|http://www.wikidata.org/entity/Q63398845|http://www.wikidata.org/entity/Q27120750","Carbohydrates|Carbohydrates|Carbohydrates","Saccharides|Saccharides|Saccharides","Carbohydrates","Saccharides","Monosaccharides","Nierembergia linariifolia|Solanum lycopersicum|Capsicum annuum","['Eukaryota']|['Eukaryota']|['Eukaryota']","['Archaeplastida']|['Archaeplastida']|['Archaeplastida']","['Streptophyta']|['Streptophyta']|['Streptophyta']","['Magnoliopsida']|['Magnoliopsida']|['Magnoliopsida']","['Solanales']|['Solanales']|['Solanales']","['Solanaceae']|['Solanaceae']|['Solanaceae']","['Unknown']|['Solaneae']|['Capsiceae']","['Nierembergia']|['Solanum']|['Capsicum']","['Nierembergia linariifolia']|['Solanum lycopersicum']|['Capsicum annuum']","nan|nan|nan","474441.0|378964.0|473836.0","http://www.wikidata.org/entity/Q2245583|http://www.wikidata.org/entity/Q23501|http://www.wikidata.org/entity/Q1380",NA,0,0.421157684630739,0,0.465069860279441,0,0.3812375249501,0,1
560,"560_294.15_6.1","NA_[560_294.15_6.1]",294.15463408565,6.070807,0.0132522741140923,1.87770958961724,1.37891936381822,0.463538093674974,"(3S,4R,5R)-5-[(1R)-2-hydroxy-1-(oxiran-2-ylmethoxy)ethyl]-4-(oxiran-2-ylmethoxy)oxolan-3-ol",NA,NA,0.066,0.066,-100.902,39.194,0.079,"InChI=1S/C12H20O7/c13-1-10(17-4-7-2-15-7)12-11(9(14)6-19-12)18-5-8-3-16-8/h7-14H,1-6H2","VANVSEHQZDRJBA","C12H20O7","[M + H3N + H]+","C1C(O1)COC2C(COC2C(CO)OCC3CO3)O","Carbohydrates","Monosaccharides","Saccharides","293.14745207600004","InChI=1S/C12H23NO7/c1-6(2)3-7(12(19)20)13-4-8(15)10(17)11(18)9(16)5-14/h6-7,9-11,13-14,16-18H,3-5H2,1-2H3,(H,19,20)","BUGJJLOUCDBMAS-UHFFFAOYSA-N","BUGJJLOUCDBMAS","CC(C)CC(NCC(=O)C(O)C(O)C(O)CO)C(=O)O","C12H23NO7","nan","http://www.wikidata.org/entity/Q115947674","Carbohydrates","Aminosugars and aminoglycosides","Carbohydrates","Aminosugars and aminoglycosides","Aminosugars","Vicia faba","['Eukaryota']","['Archaeplastida']","['Streptophyta']","['Magnoliopsida']","['Fabales']","['Fabaceae']","['Fabeae']","['Vicia']","['Vicia faba']","nan","539544.0","http://www.wikidata.org/entity/Q131342",4,1.24710926351988,0.0978043912175649,1.41705050316284,0.0798403193612774,1.4668513146423,0.0918163672654691,0.0431166666666667,0.766467065868264
565,"565_205.07_6.2","NA_[565_205.07_6.2]",205.068330540229,6.165857,0.0286150732115998,1.54340513861273,0.800651462475726,-0.320753745871373,NA,NA,NA,NA,NA,NA,NA,NA,NA,NA,NA,NA,NA,NA,NA,NA,NA,NA,NA,NA,NA,NA,NA,NA,NA,NA,NA,NA,NA,NA,NA,NA,NA,NA,NA,NA,NA,NA,NA,NA,NA,NA,NA,0,0.475049900199601,1.00100150250438,0.227544910179641,1.00100150250438,0.217564870259481,0.0754444444444444,0.403193612774451
567,"567_367.12_6.2","2-O-(alpha-D-Manp)-D-Man-OH_[567_367.12_6.2]",367.121099598749,6.21305,0.016857908821223,1.77319629944617,0.817059372547646,-0.291487177632909,"5-{[3,4,5-trihydroxy-6-(hydroxymethyl)oxan-2-yl]oxy}hexane-1,2,3,4,6-pentol","2-O-(alpha-D-Manp)-D-Man-OH","CHEBI:146940",0.233,0.168,-64.193,21.459,0.397,"InChI=1S/C12H24O11/c13-1-4(16)7(17)8(18)5(2-14)22-12-11(21)10(20)9(19)6(3-15)23-12/h4-21H,1-3H2","LSRAJKPAPWYOQO","C12H24O11","[M + Na]+","C(C1C(C(C(C(O1)OC(CO)C(C(C(CO)O)O)O)O)O)O)O","Carbohydrates","Disaccharides","Saccharides","288.099773612","InChI=1S/C16H16O5/c1-20-10-3-5-11(14(18)7-10)13-8-21-15-6-9(17)2-4-12(15)16(13)19/h2-7,13,16-19H,8H2,1H3/t13-,16+/m0/s1","YZBBUYKPTHDZHF-XJKSGUPXSA-N","YZBBUYKPTHDZHF","COc1ccc([C@@H]2COc3cc(O)ccc3[C@H]2O)c(O)c1","C16H16O5","(3R,4S)-3-(2-hydroxy-4-methoxyphenyl)-3,4-dihydro-2H-chromene-4,7-diol","http://www.wikidata.org/entity/Q105369099","Shikimates and Phenylpropanoids","Isoflavonoids","Shikimates and Phenylpropanoids","Isoflavonoids","Pterocarpan","Solanum lyratum","['Eukaryota']","['Archaeplastida']","['Streptophyta']","['Magnoliopsida']","['Solanales']","['Solanaceae']","['Solaneae']","['Solanum']","['Solanum lyratum']","nan","693272.0","http://www.wikidata.org/entity/Q5769249",6,0,0.429141716566866,0,0.487025948103792,0,0.405189620758483,0,1
574,"574_639.38_6.4","NA_[574_639.38_6.4]",639.384551029622,6.373376,0.0152466730291115,1.81682491321757,0.811375003711232,-0.301559237225266,"15-[(4-hydroxyphenyl)methyl]-12-(3-methylbutan-2-yl)-6-(2-methylpropyl)-9-(propan-2-yl)-icosahydropyrrolo[1,2-a]1,4,7,10,13,16-hexaazacyclooctadecane-1,4,7,10,13,16-hexone",NA,NA,0.143,0.143,-281.123,24.809,0.278,"InChI=1S/C34H52N6O7/c1-18(2)15-24-30(43)38-28(20(5)6)32(45)39-29(21(7)19(3)4)33(46)37-25(16-22-10-12-23(41)13-11-22)34(47)40-14-8-9-26(40)31(44)35-17-27(42)36-24/h10-13,18-21,24-26,28-29,41H,8-9,14-17H2,1-7H3,(H,35,44)(H,36,42)(H,37,46)(H,38,43)(H,39,45)","LFELFTJBYYSIJD","C34H52N6O7","[M - H2O + H]+","CC(C)CC1C(=O)NC(C(=O)NC(C(=O)NC(C(=O)N2CCCC2C(=O)NCC(=O)N1)CC3=CC=C(C=C3)O)C(C)C(C)C)C(C)C","Amino acids and Peptides","Linear peptides","Oligopeptides",NA,NA,NA,NA,NA,NA,NA,NA,NA,NA,NA,NA,NA,NA,NA,NA,NA,NA,NA,NA,NA,NA,NA,NA,NA,NA,NA,0,0.449101796407186,0,0.491017964071856,0,0.437125748502994,0,1
575,"575_353.14_6.4","Pro-Thr-Asn_[575_353.14_6.4]",353.1418439123,6.407959,0.00863173687185405,2.06390180706977,0.730608822522606,-0.452828919708152,"4-Amino-2-[[3-hydroxy-2-(pyrrolidine-2-carbonylamino)butanoyl]amino]-4-oxobutanoic acid","Pro-Thr-Asn","CHEBI:162661",0.116,0.116,-262.389,26.517,0.973,"InChI=1S/C13H22N4O6/c1-6(18)10(17-11(20)7-3-2-4-15-7)12(21)16-8(13(22)23)5-9(14)19/h6-8,10,15,18H,2-5H2,1H3,(H2,14,19)(H,16,21)(H,17,20)(H,22,23)","WVXQQUWOKUZIEG","C13H22N4O6","[M + Na]+","CC(C(C(=O)NC(CC(=O)N)C(=O)O)NC(=O)C1CCCN1)O","Amino acids and Peptides","Tripeptides","Small peptides",NA,NA,NA,NA,NA,NA,NA,NA,NA,NA,NA,NA,NA,NA,NA,NA,NA,NA,NA,NA,NA,NA,NA,NA,NA,NA,NA,1.38942503594182,0.115768463073852,1.40834895880057,0.117764471057884,1.41705050316284,0.137724550898204,0.04775,0.367265469061876
576,"576_183.09_6.4","D-altritol_[576_183.09_6.4]",183.086319846457,6.4302573,0.0447942718187037,1.3487775189613,0.838544336954295,-0.254041028434612,"G-Ol","D-altritol","CHEBI:134311",0.732,0.732,-24.577,21.185,1,"InChI=1S/C6H14O6/c7-1-3(9)5(11)6(12)4(10)2-8/h3-12H,1-2H2","FBPFZTCFMRRESA","C6H14O6","[M + H]+","C(C(C(C(C(CO)O)O)O)O)O","Fatty acids","Fatty alcohols","Fatty acyls","182.079038168|150.05282342|150.05282342","InChI=1S/C6H14O6/c7-1-3(9)5(11)6(12)4(10)2-8/h3-12H,1-2H2/t3-,4-,5-,6-/m1/s1|InChI=1S/C5H10O5/c6-1-3(8)5(10)4(9)2-7/h1,3-5,7-10H,2H2/t3-,4-,5+/m1/s1|InChI=1S/C5H10O5/c6-2-1-10-5(9)4(8)3(2)7/h2-9H,1H2/t2-,3-,4+,5-/m1/s1","FBPFZTCFMRRESA-KVTDHHQDSA-N|PYMYPHUHKUWMLA-WDCZJNDASA-N|SRBFZHDQGSBBOR-SQOUGZDYSA-N","FBPFZTCFMRRESA|PYMYPHUHKUWMLA|SRBFZHDQGSBBOR","OC[C@@H](O)[C@@H](O)[C@H](O)[C@H](O)CO|O=C[C@@H](O)[C@H](O)[C@H](O)CO|O[C@H]1[C@H](O)[C@H](O)OC[C@H]1O","C6H14O6|C5H10O5|C5H10O5","Mannitol|(2S,3R,4R)-2,3,4,5-tetrahydroxypentanal|beta-D-Arabinopyranose","http://www.wikidata.org/entity/Q407646|http://www.wikidata.org/entity/Q63398845|http://www.wikidata.org/entity/Q27120750","Carbohydrates|Carbohydrates|Carbohydrates","Saccharides|Saccharides|Saccharides","Carbohydrates","Saccharides","Monosaccharides","Nierembergia linariifolia|Solanum lycopersicum|Capsicum annuum","['Eukaryota']|['Eukaryota']|['Eukaryota']","['Archaeplastida']|['Archaeplastida']|['Archaeplastida']","['Streptophyta']|['Streptophyta']|['Streptophyta']","['Magnoliopsida']|['Magnoliopsida']|['Magnoliopsida']","['Solanales']|['Solanales']|['Solanales']","['Solanaceae']|['Solanaceae']|['Solanaceae']","['Unknown']|['Solaneae']|['Capsiceae']","['Nierembergia']|['Solanum']|['Capsicum']","['Nierembergia linariifolia']|['Solanum lycopersicum']|['Capsicum annuum']","nan|nan|nan","474441.0|378964.0|473836.0","http://www.wikidata.org/entity/Q2245583|http://www.wikidata.org/entity/Q23501|http://www.wikidata.org/entity/Q1380",NA,0,0.42315369261477,1.34406227991274,0.139720558882236,1.34406227991274,0.117764471057884,0.00698412698412698,0.99001996007984
577,"577_484.2_6.4","NA_[577_484.2_6.4]",484.200400372778,6.432803,0.0171204576290635,1.76648463083172,0.767566450316458,-0.381636440962013,NA,NA,NA,0.059,0.059,-491.478,38.811,0.999,"InChI=1S/C18H31N5O9/c1-8(19)14(26)23-12(5-6-13(24)25)16(28)21-7-10(3-4-11(20)18(31)32)15(27)22-9(2)17(29)30/h8-12H,3-7,19-20H2,1-2H3,(H,21,28)(H,22,27)(H,23,26)(H,24,25)(H,29,30)(H,31,32)/p-1","CKDFIMYSHASPFZ","C18H31N5O9","[M + Na]+","CC(C(=O)NC(CCC(=O)[O-])C(=O)NCC(CCC(C(=O)O)N)C(=O)NC(C)C(=O)O)N","Carbohydrates","Aminoglycosides","Aminosugars and aminoglycosides",NA,NA,NA,NA,NA,NA,NA,NA,NA,NA,NA,NA,NA,NA,NA,NA,NA,NA,NA,NA,NA,NA,NA,NA,NA,NA,NA,0,0.483033932135729,0,0.487025948103792,-0.108466504993364,0.43313373253493,0.01585,0.898203592814371
583,"583_489.82_6.5","NA_[583_489.82_6.5]",489.823107088525,6.47991,2.02413946562686e-05,4.69375956739278,0.637637004862123,-0.649192737231012,NA,NA,NA,NA,NA,NA,NA,NA,NA,NA,NA,NA,NA,NA,NA,NA,NA,NA,NA,NA,NA,NA,NA,NA,NA,NA,NA,NA,NA,NA,NA,NA,NA,NA,NA,NA,NA,NA,NA,NA,NA,NA,NA,4.13456291049437,0.00199600798403194,4.04298298812919,0.00199600798403194,4.42302238440115,0.00199600798403194,0.39225,0.00199600798403194
592,"592_499.19_6.5","NA_[592_499.19_6.5]",499.186386614698,6.490257,0.0446576249371133,1.35010437808801,1.23266672513124,0.301782792447036,"2-(2-{2,5-dimethyl-7-oxo-3-phenyl-7H-furo[3,2-g]chromen-6-yl}acetamido)-2-phenylacetic acid",NA,NA,0.09,0.071,-417.707,23.241,0.011,"InChI=1S/C29H23NO6/c1-16-20-13-22-24(35-17(2)26(22)18-9-5-3-6-10-18)15-23(20)36-29(34)21(16)14-25(31)30-27(28(32)33)19-11-7-4-8-12-19/h3-13,15,27H,14H2,1-2H3,(H,30,31)(H,32,33)","FDPKNDPIJLVNRD","C29H23NO6","[M + H3N + H]+","CC1=C(C(=O)OC2=CC3=C(C=C12)C(=C(O3)C)C4=CC=CC=C4)CC(=O)NC(C5=CC=CC=C5)C(=O)O","Alkaloids","Isoquinoline alkaloids","Tyrosine alkaloids",NA,NA,NA,NA,NA,NA,NA,NA,NA,NA,NA,NA,NA,NA,NA,NA,NA,NA,NA,NA,NA,NA,NA,NA,NA,NA,NA,0,0.421157684630739,0,0.453093812375249,0,0.407185628742515,0,1
620,"620_1271.53_6.5","NA_[620_1271.53_6.5]",1271.53271006317,6.5352783,0.0379555560838802,1.42072464137717,0.845304707161325,-0.242456611161438,NA,NA,NA,NA,NA,NA,NA,NA,NA,NA,NA,NA,NA,NA,NA,NA,NA,NA,NA,NA,NA,NA,NA,NA,NA,NA,NA,NA,NA,NA,NA,NA,NA,NA,NA,NA,NA,NA,NA,NA,NA,NA,NA,1.00100150250438,0.19560878243513,1.00100150250438,0.203592814371257,1.00100150250438,0.179640718562874,0.00333333333333333,0.998003992015968
623,"623_1271.87_6.5","NA_[623_1271.87_6.5]",1271.86611495449,6.5358815,0.0377790711267385,1.4227487242726,0.866431320254815,-0.206842699633188,NA,NA,NA,0.003,0.003,-375.1,6.07,0.01,"InChI=1S/C80H118O12/c1-53(2)85-32-35-90-73-60-38-56-43-66(76(7,8)9)45-58-40-62-49-69(79(16,17)18)51-64(74(62)91-36-33-86-54(3)4)42-65-52-70(80(19,20)21)50-63(75(65)92-37-34-87-55(5)6)41-59-46-67(77(10,11)12)44-57(39-61(73)48-68(47-60)78(13,14)15)72(59)89-31-29-84-27-25-82-23-22-81-24-26-83-28-30-88-71(56)58/h43-55H,22-42H2,1-21H3","HMFYQQLQZHGNIJ","C80H118O12","[M + H]+","CC(C)OCCOC1=C2CC3=CC(=CC4=C3OCCOCCOCCOCCOCCOC5=C(CC6=C(C(=CC(=C6)C(C)(C)C)C4)OCCOC(C)C)C=C(C=C5CC7=C(C(=CC(=C7)C(C)(C)C)CC1=CC(=C2)C(C)(C)C)OCCOC(C)C)C(C)(C)C)C(C)(C)C","Terpenoids","Triacylglycerols","Glycerolipids",NA,NA,NA,NA,NA,NA,NA,NA,NA,NA,NA,NA,NA,NA,NA,NA,NA,NA,NA,NA,NA,NA,NA,NA,NA,NA,NA,1.00100150250438,0.201596806387226,0,0.437125748502994,1.00100150250438,0.191616766467066,0.0226388888888889,0.956087824351297
657,"657_499.19_6.6","Muraglitazar_[657_499.19_6.6]",499.186631958234,6.622976,0.00573221355080542,2.24167763854531,1.25660901665362,0.3295358371263,"Muraglitazar","Muraglitazar","CHEBI:188851",0.084,0.06,-373.667,25.259,0.487,"InChI=1S/C29H28N2O7/c1-20-26(30-28(37-20)22-6-4-3-5-7-22)16-17-36-24-10-8-21(9-11-24)18-31(19-27(32)33)29(34)38-25-14-12-23(35-2)13-15-25/h3-15H,16-19H2,1-2H3,(H,32,33)","IRLWJILLXJGJTD","C29H28N2O7","[M - H2O + H]+","CC1=C(N=C(O1)C2=CC=CC=C2)CCOC3=CC=C(C=C3)CN(CC(=O)O)C(=O)OC4=CC=C(C=C4)OC","Amino acids and Peptides","Dipeptides","Tyrosine alkaloids",NA,NA,NA,NA,NA,NA,NA,NA,NA,NA,NA,NA,NA,NA,NA,NA,NA,NA,NA,NA,NA,NA,NA,NA,NA,NA,NA,1.00100150250438,0.205588822355289,0,0.455089820359281,1.00100150250438,0.191616766467066,0.0406363636363636,0.862275449101796
658,"658_261.09_6.6","NA_[658_261.09_6.6]",261.087836288417,6.6234703,0.0325511799152064,1.4874332645036,1.22901677226063,0.297504604150064,NA,NA,NA,NA,NA,NA,NA,NA,NA,NA,NA,NA,NA,NA,NA,NA,NA,NA,NA,NA,NA,NA,NA,NA,NA,NA,NA,NA,NA,NA,NA,NA,NA,NA,NA,NA,NA,NA,NA,NA,NA,NA,NA,0,0.427145708582834,0,0.417165668662675,0,0.353293413173653,0.0129722222222222,0.986027944111776
662,"662_497.82_6.6","NA_[662_497.82_6.6]",497.820050386554,6.6215234,0.03904380811311,1.40844783030211,0.759525590563823,-0.396829520867634,NA,NA,NA,NA,NA,NA,NA,NA,NA,NA,NA,NA,NA,NA,NA,NA,NA,NA,NA,NA,NA,NA,NA,NA,NA,NA,NA,NA,NA,NA,NA,NA,NA,NA,NA,NA,NA,NA,NA,NA,NA,NA,NA,1.00100150250438,0.18562874251497,0,0.43313373253493,1.00100150250438,0.167664670658683,0.01225,0.954091816367265
663,"663_345.14_6.6","NA_[663_345.14_6.6]",345.139196618284,6.6331086,0.00356091431055796,2.44843847701364,0.780890304949268,-0.356808193921733,"Desisopropyl butyl torsemide",NA,NA,0.047,0.047,-215.492,24.178,0.462,"InChI=1S/C17H22N4O3S/c1-3-4-9-19-17(22)21-25(23,24)16-12-18-10-8-15(16)20-14-7-5-6-13(2)11-14/h5-8,10-12H,3-4,9H2,1-2H3,(H,18,20)(H2,19,21,22)","YITRQCQYMPXGMU","C17H22N4O3S","[M - H2O + H]+","CCCCNC(=O)NS(=O)(=O)C1=C(C=CN=C1)NC2=CC=CC(=C2)C","Alkaloids","Cyclamides","Tryptophan alkaloids","650.3149709","InChI=1S/C30H50O15/c1-6-8-10-12-21(35)41-24-20(15-32)40-29(26(39-18(5)34)25(24)43-28(38)17(3)4)45-30(16-33)27(23(37)19(14-31)44-30)42-22(36)13-11-9-7-2/h17,19-20,23-27,29,31-33,37H,6-16H2,1-5H3/t19-,20-,23-,24-,25+,26-,27+,29-,30+/m1/s1","BVFYJVCMRWNZTQ-KJCPGIIQSA-N","BVFYJVCMRWNZTQ","CCCCCC(=O)O[C@H]1[C@H](OC(=O)C(C)C)[C@@H](OC(C)=O)[C@@H](O[C@]2(CO)O[C@H](CO)[C@@H](O)[C@@H]2OC(=O)CCCCC)O[C@@H]1CO","C30H50O15","[(2R,3R,4S,5R,6R)-5-acetyloxy-6-[(2S,3S,4R,5R)-3-hexanoyloxy-4-hydroxy-2,5-bis(hydroxymethyl)oxolan-2-yl]oxy-2-(hydroxymethyl)-4-(2-methylpropanoyloxy)oxan-3-yl] hexanoate","http://www.wikidata.org/entity/Q104946533","Terpenoids","nan","Terpenoids","Saccharides","Disaccharides","Solanum neocardenasii","['Eukaryota']","['Archaeplastida']","['Streptophyta']","['Magnoliopsida']","['Solanales']","['Solanaceae']","['Solaneae']","['Solanum']","['Solanum neocardenasii']","nan","3869886.0","http://www.wikidata.org/entity/Q3489197",6,1.49149006258867,0.0838323353293413,0.867573719517653,0.235528942115768,1.22694103769147,0.157684630738523,0.1229,0.0718562874251497
664,"664_183.09_6.6","D-altritol_[664_183.09_6.6]",183.086366619033,6.6344714,0.012165885141026,1.91485628805837,0.813339028864215,-0.298071250205059,"G-Ol","D-altritol","CHEBI:134311",0.792,0.792,-6.21,173.378,1,"InChI=1S/C6H14O6/c7-1-3(9)5(11)6(12)4(10)2-8/h3-12H,1-2H2","FBPFZTCFMRRESA","C6H14O6","[M + H]+","C(C(C(C(C(CO)O)O)O)O)O","Fatty acids","Fatty alcohols","Fatty acyls","182.079038168|150.05282342|150.05282342","InChI=1S/C6H14O6/c7-1-3(9)5(11)6(12)4(10)2-8/h3-12H,1-2H2/t3-,4-,5-,6-/m1/s1|InChI=1S/C5H10O5/c6-1-3(8)5(10)4(9)2-7/h1,3-5,7-10H,2H2/t3-,4-,5+/m1/s1|InChI=1S/C5H10O5/c6-2-1-10-5(9)4(8)3(2)7/h2-9H,1H2/t2-,3-,4+,5-/m1/s1","FBPFZTCFMRRESA-KVTDHHQDSA-N|PYMYPHUHKUWMLA-WDCZJNDASA-N|SRBFZHDQGSBBOR-SQOUGZDYSA-N","FBPFZTCFMRRESA|PYMYPHUHKUWMLA|SRBFZHDQGSBBOR","OC[C@@H](O)[C@@H](O)[C@H](O)[C@H](O)CO|O=C[C@@H](O)[C@H](O)[C@H](O)CO|O[C@H]1[C@H](O)[C@H](O)OC[C@H]1O","C6H14O6|C5H10O5|C5H10O5","Mannitol|(2S,3R,4R)-2,3,4,5-tetrahydroxypentanal|beta-D-Arabinopyranose","http://www.wikidata.org/entity/Q407646|http://www.wikidata.org/entity/Q63398845|http://www.wikidata.org/entity/Q27120750","Carbohydrates|Carbohydrates|Carbohydrates","Saccharides|Saccharides|Saccharides","Carbohydrates","Saccharides","Monosaccharides","Nierembergia linariifolia|Solanum lycopersicum|Capsicum annuum","['Eukaryota']|['Eukaryota']|['Eukaryota']","['Archaeplastida']|['Archaeplastida']|['Archaeplastida']","['Streptophyta']|['Streptophyta']|['Streptophyta']","['Magnoliopsida']|['Magnoliopsida']|['Magnoliopsida']","['Solanales']|['Solanales']|['Solanales']","['Solanaceae']|['Solanaceae']|['Solanaceae']","['Unknown']|['Solaneae']|['Capsiceae']","['Nierembergia']|['Solanum']|['Capsicum']","['Nierembergia linariifolia']|['Solanum lycopersicum']|['Capsicum annuum']","nan|nan|nan","474441.0|378964.0|473836.0","http://www.wikidata.org/entity/Q2245583|http://www.wikidata.org/entity/Q23501|http://www.wikidata.org/entity/Q1380",NA,-1.00100150250438,0.790419161676647,0,0.493013972055888,-1.00100150250438,0.734530938123752,0.049,0.568862275449102
666,"666_605.22_6.6","NA_[666_605.22_6.6]",605.220313215844,6.640428,0.00764313253987924,2.11672860923105,0.819256866747223,-0.287612234863424,"2-(4-{4-[(4-hydroxy-3,5-dimethoxyphenyl)methyl]-3-(hydroxymethyl)oxolan-2-yl}-2,6-dimethoxyphenoxy)-6-(hydroxymethyl)oxane-3,4,5-triol",NA,NA,0.051,0.018,-226.991,22.913,0.131,"InChI=1S/C28H38O13/c1-35-17-6-13(7-18(36-2)22(17)31)5-15-12-39-26(16(15)10-29)14-8-19(37-3)27(20(9-14)38-4)41-28-25(34)24(33)23(32)21(11-30)40-28/h6-9,15-16,21,23-26,28-34H,5,10-12H2,1-4H3","OSPNTYPNEPEMIS","C28H38O13","[M + Na]+","COC1=CC(=CC(=C1O)OC)CC2COC(C2CO)C3=CC(=C(C(=C3)OC)OC4C(C(C(C(O4)CO)O)O)O)OC","Shikimates and Phenylpropanoids","Secoiridoid monoterpenoids","Flavonoids","582.2312412759999","InChI=1S/C28H38O13/c1-36-16-7-13(8-17(37-2)22(16)31)20-15(11-40-28-26(35)25(34)23(32)19(10-30)41-28)14(9-29)5-12-6-18(38-3)24(33)27(39-4)21(12)20/h6-8,14-15,19-20,23,25-26,28-35H,5,9-11H2,1-4H3/t14-,15-,19+,20+,23+,25-,26+,28+/m0/s1","PQQRNPDHSJDAGV-HQSXISOASA-N","PQQRNPDHSJDAGV","COc1cc([C@H]2c3c(cc(OC)c(O)c3OC)C[C@@H](CO)[C@@H]2CO[C@@H]2O[C@H](CO)[C@@H](O)[C@H](O)[C@H]2O)cc(OC)c1O","C28H38O13","(+)-lyoniresinol-3-alpha-O-beta-D-glucopyranoside","http://www.wikidata.org/entity/Q27135222","Shikimates and Phenylpropanoids","Lignans","Shikimates and Phenylpropanoids","Lignans","Arylnaphthalene and aryltetralin lignans","Lycium chinense","['Eukaryota']","['Archaeplastida']","['Streptophyta']","['Magnoliopsida']","['Solanales']","['Solanaceae']","['Lycieae']","['Lycium']","['Lycium chinense']","nan","58730.0","http://www.wikidata.org/entity/Q141303",6,1.72300386905937,0.0718562874251497,1.37457856297529,0.119760479041916,1.67594568898395,0.0918163672654691,0.0651666666666667,0.409181636726547
667,"667_759.27_6.6","NA_[667_759.27_6.6]",759.267737580319,6.6413755,0.0175682380010699,1.75527179370022,1.33313290235081,0.414820612388469,"Streptovirudin A1",NA,NA,0.096,0.096,-447.229,12.779,0.108,"InChI=1S/C30H48N4O16/c1-11(2)5-4-6-16(38)32-19-23(43)20(40)14(47-29(19)50-28-18(31-12(3)36)22(42)21(41)15(10-35)48-28)9-13(37)26-24(44)25(45)27(49-26)34-8-7-17(39)33-30(34)46/h4,6,11,13-15,18-29,35,37,40-45H,5,7-10H2,1-3H3,(H,31,36)(H,32,38)(H,33,39,46)","VFVPUOZOQGGMBI","C30H48N4O16","[M + K]+","CC(C)CC=CC(=O)NC1C(C(C(OC1OC2C(C(C(C(O2)CO)O)O)NC(=O)C)CC(C3C(C(C(O3)N4CCC(=O)NC4=O)O)O)O)O)O","Carbohydrates","Pyrimidine nucleosides","Nucleosides",NA,NA,NA,NA,NA,NA,NA,NA,NA,NA,NA,NA,NA,NA,NA,NA,NA,NA,NA,NA,NA,NA,NA,NA,NA,NA,NA,1.00100150250438,0.193612774451098,1.00100150250438,0.209580838323353,1.00100150250438,0.183632734530938,0.05225,0.602794411177645
673,"673_545.36_6.6","NA_[673_545.36_6.6]",545.357364891445,6.6406174,0.00268446044203773,2.57114299137715,0.739597772766707,-0.435187214687255,"2-methyl-N-[3-[3-(6-methyl-5-oxohept-6-enoxy)-2-[(6-methyl-5-oxohept-6-enoxy)methyl]-2-(2-methylprop-2-enoylamino)propoxy]propyl]prop-2-enamide",NA,NA,0.1,0.1,-290.725,29.537,0.165,"InChI=1S/C31H50N2O7/c1-23(2)27(34)14-9-11-17-38-20-31(33-30(37)26(7)8,21-39-18-12-10-15-28(35)24(3)4)22-40-19-13-16-32-29(36)25(5)6/h1,3,5,7,9-22H2,2,4,6,8H3,(H,32,36)(H,33,37)","YVFGPOQVGSADLB","C31H50N2O7","[M - H2O + H]+","CC(=C)C(=O)CCCCOCC(COCCCCC(=O)C(=C)C)(COCCCNC(=O)C(=C)C)NC(=O)C(=C)C","Amino acids and Peptides","Open-chain polyketides","Linear polyketides","261.184112356","InChI=1S/C15H23N3O/c1-17(2)10-5-8-15(19)18-11-4-7-14(18)13-6-3-9-16-12-13/h3,6,9,12,14H,4-5,7-8,10-11H2,1-2H3","JSMLDRQMULJGNG-UHFFFAOYSA-N","JSMLDRQMULJGNG","CN(C)CCCC(=O)N1CCCC1c1cccnc1","C15H23N3O","4-(Dimethylamino)-1-(2-pyridin-3-ylpyrrolidin-1-yl)butan-1-one","http://www.wikidata.org/entity/Q115952393","Alkaloids","Nicotinic acid alkaloids","Alkaloids","Nicotinic acid alkaloids","Pyridine alkaloids","Nicotiana tabacum","['Eukaryota']","['Archaeplastida']","['Streptophyta']","['Magnoliopsida']","['Solanales']","['Solanaceae']","['Nicotianeae']","['Nicotiana']","['Nicotiana tabacum']","nan","222787.0","http://www.wikidata.org/entity/Q181095",8,2.59164351551127,0.0119760479041916,2.13372969738353,0.029940119760479,2.47202206739246,0.0219560878243513,0.143571428571429,0.0439121756487026
683,"683_750.45_6.7","NA_[683_750.45_6.7]",750.453143772481,6.6926594,0.0024289913266077,2.61457403596191,0.713515948294705,-0.486982418138616,"N-[(R)-3,7-Dimethyloctyl]-N',N''-bis[2-[2-[2-(2-methoxyethoxy)ethoxy]ethoxy]ethyl]-1,3,5-benzenetricarboxamide",NA,NA,0.008,0.008,-374.591,49.352,0.98,"InChI=1S/C37H65N3O11/c1-30(2)7-6-8-31(3)9-10-38-35(41)32-27-33(36(42)39-11-13-46-19-21-50-25-23-48-17-15-44-4)29-34(28-32)37(43)40-12-14-47-20-22-51-26-24-49-18-16-45-5/h27-31H,6-26H2,1-5H3,(H,38,41)(H,39,42)(H,40,43)","FUIMIOFLIRZCJH","C37H65N3O11","[M + Na]+","CC(C)CCCC(C)CCNC(=O)C1=CC(=CC(=C1)C(=O)NCCOCCOCCOCCOC)C(=O)NCCOCCOCCOCCOC","Amino acids and Peptides","Microcolins and mirabimids","Oligopeptides",NA,NA,NA,NA,NA,NA,NA,NA,NA,NA,NA,NA,NA,NA,NA,NA,NA,NA,NA,NA,NA,NA,NA,NA,NA,NA,NA,1.00100150250438,0.229540918163673,0,0.493013972055888,1.00100150250438,0.201596806387226,0.02425,0.764471057884232
687,"687_605.22_6.7","Mirubactin_[687_605.22_6.7]",605.220353240897,6.745613,0.0320033993967307,1.49480388852913,0.779507534884861,-0.359365126501206,"Mirubactin","Mirubactin","CHEBI:218566",0.11,0.11,-457.247,40.05,0.29,"InChI=1S/C26H32N6O11/c27-26(28)29-11-3-7-16(30-22(38)14-5-1-9-18(34)20(14)36)23(39)31-17(24(40)41)8-4-12-32(13-33)43-25(42)15-6-2-10-19(35)21(15)37/h1-2,5-6,9-10,13,16-17,34-37H,3-4,7-8,11-12H2,(H,30,38)(H,31,39)(H,40,41)(H4,27,28,29)","JANBVBCLMZUUHR","C26H32N6O11","[M + H]+","C1=CC(=C(C(=C1)O)O)C(=O)NC(CCCN=C(N)N)C(=O)NC(CCCN(C=O)OC(=O)C2=C(C(=CC=C2)O)O)C(=O)O","Amino acids and Peptides","Linear peptides","Oligopeptides","582.2312412759999","InChI=1S/C28H38O13/c1-36-16-7-13(8-17(37-2)22(16)31)20-15(11-40-28-26(35)25(34)23(32)19(10-30)41-28)14(9-29)5-12-6-18(38-3)24(33)27(39-4)21(12)20/h6-8,14-15,19-20,23,25-26,28-35H,5,9-11H2,1-4H3/t14-,15-,19+,20+,23+,25-,26+,28+/m0/s1","PQQRNPDHSJDAGV-HQSXISOASA-N","PQQRNPDHSJDAGV","COc1cc([C@H]2c3c(cc(OC)c(O)c3OC)C[C@@H](CO)[C@@H]2CO[C@@H]2O[C@H](CO)[C@@H](O)[C@H](O)[C@H]2O)cc(OC)c1O","C28H38O13","(+)-lyoniresinol-3-alpha-O-beta-D-glucopyranoside","http://www.wikidata.org/entity/Q27135222","Shikimates and Phenylpropanoids","Lignans","Shikimates and Phenylpropanoids","Lignans","Arylnaphthalene and aryltetralin lignans","Lycium chinense","['Eukaryota']","['Archaeplastida']","['Streptophyta']","['Magnoliopsida']","['Solanales']","['Solanaceae']","['Lycieae']","['Lycium']","['Lycium chinense']","nan","58730.0","http://www.wikidata.org/entity/Q141303",6,1.00100150250438,0.199600798403194,1.00100150250438,0.201596806387226,1.00100150250438,0.203592814371257,0.015,0.828343313373254
690,"690_183.09_6.8","D-altritol_[690_183.09_6.8]",183.086337777715,6.7560463,0.012362073782629,1.90790866866419,0.817522713070336,-0.290669281611518,"G-Ol","D-altritol","CHEBI:134311",0.302,0.302,-43.64,18.999,1,"InChI=1S/C6H14O6/c7-1-3(9)5(11)6(12)4(10)2-8/h3-12H,1-2H2","FBPFZTCFMRRESA","C6H14O6","[M + H]+","C(C(C(C(C(CO)O)O)O)O)O","Fatty acids","Fatty alcohols","Fatty acyls","182.079038168|150.05282342|150.05282342","InChI=1S/C6H14O6/c7-1-3(9)5(11)6(12)4(10)2-8/h3-12H,1-2H2/t3-,4-,5-,6-/m1/s1|InChI=1S/C5H10O5/c6-1-3(8)5(10)4(9)2-7/h1,3-5,7-10H,2H2/t3-,4-,5+/m1/s1|InChI=1S/C5H10O5/c6-2-1-10-5(9)4(8)3(2)7/h2-9H,1H2/t2-,3-,4+,5-/m1/s1","FBPFZTCFMRRESA-KVTDHHQDSA-N|PYMYPHUHKUWMLA-WDCZJNDASA-N|SRBFZHDQGSBBOR-SQOUGZDYSA-N","FBPFZTCFMRRESA|PYMYPHUHKUWMLA|SRBFZHDQGSBBOR","OC[C@@H](O)[C@@H](O)[C@H](O)[C@H](O)CO|O=C[C@@H](O)[C@H](O)[C@H](O)CO|O[C@H]1[C@H](O)[C@H](O)OC[C@H]1O","C6H14O6|C5H10O5|C5H10O5","Mannitol|(2S,3R,4R)-2,3,4,5-tetrahydroxypentanal|beta-D-Arabinopyranose","http://www.wikidata.org/entity/Q407646|http://www.wikidata.org/entity/Q63398845|http://www.wikidata.org/entity/Q27120750","Carbohydrates|Carbohydrates|Carbohydrates","Saccharides|Saccharides|Saccharides","Carbohydrates","Saccharides","Monosaccharides","Nierembergia linariifolia|Solanum lycopersicum|Capsicum annuum","['Eukaryota']|['Eukaryota']|['Eukaryota']","['Archaeplastida']|['Archaeplastida']|['Archaeplastida']","['Streptophyta']|['Streptophyta']|['Streptophyta']","['Magnoliopsida']|['Magnoliopsida']|['Magnoliopsida']","['Solanales']|['Solanales']|['Solanales']","['Solanaceae']|['Solanaceae']|['Solanaceae']","['Unknown']|['Solaneae']|['Capsiceae']","['Nierembergia']|['Solanum']|['Capsicum']","['Nierembergia linariifolia']|['Solanum lycopersicum']|['Capsicum annuum']","nan|nan|nan","474441.0|378964.0|473836.0","http://www.wikidata.org/entity/Q2245583|http://www.wikidata.org/entity/Q23501|http://www.wikidata.org/entity/Q1380",NA,2.12347602329472,0.0419161676646707,2.38929674141367,0.0159680638722555,2.44204543582019,0.0279441117764471,0.136822510822511,0.06187624750499
691,"691_367.12_6.8","NA_[691_367.12_6.8]",367.1211165921,6.757423,0.0139753702906665,1.85463667624564,0.820968451700154,-0.28460131192234,NA,NA,NA,NA,NA,NA,NA,NA,NA,NA,NA,NA,NA,NA,NA,NA,NA,NA,NA,NA,NA,NA,NA,NA,NA,NA,NA,NA,NA,NA,NA,NA,NA,NA,NA,NA,NA,NA,NA,NA,NA,NA,NA,0.200008000480032,0.383233532934132,1.00100150250438,0.207584830339321,0.359954504625741,0.333333333333333,0.0193055555555556,0.918163672654691
695,"695_365.11_6.9","sucrose_[695_365.11_6.9]",365.106361294218,6.8684006,0.00912234722677206,2.03989340109299,0.814995325641557,-0.295136310013689,"Sucrose","sucrose","CHEBI:17992",0.425,0.425,-36.507,16.937,0.267,"InChI=1S/C12H22O11/c13-1-4-6(16)8(18)9(19)11(21-4)23-12(3-15)10(20)7(17)5(2-14)22-12/h4-11,13-20H,1-3H2","CZMRCDWAGMRECN","C12H22O11","[M + Na]+","C(C1C(C(C(C(O1)OC2(C(C(C(O2)CO)O)O)CO)O)O)O)O","Carbohydrates","Disaccharides","Saccharides","342.116211524","InChI=1S/C12H22O11/c13-1-4-6(16)8(18)9(19)11(21-4)23-12(3-15)10(20)7(17)5(2-14)22-12/h4-11,13-20H,1-3H2/t4-,5-,6-,7-,8+,9-,10+,11-,12+/m1/s1","CZMRCDWAGMRECN-UGDNZRGBSA-N","CZMRCDWAGMRECN","OC[C@H]1O[C@@](CO)(O[C@H]2O[C@H](CO)[C@@H](O)[C@H](O)[C@H]2O)[C@@H](O)[C@@H]1O","C12H22O11","Sucrose","http://www.wikidata.org/entity/Q4027534","Carbohydrates","Saccharides","Carbohydrates","Saccharides","Disaccharides","Nicotiana tabacum","['Eukaryota']","['Archaeplastida']","['Streptophyta']","['Magnoliopsida']","['Solanales']","['Solanaceae']","['Nicotianeae']","['Nicotiana']","['Nicotiana tabacum']","nan","222787.0","http://www.wikidata.org/entity/Q181095",8,2.76059886081896,0.0159680638722555,2.14793159805947,0.0259481037924152,2.69711918741648,0.0179640718562874,0.0959714285714286,0.145708582834331
697,"697_627.2_6.9","Mirubactin_[697_627.2_6.9]",627.20245983262,6.888576,0.0247559878111569,1.60631973980814,0.788007824659341,-0.343718139645835,"Mirubactin","Mirubactin","CHEBI:218566",-Inf,-Inf,-464.587,36.065,0.999,"InChI=1S/C26H32N6O11/c27-26(28)29-11-3-7-16(30-22(38)14-5-1-9-18(34)20(14)36)23(39)31-17(24(40)41)8-4-12-32(13-33)43-25(42)15-6-2-10-19(35)21(15)37/h1-2,5-6,9-10,13,16-17,34-37H,3-4,7-8,11-12H2,(H,30,38)(H,31,39)(H,40,41)(H4,27,28,29)","JANBVBCLMZUUHR","C26H32N6O11","[M + Na]+","C1=CC(=C(C(=C1)O)O)C(=O)NC(CCCN=C(N)N)C(=O)NC(CCCN(C=O)OC(=O)C2=C(C(=CC=C2)O)O)C(=O)O","Amino acids and Peptides","Linear peptides","Oligopeptides","582.2312412759999","InChI=1S/C28H38O13/c1-36-16-7-13(8-17(37-2)22(16)31)20-15(11-40-28-26(35)25(34)23(32)19(10-30)41-28)14(9-29)5-12-6-18(38-3)24(33)27(39-4)21(12)20/h6-8,14-15,19-20,23,25-26,28-35H,5,9-11H2,1-4H3/t14-,15-,19+,20+,23+,25-,26+,28+/m0/s1","PQQRNPDHSJDAGV-HQSXISOASA-N","PQQRNPDHSJDAGV","COc1cc([C@H]2c3c(cc(OC)c(O)c3OC)C[C@@H](CO)[C@@H]2CO[C@@H]2O[C@H](CO)[C@@H](O)[C@H](O)[C@H]2O)cc(OC)c1O","C28H38O13","(+)-lyoniresinol-3-alpha-O-beta-D-glucopyranoside","http://www.wikidata.org/entity/Q27135222","Shikimates and Phenylpropanoids","Lignans","Shikimates and Phenylpropanoids","Lignans","Arylnaphthalene and aryltetralin lignans","Lycium chinense","['Eukaryota']","['Archaeplastida']","['Streptophyta']","['Magnoliopsida']","['Solanales']","['Solanaceae']","['Lycieae']","['Lycium']","['Lycium chinense']","nan","58730.0","http://www.wikidata.org/entity/Q141303",6,1.00100150250438,0.217564870259481,1.00100150250438,0.233532934131737,1.00100150250438,0.201596806387226,0.0649722222222222,0.331337325349301
698,"698_545.36_6.9","NA_[698_545.36_6.9]",545.357629111907,6.879472,0.00743327315340924,2.12881990771385,0.703429230705419,-0.507522808093692,NA,NA,NA,NA,NA,NA,NA,NA,NA,NA,NA,NA,NA,NA,NA,NA,"261.184112356","InChI=1S/C15H23N3O/c1-17(2)10-5-8-15(19)18-11-4-7-14(18)13-6-3-9-16-12-13/h3,6,9,12,14H,4-5,7-8,10-11H2,1-2H3","JSMLDRQMULJGNG-UHFFFAOYSA-N","JSMLDRQMULJGNG","CN(C)CCCC(=O)N1CCCC1c1cccnc1","C15H23N3O","4-(Dimethylamino)-1-(2-pyridin-3-ylpyrrolidin-1-yl)butan-1-one","http://www.wikidata.org/entity/Q115952393","Alkaloids","Nicotinic acid alkaloids","Alkaloids","Nicotinic acid alkaloids","Pyridine alkaloids","Nicotiana tabacum","['Eukaryota']","['Archaeplastida']","['Streptophyta']","['Magnoliopsida']","['Solanales']","['Solanaceae']","['Nicotianeae']","['Nicotiana']","['Nicotiana tabacum']","nan","222787.0","http://www.wikidata.org/entity/Q181095",8,0.242549893096765,0.273453093812375,1.38942503594182,0.0738522954091816,0.837395884141795,0.18562874251497,0.0834,0.127744510978044
700,"700_605.22_6.9","NA_[700_605.22_6.9]",605.220544657533,6.8890276,0.0232909011644877,1.63281370754978,0.816006606378768,-0.293347262603207,"2-(4-{4-[(4-hydroxy-3,5-dimethoxyphenyl)methyl]-3-(hydroxymethyl)oxolan-2-yl}-2,6-dimethoxyphenoxy)-6-(hydroxymethyl)oxane-3,4,5-triol",NA,NA,0.049,0.015,-237.021,27.893,0.111,"InChI=1S/C28H38O13/c1-35-17-6-13(7-18(36-2)22(17)31)5-15-12-39-26(16(15)10-29)14-8-19(37-3)27(20(9-14)38-4)41-28-25(34)24(33)23(32)21(11-30)40-28/h6-9,15-16,21,23-26,28-34H,5,10-12H2,1-4H3","OSPNTYPNEPEMIS","C28H38O13","[M + Na]+","COC1=CC(=CC(=C1O)OC)CC2COC(C2CO)C3=CC(=C(C(=C3)OC)OC4C(C(C(C(O4)CO)O)O)O)OC","Terpenoids","Secoiridoid monoterpenoids","Monoterpenoids","582.2312412759999","InChI=1S/C28H38O13/c1-36-16-7-13(8-17(37-2)22(16)31)20-15(11-40-28-26(35)25(34)23(32)19(10-30)41-28)14(9-29)5-12-6-18(38-3)24(33)27(39-4)21(12)20/h6-8,14-15,19-20,23,25-26,28-35H,5,9-11H2,1-4H3/t14-,15-,19+,20+,23+,25-,26+,28+/m0/s1","PQQRNPDHSJDAGV-HQSXISOASA-N","PQQRNPDHSJDAGV","COc1cc([C@H]2c3c(cc(OC)c(O)c3OC)C[C@@H](CO)[C@@H]2CO[C@@H]2O[C@H](CO)[C@@H](O)[C@H](O)[C@H]2O)cc(OC)c1O","C28H38O13","(+)-lyoniresinol-3-alpha-O-beta-D-glucopyranoside","http://www.wikidata.org/entity/Q27135222","Shikimates and Phenylpropanoids","Lignans","Shikimates and Phenylpropanoids","Lignans","Arylnaphthalene and aryltetralin lignans","Lycium chinense","['Eukaryota']","['Archaeplastida']","['Streptophyta']","['Magnoliopsida']","['Solanales']","['Solanaceae']","['Lycieae']","['Lycium']","['Lycium chinense']","nan","58730.0","http://www.wikidata.org/entity/Q141303",6,0,0.49500998003992,0,0.510978043912176,0,0.431137724550898,0.02215,0.834331337325349
702,"702_367.12_6.9","NA_[702_367.12_6.9]",367.121277322505,6.894228,0.0395044440496082,1.40335404569863,0.851176287012477,-0.232470135643698,NA,NA,NA,NA,NA,NA,NA,NA,NA,NA,NA,NA,NA,NA,NA,NA,"288.099773612","InChI=1S/C16H16O5/c1-20-10-3-5-11(14(18)7-10)13-8-21-15-6-9(17)2-4-12(15)16(13)19/h2-7,13,16-19H,8H2,1H3/t13-,16+/m0/s1","YZBBUYKPTHDZHF-XJKSGUPXSA-N","YZBBUYKPTHDZHF","COc1ccc([C@@H]2COc3cc(O)ccc3[C@H]2O)c(O)c1","C16H16O5","(3R,4S)-3-(2-hydroxy-4-methoxyphenyl)-3,4-dihydro-2H-chromene-4,7-diol","http://www.wikidata.org/entity/Q105369099","Shikimates and Phenylpropanoids","Isoflavonoids","Shikimates and Phenylpropanoids","Isoflavonoids","Pterocarpan","Solanum lyratum","['Eukaryota']","['Archaeplastida']","['Streptophyta']","['Magnoliopsida']","['Solanales']","['Solanaceae']","['Solaneae']","['Solanum']","['Solanum lyratum']","nan","693272.0","http://www.wikidata.org/entity/Q5769249",6,0,0.439121756487026,0,0.421157684630739,0,0.367265469061876,0,1
703,"703_383.1_6.9","2-O-(alpha-D-Manp)-D-Man-OH_[703_383.1_6.9]",383.095028348714,6.894228,0.0480556740468384,1.31825532679359,0.862823242560983,-0.212863054833333,"5-{[3,4,5-trihydroxy-6-(hydroxymethyl)oxan-2-yl]oxy}hexane-1,2,3,4,6-pentol","2-O-(alpha-D-Manp)-D-Man-OH","CHEBI:146940",0.353,0.258,-63.259,28.994,0.026,"InChI=1S/C12H24O11/c13-1-4(16)7(17)8(18)5(2-14)22-12-11(21)10(20)9(19)6(3-15)23-12/h4-21H,1-3H2","LSRAJKPAPWYOQO","C12H24O11","[M + K]+","C(C1C(C(C(C(O1)OC(CO)C(C(C(CO)O)O)O)O)O)O)O","Carbohydrates","Disaccharides","Saccharides",NA,NA,NA,NA,NA,NA,NA,NA,NA,NA,NA,NA,NA,NA,NA,NA,NA,NA,NA,NA,NA,NA,NA,NA,NA,NA,NA,0,0.465069860279441,0,0.459081836327345,0,0.405189620758483,0,1
704,"704_362.17_6.9","NA_[704_362.17_6.9]",362.16654144412,6.894748,0.0367982399691695,1.43417295279271,0.841707714779799,-0.248608754284182,"7-propyl-9-[(2S,3S,4R)-2,3,4,5-tetrahydroxypentyl]-3H-purine-2,6,8-trione",NA,NA,0.355,0.355,-120.739,133.155,0.319,"InChI=1S/C13H20N4O7/c1-2-3-16-8-10(14-12(23)15-11(8)22)17(13(16)24)4-6(19)9(21)7(20)5-18/h6-7,9,18-21H,2-5H2,1H3,(H2,14,15,22,23)","VJQJDBABJHUNLH","C13H20N4O7","[M + H3N + H]+","CCCN1C2=C(NC(=O)NC2=O)N(C1=O)CC(C(C(CO)O)O)O","Carbohydrates","Purine nucleosides","Nucleosides",NA,NA,NA,NA,NA,NA,NA,NA,NA,NA,NA,NA,NA,NA,NA,NA,NA,NA,NA,NA,NA,NA,NA,NA,NA,NA,NA,0,0.491017964071856,0,0.463073852295409,0,0.409181636726547,0.01575,0.952095808383233
707,"707_183.09_6.9","D-altritol_[707_183.09_6.9]",183.086364287374,6.8952804,0.0423444370785538,1.37320363621345,0.843114431513293,-0.246199640976404,"G-Ol","D-altritol","CHEBI:134311",0.794,0.794,-6.698,137.529,1,"InChI=1S/C6H14O6/c7-1-3(9)5(11)6(12)4(10)2-8/h3-12H,1-2H2","FBPFZTCFMRRESA","C6H14O6","[M + H]+","C(C(C(C(C(CO)O)O)O)O)O","Fatty acids","Fatty alcohols","Fatty acyls","182.079038168|150.05282342|150.05282342","InChI=1S/C6H14O6/c7-1-3(9)5(11)6(12)4(10)2-8/h3-12H,1-2H2/t3-,4-,5-,6-/m1/s1|InChI=1S/C5H10O5/c6-1-3(8)5(10)4(9)2-7/h1,3-5,7-10H,2H2/t3-,4-,5+/m1/s1|InChI=1S/C5H10O5/c6-2-1-10-5(9)4(8)3(2)7/h2-9H,1H2/t2-,3-,4+,5-/m1/s1","FBPFZTCFMRRESA-KVTDHHQDSA-N|PYMYPHUHKUWMLA-WDCZJNDASA-N|SRBFZHDQGSBBOR-SQOUGZDYSA-N","FBPFZTCFMRRESA|PYMYPHUHKUWMLA|SRBFZHDQGSBBOR","OC[C@@H](O)[C@@H](O)[C@H](O)[C@H](O)CO|O=C[C@@H](O)[C@H](O)[C@H](O)CO|O[C@H]1[C@H](O)[C@H](O)OC[C@H]1O","C6H14O6|C5H10O5|C5H10O5","Mannitol|(2S,3R,4R)-2,3,4,5-tetrahydroxypentanal|beta-D-Arabinopyranose","http://www.wikidata.org/entity/Q407646|http://www.wikidata.org/entity/Q63398845|http://www.wikidata.org/entity/Q27120750","Carbohydrates|Carbohydrates|Carbohydrates","Saccharides|Saccharides|Saccharides","Carbohydrates","Saccharides","Monosaccharides","Nierembergia linariifolia|Solanum lycopersicum|Capsicum annuum","['Eukaryota']|['Eukaryota']|['Eukaryota']","['Archaeplastida']|['Archaeplastida']|['Archaeplastida']","['Streptophyta']|['Streptophyta']|['Streptophyta']","['Magnoliopsida']|['Magnoliopsida']|['Magnoliopsida']","['Solanales']|['Solanales']|['Solanales']","['Solanaceae']|['Solanaceae']|['Solanaceae']","['Unknown']|['Solaneae']|['Capsiceae']","['Nierembergia']|['Solanum']|['Capsicum']","['Nierembergia linariifolia']|['Solanum lycopersicum']|['Capsicum annuum']","nan|nan|nan","474441.0|378964.0|473836.0","http://www.wikidata.org/entity/Q2245583|http://www.wikidata.org/entity/Q23501|http://www.wikidata.org/entity/Q1380",NA,0,0.508982035928144,0,0.489021956087824,0,0.435129740518962,0,1
708,"708_711.25_6.9","NA_[708_711.25_6.9]",711.253677345421,6.894291,0.0220815799135267,1.65596985652348,0.799868092132975,-0.322165993032813,"3-[2,2-diamino-1-(6-{[14,15-dimethoxy-3-({1H,5H-pyrrolo[3,4-b]pyrrol-5-yl}methyl)-8,17-dioxatetracyclo[8.7.0.0²,⁷.0¹¹,¹⁶]heptadeca-2,4,6,11(16),12,14-hexaen-5-yl]oxy}-3,4,5-trihydroxyoxan-2-yl)ethoxy]-3-oxopropanoic acid",NA,NA,0.047,0.047,-584.343,29.06,0.05,"InChI=1S/C34H38N4O13/c1-45-20-4-3-17-18-13-47-21-8-16(48-34-27(44)25(42)26(43)31(51-34)32(33(35)36)49-23(41)9-22(39)40)7-15(11-38-10-14-5-6-37-19(14)12-38)24(21)28(18)50-29(17)30(20)46-2/h3-8,10,12,18,25-28,31-34,37,42-44H,9,11,13,35-36H2,1-2H3,(H,39,40)","JFNYSUCWSKPXNW","C34H38N4O13","[M + H]+","COC1=C(C2=C(C=C1)C3COC4=CC(=CC(=C4C3O2)CN5C=C6C=CNC6=C5)OC7C(C(C(C(O7)C(C(N)N)OC(=O)CC(=O)O)O)O)O)OC","Amino acids and Peptides","Cyclic peptides","Oligopeptides",NA,NA,NA,NA,NA,NA,NA,NA,NA,NA,NA,NA,NA,NA,NA,NA,NA,NA,NA,NA,NA,NA,NA,NA,NA,NA,NA,0,0.463073852295409,1.00100150250438,0.183632734530938,1.00100150250438,0.177644710578842,0.01225,0.952095808383233
715,"715_365.11_7","NA_[715_365.11_7]",365.1059422992,6.9993205,0.00311517300436883,2.50651782933985,0.708388929350505,-0.497386428952146,"Lykurim",NA,NA,0.089,0.089,-200.421,22.801,0.741,"InChI=1S/C10H24N2O8S2/c1-21(15,16)19-5-3-11-7-9(13)10(14)8-12-4-6-20-22(2,17)18/h9-14H,3-8H2,1-2H3","BYZJBHCTZJGJFV","C10H24N2O8S2","[M + H]+","CS(=O)(=O)OCCNCC(C(CNCCOS(=O)(=O)C)O)O","Amino acids and Peptides","N-acyl amines","Small peptides",NA,NA,NA,NA,NA,NA,NA,NA,NA,NA,NA,NA,NA,NA,NA,NA,NA,NA,NA,NA,NA,NA,NA,NA,NA,NA,NA,0,0.522954091816367,0,0.516966067864271,0,0.44311377245509,0.00366666666666667,0.972055888223553
722,"722_531.34_7.2","NA_[722_531.34_7.2]",531.342269067001,7.2293215,0.00527032057759785,2.27816296716936,0.670896674634941,-0.575837502038873,"N-[7-(dimethylamino)-4,4-bis[4-(dimethylamino)phenyl]-3,1-benzoxazin-2-yl]-2,2-dimethylpropanamide",NA,NA,0.019,0.019,-265.739,17.147,0.105,"InChI=1S/C31H39N5O2/c1-30(2,3)28(37)33-29-32-27-20-25(36(8)9)18-19-26(27)31(38-29,21-10-14-23(15-11-21)34(4)5)22-12-16-24(17-13-22)35(6)7/h10-20H,1-9H3,(H,32,33,37)","ZLZCSECSWRSQSK","C31H39N5O2","[M + H3N + H]+","CC(C)(C)C(=O)NC1=NC2=C(C=CC(=C2)N(C)C)C(O1)(C3=CC=C(C=C3)N(C)C)C4=CC=C(C=C4)N(C)C","Alkaloids","Pyrroloindole alkaloids","Tryptophan alkaloids",NA,NA,NA,NA,NA,NA,NA,NA,NA,NA,NA,NA,NA,NA,NA,NA,NA,NA,NA,NA,NA,NA,NA,NA,NA,NA,NA,0,0.652694610778443,0,0.630738522954092,0,0.560878243512974,0.0238166666666667,0.437125748502994
735,"735_529.17_7.8","NA_[735_529.17_7.8]",529.174415753012,7.7654862,0.0097782859050879,2.0097372686485,0.799337830953752,-0.32312272435882,"1,6-bis({[3,4,5-trihydroxy-6-(hydroxymethyl)oxan-2-yl]oxy})hexane-2,3,4,5-tetrol",NA,NA,0.232,0.207,-32.594,13.903,0.378,"InChI=1S/C18H34O16/c19-1-7-11(25)13(27)15(29)17(33-7)31-3-5(21)9(23)10(24)6(22)4-32-18-16(30)14(28)12(26)8(2-20)34-18/h5-30H,1-4H2","MCJYGWIJVVVJHZ","C18H34O16","[M + Na]+","C(C1C(C(C(C(O1)OCC(C(C(C(COC2C(C(C(C(O2)CO)O)O)O)O)O)O)O)O)O)O)O","Carbohydrates","Disaccharides","Saccharides",NA,NA,NA,NA,NA,NA,NA,NA,NA,NA,NA,NA,NA,NA,NA,NA,NA,NA,NA,NA,NA,NA,NA,NA,NA,NA,NA,1.00100150250438,0.203592814371257,0,0.48502994011976,1.00100150250438,0.201596806387226,0.0564444444444444,0.499001996007984
